"data/dan_0.dat";0;"9 12 14 16 17 18 19 20";8;0.268921;dtwext;data/dan_0.dat;0;4000;800;11;0.75;1;50;0.05;1;1;0.1;0;1.2;0.3;0.3;0;2;1e-005;0.0001;0.0001;0.0001;0.0001;0.268921;0;0;0;0;0;0;0;0;1;0;0;1;0;1;0;1;1;1;1;1;0;0;0;0;0;0;0;0;0;0;0;0;0;0;0;0;0;0;0;0;0;0;0;0;0;0;0;0;0;0;0;0;0;0;0;0;0;0;0;0;0;0;0;0;0;0;0;0;0;0;0;0;0;0;0;0;0;0;0;0;0;0;0;0;0;0;0;0;0;0;0;0;0;0;0;0;0;0;0;0;0;0;0;0;0;0;0;0;0;0;0;0;0;0;0;0;0;0;0;0;0;0;0;0;0;0;0;0;0;0;0;0;0;0;0;0;0;0;0;0;0;0;0;0;0;0;0;0;0;0;0;0;0;0;0;0;0;0;0;0;0;0;0;0;0;0;0;0;0;0;0;0;0;0;0;0;0;0;0;0;0;0;0;0;0;0;0;0;0.289817;0;0;0;0;0;0;0.710183;0;0;0;0;0;0;0;0;0;0;0;0;0;0;0;0;0;0;0;0;0;0;0;0;0;0;0;0;0;0;0;0;0;0;0;0;0;0;0;0;0;0;0;0;0;0;0;0;0;0;0;0;0.161863;0;0;0.210643;0;0;0;0.620843;0;0;0.00665188;0;0;0;0;0;0;0;0;0;0;0;0;0;0;0;0;0;0;0;0;0;0;0;0;0;0;0;0;0;0.237778;0;0;0.0888889;0;0.0555556;0;0.524444;0.0155556;0.0177778;0.06;0;0;0;0;0;0;0;0;0;0;0;0;0;0;0;0;0;0;0;0;0;0;0;0;0;0;0;0;0;0.164671;0;0;0.0389222;0;0;0;0.796407;0;0;0;0;0;0;0;0;0;0;0;0;0.0733333;0;0;0.0111111;0;0;0;0.402222;0.282222;0;0.231111;0;0;0;0;0;0;0;0;0;0.192053;0;0;0.101545;0;0;0;0.498896;0.0110375;0.192053;0.00441501;0;0;0;0;0;0;0;0;0;0.210177;0;0;0.0287611;0;0;0;0.515487;0.10177;0.00663717;0.137168;0;0;0;0;0;0;0;0;0;0.0736607;0;0;0.0357143;0;0;0;0.683036;0.00892857;0;0.0111607;0.1875
"data/dan_45.dat";0;"9 12 14 16 17 18 19 20";8;0.194034;dtwext;data/dan_0.dat;0;4000;800;11;0.75;1;50;0.05;1;1;0.1;0;1.2;0.3;0.3;0;2;1e-005;0.0001;0.0001;0.0001;0.0001;0.194034;0;0;0;0;0;0;0;0;1;0;0;1;0;1;0;1;1;1;1;1;0;0;0;0;0;0;0;0;0;0;0;0;0;0;0;0;0;0;0;0;0;0;0;0;0;0;0;0;0;0;0;0;0;0;0;0;0;0;0;0;0;0;0;0;0;0;0;0;0;0;0;0;0;0;0;0;0;0;0;0;0;0;0;0;0;0;0;0;0;0;0;0;0;0;0;0;0;0;0;0;0;0;0;0;0;0;0;0;0;0;0;0;0;0;0;0;0;0;0;0;0;0;0;0;0;0;0;0;0;0;0;0;0;0;0;0;0;0;0;0;0;0;0;0;0;0;0;0;0;0;0;0;0;0;0;0;0;0;0;0;0;0;0;0;0;0;0;0;0;0;0;0;0;0;0;0;0;0;0;0;0;0;0;0;0;0;0;0;0.101562;0;0;0;0;0;0;0.747396;0;0;0;0.151042;0;0;0;0;0;0;0;0;0;0;0;0;0;0;0;0;0;0;0;0;0;0;0;0;0;0;0;0;0;0;0;0;0;0;0;0;0;0;0;0;0;0;0;0;0;0;0;0;0.0110619;0;0;0;0;0;0;0.988938;0;0;0;0;0;0;0;0;0;0;0;0;0;0;0;0;0;0;0;0;0;0;0;0;0;0;0;0;0;0;0;0;0.0333333;0;0;0;0;0;0;0.884444;0.00888889;0;0.0733333;0;0;0;0;0;0;0;0;0;0;0;0;0;0;0;0;0;0;0;0;0;0;0;0;0;0;0;0;0;0;0;0;0;0;0;0;0.994012;0.00598802;0;0;0;0;0;0;0;0;0;0;0;0;0;0;0;0;0;0;0.612832;0.216814;0;0.168142;0.00221239;0;0;0;0;0;0;0;0;0;0;0;0;0;0;0;0.853982;0.00221239;0;0.106195;0.0376106;0;0;0;0;0;0;0;0;0.0176991;0;0;0;0;0;0;0.683628;0.154867;0;0.132743;0.0110619;0;0;0;0;0;0;0;0;0;0;0;0;0;0;0;0.883929;0;0;0.00892857;0.107143
"data/dan_90.dat";0;"9 12 14 16 17 18 19 20";8;0.120575;dtwext;data/dan_0.dat;0;4000;800;11;0.75;1;50;0.05;1;1;0.1;0;1.2;0.3;0.3;0;2;1e-005;0.0001;0.0001;0.0001;0.0001;0.120575;0;0;0;0;0;0;0;0;1;0;0;1;0;1;0;1;1;1;1;1;0;0;0;0;0;0;0;0;0;0;0;0;0;0;0;0;0;0;0;0;0;0;0;0;0;0;0;0;0;0;0;0;0;0;0;0;0;0;0;0;0;0;0;0;0;0;0;0;0;0;0;0;0;0;0;0;0;0;0;0;0;0;0;0;0;0;0;0;0;0;0;0;0;0;0;0;0;0;0;0;0;0;0;0;0;0;0;0;0;0;0;0;0;0;0;0;0;0;0;0;0;0;0;0;0;0;0;0;0;0;0;0;0;0;0;0;0;0;0;0;0;0;0;0;0;0;0;0;0;0;0;0;0;0;0;0;0;0;0;0;0;0;0;0;0;0;0;0;0;0;0;0;0;0;0;0;0;0;0;0;0;0;0;0;0;0;0;0;0;0;0;0;0;0;0;1;0;0;0;0;0;0;0;0;0;0;0;0;0;0;0;0;0;0;0;0;0;0;0;0;0;0;0;0;0;0;0;0;0;0;0;0;0;0;0;0;0;0;0;0;0;0;0;0;0;0;0;0;0;0;0;0;0;0;0;1;0;0;0;0;0;0;0;0;0;0;0;0;0;0;0;0;0;0;0;0;0;0;0;0;0;0;0;0;0;0;0;0;0;0;0;0;0;0;0;1;0;0;0;0;0;0;0;0;0;0;0;0;0;0;0;0;0;0;0;0;0;0;0;0;0;0;0;0;0;0;0;0;0.0176991;0;0;0.00884956;0;0;0;0.964602;0;0;0;0.00884956;0;0;0;0;0;0;0;0;0;0;0;0;0;0;0;0.991131;0;0;0;0.00886918;0;0;0;0;0;0;0;0;0;0;0;0;0;0;0;1;0;0;0;0;0;0;0;0;0;0;0;0;0;0;0;0;0;0;0;1;0;0;0;0;0;0;0;0;0;0;0;0;0;0;0;0;0;0;0;1;0;0;0;0
"data/jan_0.dat";0;"9 12 14 16 17 18 19 20";8;0.195972;dtwext;data/dan_0.dat;0;4000;800;11;0.75;1;50;0.05;1;1;0.1;0;1.2;0.3;0.3;0;2;1e-005;0.0001;0.0001;0.0001;0.0001;0.195972;0;0;0;0;0;0;0;0;1;0;0;1;0;1;0;1;1;1;1;1;0;0;0;0;0;0;0;0;0;0;0;0;0;0;0;0;0;0;0;0;0;0;0;0;0;0;0;0;0;0;0;0;0;0;0;0;0;0;0;0;0;0;0;0;0;0;0;0;0;0;0;0;0;0;0;0;0;0;0;0;0;0;0;0;0;0;0;0;0;0;0;0;0;0;0;0;0;0;0;0;0;0;0;0;0;0;0;0;0;0;0;0;0;0;0;0;0;0;0;0;0;0;0;0;0;0;0;0;0;0;0;0;0;0;0;0;0;0;0;0;0;0;0;0;0;0;0;0;0;0;0;0;0;0;0;0;0;0;0;0;0;0;0;0;0;0;0;0;0;0;0;0;0;0;0;0;0;0;0;0;0;0;0;0;0;0;0;0;0.325581;0;0;0;0;0;0;0.627907;0.0465116;0;0;0;0;0;0;0;0;0;0;0;0;0;0;0;0;0;0;0;0;0;0;0;0;0;0;0;0;0;0;0;0;0;0;0;0;0;0;0;0;0;0;0;0;0;0;0;0;0;0;0;0.0484582;0;0;0.182819;0;0;0;0.698238;0.0154185;0;0.0550661;0;0;0;0;0;0;0;0;0;0;0;0;0;0;0;0;0;0;0;0;0;0;0;0;0;0;0;0;0;0.224444;0;0;0.168889;0;0;0;0.606667;0;0;0;0;0;0;0;0;0;0;0;0;0;0;0;0;0;0;0;0;0;0;0;0;0;0;0;0;0;0;0;0;0.191176;0;0;0.114706;0;0;0;0.694118;0;0;0;0;0;0;0;0;0;0;0;0;0.184035;0;0;0.0909091;0;0;0;0.605322;0.097561;0;0.0221729;0;0;0;0;0;0;0;0;0;0.123894;0;0;0.168142;0;0;0;0.557522;0.00442478;0.146018;0;0;0;0;0;0;0;0;0;0;0.163717;0;0;0.0464602;0;0.0420354;0;0.422566;0.20354;0.00663717;0.115044;0;0;0;0;0;0;0;0;0;0.267699;0;0;0.106195;0;0.00884956;0;0.588496;0.0154867;0;0.00663717;0.00663717
"data/jan_45.dat";0;"9 12 14 16 17 18 19 20";8;0.124789;dtwext;data/dan_0.dat;0;4000;800;11;0.75;1;50;0.05;1;1;0.1;0;1.2;0.3;0.3;0;2;1e-005;0.0001;0.0001;0.0001;0.0001;0.124789;0;0;0;0;0;0;0;0;1;0;0;1;0;1;0;1;1;1;1;1;0;0;0;0;0;0;0;0;0;0;0;0;0;0;0;0;0;0;0;0;0;0;0;0;0;0;0;0;0;0;0;0;0;0;0;0;0;0;0;0;0;0;0;0;0;0;0;0;0;0;0;0;0;0;0;0;0;0;0;0;0;0;0;0;0;0;0;0;0;0;0;0;0;0;0;0;0;0;0;0;0;0;0;0;0;0;0;0;0;0;0;0;0;0;0;0;0;0;0;0;0;0;0;0;0;0;0;0;0;0;0;0;0;0;0;0;0;0;0;0;0;0;0;0;0;0;0;0;0;0;0;0;0;0;0;0;0;0;0;0;0;0;0;0;0;0;0;0;0;0;0;0;0;0;0;0;0;0;0;0;0;0;0;0;0;0;0;0;0;0;0;0;0;0;0;1;0;0;0;0;0;0;0;0;0;0;0;0;0;0;0;0;0;0;0;0;0;0;0;0;0;0;0;0;0;0;0;0;0;0;0;0;0;0;0;0;0;0;0;0;0;0;0;0;0;0;0;0;0.0421286;0;0;0.0509978;0;0;0;0.804878;0.0332594;0;0.0687361;0;0;0;0;0;0;0;0;0;0;0;0;0;0;0;0;0;0;0;0;0;0;0;0;0;0;0;0;0;0;0;0;0;0;0;0;0.824834;0.0864745;0;0.0886918;0;0;0;0;0;0;0;0;0;0;0;0;0;0;0;0;0;0;0;0;0;0;0;0;0;0;0;0;0;0;0;0;0;0;0;0;0.903226;0.0146628;0;0.058651;0.0234604;0;0;0;0;0;0;0;0;0;0;0;0;0;0;0;0.942731;0.0352423;0;0.0220264;0;0;0;0;0;0;0;0;0;0;0;0;0;0;0;0;0.922395;0;0;0.0110865;0.0665189;0;0;0;0;0;0;0;0;0;0;0;0;0;0;0;0.977876;0.0132743;0;0.00884956;0;0;0;0;0;0;0;0;0;0;0;0;0;0;0;0;0.988938;0;0;0.0110619;0
"data/jan_90.dat";0;"9 12 14 16 17 18 19 20";8;0.125;dtwext;data/dan_0.dat;0;4000;800;11;0.75;1;50;0.05;1;1;0.1;0;1.2;0.3;0.3;0;2;1e-005;0.0001;0.0001;0.0001;0.0001;0.125;0;0;0;0;0;0;0;0;1;0;0;1;0;1;0;1;1;1;1;1;0;0;0;0;0;0;0;0;0;0;0;0;0;0;0;0;0;0;0;0;0;0;0;0;0;0;0;0;0;0;0;0;0;0;0;0;0;0;0;0;0;0;0;0;0;0;0;0;0;0;0;0;0;0;0;0;0;0;0;0;0;0;0;0;0;0;0;0;0;0;0;0;0;0;0;0;0;0;0;0;0;0;0;0;0;0;0;0;0;0;0;0;0;0;0;0;0;0;0;0;0;0;0;0;0;0;0;0;0;0;0;0;0;0;0;0;0;0;0;0;0;0;0;0;0;0;0;0;0;0;0;0;0;0;0;0;0;0;0;0;0;0;0;0;0;0;0;0;0;0;0;0;0;0;0;0;0;0;0;0;0;0;0;0;0;0;0;0;0;0;0;0;0;0;0;1;0;0;0;0;0;0;0;0;0;0;0;0;0;0;0;0;0;0;0;0;0;0;0;0;0;0;0;0;0;0;0;0;0;0;0;0;0;0;0;0;0;0;0;0;0;0;0;0;0;0;0;0;0;0;0;0;0;0;0;1;0;0;0;0;0;0;0;0;0;0;0;0;0;0;0;0;0;0;0;0;0;0;0;0;0;0;0;0;0;0;0;0;0;0;0;0;0;0;0;1;0;0;0;0;0;0;0;0;0;0;0;0;0;0;0;0;0;0;0;0;0;0;0;0;0;0;0;0;0;0;0;0;0;0;0;0;0;0;0;1;0;0;0;0;0;0;0;0;0;0;0;0;0;0;0;0;0;0;0;1;0;0;0;0;0;0;0;0;0;0;0;0;0;0;0;0;0;0;0;1;0;0;0;0;0;0;0;0;0;0;0;0;0;0;0;0;0;0;0;1;0;0;0;0;0;0;0;0;0;0;0;0;0;0;0;0;0;0;0;1;0;0;0;0
"data/lien_0.dat";0;"9 12 14 16 17 18 19 20";8;0.197418;dtwext;data/dan_0.dat;0;4000;800;11;0.75;1;50;0.05;1;1;0.1;0;1.2;0.3;0.3;0;2;1e-005;0.0001;0.0001;0.0001;0.0001;0.197418;0;0;0;0;0;0;0;0;1;0;0;1;0;1;0;1;1;1;1;1;0;0;0;0;0;0;0;0;0;0;0;0;0;0;0;0;0;0;0;0;0;0;0;0;0;0;0;0;0;0;0;0;0;0;0;0;0;0;0;0;0;0;0;0;0;0;0;0;0;0;0;0;0;0;0;0;0;0;0;0;0;0;0;0;0;0;0;0;0;0;0;0;0;0;0;0;0;0;0;0;0;0;0;0;0;0;0;0;0;0;0;0;0;0;0;0;0;0;0;0;0;0;0;0;0;0;0;0;0;0;0;0;0;0;0;0;0;0;0;0;0;0;0;0;0;0;0;0;0;0;0;0;0;0;0;0;0;0;0;0;0;0;0;0;0;0;0;0;0;0;0;0;0;0;0;0;0;0;0;0;0;0;0;0;0;0;0;0;0.307494;0;0;0.0180879;0;0;0;0.656331;0;0;0.00258398;0.0155039;0;0;0;0;0;0;0;0;0;0;0;0;0;0;0;0;0;0;0;0;0;0;0;0;0;0;0;0;0;0;0;0;0;0;0;0;0;0;0;0;0;0;0;0;0;0;0;0;0.0530973;0;0;0.19469;0;0;0;0.674779;0;0;0.0774336;0;0;0;0;0;0;0;0;0;0;0;0;0;0;0;0;0;0;0;0;0;0;0;0;0;0;0;0;0;0.283186;0;0;0.126106;0;0.183628;0;0.358407;0.0353982;0.0132743;0;0;0;0;0;0;0;0;0;0;0;0;0;0;0;0;0;0;0;0;0;0;0;0;0;0;0;0;0;0;0.254438;0;0;0.0857988;0;0.0236686;0;0.636095;0;0;0;0;0;0;0;0;0;0;0;0;0.221729;0;0;0.0509978;0;0;0;0.552106;0.115299;0;0.059867;0;0;0;0;0;0;0;0;0;0.186667;0;0;0.0466667;0;0.0111111;0;0.615556;0.00222222;0.117778;0;0.02;0;0;0;0;0;0;0;0;0.227876;0;0;0.137168;0;0.123894;0;0.411504;0.0774336;0.00884956;0.0132743;0;0;0;0;0;0;0;0;0;0.305987;0;0;0.075388;0;0.0221729;0;0.576497;0.00886918;0;0;0.0110865
"data/lien_45.dat";0;"9 12 14 16 17 18 19 20";8;0.137474;dtwext;data/dan_0.dat;0;4000;800;11;0.75;1;50;0.05;1;1;0.1;0;1.2;0.3;0.3;0;2;1e-005;0.0001;0.0001;0.0001;0.0001;0.137474;0;0;0;0;0;0;0;0;1;0;0;1;0;1;0;1;1;1;1;1;0;0;0;0;0;0;0;0;0;0;0;0;0;0;0;0;0;0;0;0;0;0;0;0;0;0;0;0;0;0;0;0;0;0;0;0;0;0;0;0;0;0;0;0;0;0;0;0;0;0;0;0;0;0;0;0;0;0;0;0;0;0;0;0;0;0;0;0;0;0;0;0;0;0;0;0;0;0;0;0;0;0;0;0;0;0;0;0;0;0;0;0;0;0;0;0;0;0;0;0;0;0;0;0;0;0;0;0;0;0;0;0;0;0;0;0;0;0;0;0;0;0;0;0;0;0;0;0;0;0;0;0;0;0;0;0;0;0;0;0;0;0;0;0;0;0;0;0;0;0;0;0;0;0;0;0;0;0;0;0;0;0;0;0;0;0;0;0;0.0310078;0;0;0;0;0;0;0.943152;0;0;0;0.0258398;0;0;0;0;0;0;0;0;0;0;0;0;0;0;0;0;0;0;0;0;0;0;0;0;0;0;0;0;0;0;0;0;0;0;0;0;0;0;0;0;0;0;0;0;0;0;0;0;0;0;0;0;0;0;0;0.993378;0.00662252;0;0;0;0;0;0;0;0;0;0;0;0;0;0;0;0;0;0;0;0;0;0;0;0;0;0;0;0;0;0;0;0;0;0;0;0;0;0;1;0;0;0;0;0;0;0;0;0;0;0;0;0;0;0;0;0;0;0;0;0;0;0;0;0;0;0;0;0;0;0;0;0;0;0;0;0;0;0;1;0;0;0;0;0;0;0;0;0;0;0;0;0;0;0;0;0;0;0;0.951219;0.0487805;0;0;0;0;0;0;0;0;0;0;0;0;0;0;0;0;0;0;0.84106;0.013245;0;0.0242826;0.121413;0;0;0;0;0;0;0;0;0;0;0;0;0;0;0;0.917778;0.0444444;0;0.02;0.0177778;0;0;0;0;0;0;0;0;0;0;0;0;0;0;0;1;0;0;0;0
"data/lien_90.dat";0;"9 12 14 16 17 18 19 20";8;0.125;dtwext;data/dan_0.dat;0;4000;800;11;0.75;1;50;0.05;1;1;0.1;0;1.2;0.3;0.3;0;2;1e-005;0.0001;0.0001;0.0001;0.0001;0.125;0;0;0;0;0;0;0;0;1;0;0;1;0;1;0;1;1;1;1;1;0;0;0;0;0;0;0;0;0;0;0;0;0;0;0;0;0;0;0;0;0;0;0;0;0;0;0;0;0;0;0;0;0;0;0;0;0;0;0;0;0;0;0;0;0;0;0;0;0;0;0;0;0;0;0;0;0;0;0;0;0;0;0;0;0;0;0;0;0;0;0;0;0;0;0;0;0;0;0;0;0;0;0;0;0;0;0;0;0;0;0;0;0;0;0;0;0;0;0;0;0;0;0;0;0;0;0;0;0;0;0;0;0;0;0;0;0;0;0;0;0;0;0;0;0;0;0;0;0;0;0;0;0;0;0;0;0;0;0;0;0;0;0;0;0;0;0;0;0;0;0;0;0;0;0;0;0;0;0;0;0;0;0;0;0;0;0;0;0;0;0;0;0;0;0;1;0;0;0;0;0;0;0;0;0;0;0;0;0;0;0;0;0;0;0;0;0;0;0;0;0;0;0;0;0;0;0;0;0;0;0;0;0;0;0;0;0;0;0;0;0;0;0;0;0;0;0;0;0;0;0;0;0;0;0;1;0;0;0;0;0;0;0;0;0;0;0;0;0;0;0;0;0;0;0;0;0;0;0;0;0;0;0;0;0;0;0;0;0;0;0;0;0;0;0;1;0;0;0;0;0;0;0;0;0;0;0;0;0;0;0;0;0;0;0;0;0;0;0;0;0;0;0;0;0;0;0;0;0;0;0;0;0;0;0;1;0;0;0;0;0;0;0;0;0;0;0;0;0;0;0;0;0;0;0;1;0;0;0;0;0;0;0;0;0;0;0;0;0;0;0;0;0;0;0;1;0;0;0;0;0;0;0;0;0;0;0;0;0;0;0;0;0;0;0;1;0;0;0;0;0;0;0;0;0;0;0;0;0;0;0;0;0;0;0;1;0;0;0;0
"data/maki_0.dat";0;"9 12 14 16 17 18 19 20";8;0.123986;dtwext;data/dan_0.dat;0;4000;800;11;0.75;1;50;0.05;1;1;0.1;0;1.2;0.3;0.3;0;2;1e-005;0.0001;0.0001;0.0001;0.0001;0.123986;0;0;0;0;0;0;0;0;1;0;0;1;0;1;0;1;1;1;1;1;0;0;0;0;0;0;0;0;0;0;0;0;0;0;0;0;0;0;0;0;0;0;0;0;0;0;0;0;0;0;0;0;0;0;0;0;0;0;0;0;0;0;0;0;0;0;0;0;0;0;0;0;0;0;0;0;0;0;0;0;0;0;0;0;0;0;0;0;0;0;0;0;0;0;0;0;0;0;0;0;0;0;0;0;0;0;0;0;0;0;0;0;0;0;0;0;0;0;0;0;0;0;0;0;0;0;0;0;0;0;0;0;0;0;0;0;0;0;0;0;0;0;0;0;0;0;0;0;0;0;0;0;0;0;0;0;0;0;0;0;0;0;0;0;0;0;0;0;0;0;0;0;0;0;0;0;0;0;0;0;0;0;0;0;0;0;0;0;0;0;0;0;0;0.283117;0;0.716883;0;0;0;0;0;0;0;0;0;0;0;0;0;0;0;0;0;0;0;0;0;0;0;0;0;0;0;0;0;0;0;0;0;0;0;0;0;0;0;0;0;0;0;0;0;0;0;0;0;0;0;0;0.0331858;0;0;0;0;0.0243363;0;0.853982;0.0884956;0;0;0;0;0;0;0;0;0;0;0;0;0;0;0;0;0;0;0;0;0;0;0;0;0;0;0;0;0;0;0;0.0199115;0;0;0;0;0.0309735;0;0.685841;0.263274;0;0;0;0;0;0;0;0;0;0;0;0;0;0;0;0;0;0;0;0;0;0;0;0;0;0;0;0;0;0;0;0.0471976;0;0;0;0;0.185841;0;0.693215;0.0737463;0;0;0;0;0;0;0;0;0;0;0;0.00884956;0;0;0;0;0.0331858;0;0.690265;0.267699;0;0;0;0;0;0;0;0;0;0;0;0.269911;0;0;0;0;0.0265487;0;0.681416;0.0221239;0;0;0;0;0;0;0;0;0;0;0;0.00443459;0;0;0;0;0.10643;0;0.665188;0.223947;0;0;0;0;0;0;0;0;0;0;0;0.148889;0;0;0;0;0.0688889;0;0.757778;0.0244444;0;0;0
"data/maki_45.dat";0;"9 12 14 16 17 18 19 20";8;0.121432;dtwext;data/dan_0.dat;0;4000;800;11;0.75;1;50;0.05;1;1;0.1;0;1.2;0.3;0.3;0;2;1e-005;0.0001;0.0001;0.0001;0.0001;0.121432;0;0;0;0;0;0;0;0;1;0;0;1;0;1;0;1;1;1;1;1;0;0;0;0;0;0;0;0;0;0;0;0;0;0;0;0;0;0;0;0;0;0;0;0;0;0;0;0;0;0;0;0;0;0;0;0;0;0;0;0;0;0;0;0;0;0;0;0;0;0;0;0;0;0;0;0;0;0;0;0;0;0;0;0;0;0;0;0;0;0;0;0;0;0;0;0;0;0;0;0;0;0;0;0;0;0;0;0;0;0;0;0;0;0;0;0;0;0;0;0;0;0;0;0;0;0;0;0;0;0;0;0;0;0;0;0;0;0;0;0;0;0;0;0;0;0;0;0;0;0;0;0;0;0;0;0;0;0;0;0;0;0;0;0;0;0;0;0;0;0;0;0;0;0;0;0;0;0;0;0;0;0;0;0;0;0;0;0;0;0;0;0;0;0.19171;0;0.80829;0;0;0;0;0;0;0;0;0;0;0;0;0;0;0;0;0;0;0;0;0;0;0;0;0;0;0;0;0;0;0;0;0;0;0;0;0;0;0;0;0;0;0;0;0;0;0;0;0;0;0;0;0;0;0;0;0;0;0;1;0;0;0;0;0;0;0;0;0;0;0;0;0;0;0;0;0;0;0;0;0;0;0;0;0;0;0;0;0;0;0;0;0;0;0;0;0;0.202222;0;0.797778;0;0;0;0;0;0;0;0;0;0;0;0;0;0;0;0;0;0;0;0;0;0;0;0;0;0;0;0;0;0;0;0;0;0;0;0;0;0.230769;0;0.769231;0;0;0;0;0;0;0;0;0;0;0;0;0;0;0;0;0;0.206208;0;0.793792;0;0;0;0;0;0;0;0;0;0;0;0;0.0949227;0;0;0;0;0.18543;0;0.719647;0;0;0;0;0;0;0;0;0;0;0;0;0;0;0;0;0;0.312639;0;0.687361;0;0;0;0;0;0;0;0;0;0;0;0;0.123894;0;0;0;0;0.10177;0;0.774336;0;0;0;0
"data/maki_90.dat";0;"9 12 14 16 17 18 19 20";8;0.125;dtwext;data/dan_0.dat;0;4000;800;11;0.75;1;50;0.05;1;1;0.1;0;1.2;0.3;0.3;0;2;1e-005;0.0001;0.0001;0.0001;0.0001;0.125;0;0;0;0;0;0;0;0;1;0;0;1;0;1;0;1;1;1;1;1;0;0;0;0;0;0;0;0;0;0;0;0;0;0;0;0;0;0;0;0;0;0;0;0;0;0;0;0;0;0;0;0;0;0;0;0;0;0;0;0;0;0;0;0;0;0;0;0;0;0;0;0;0;0;0;0;0;0;0;0;0;0;0;0;0;0;0;0;0;0;0;0;0;0;0;0;0;0;0;0;0;0;0;0;0;0;0;0;0;0;0;0;0;0;0;0;0;0;0;0;0;0;0;0;0;0;0;0;0;0;0;0;0;0;0;0;0;0;0;0;0;0;0;0;0;0;0;0;0;0;0;0;0;0;0;0;0;0;0;0;0;0;0;0;0;0;0;0;0;0;0;0;0;0;0;0;0;0;0;0;0;0;0;0;0;0;0;0;0;0;0;0;0;0;0;1;0;0;0;0;0;0;0;0;0;0;0;0;0;0;0;0;0;0;0;0;0;0;0;0;0;0;0;0;0;0;0;0;0;0;0;0;0;0;0;0;0;0;0;0;0;0;0;0;0;0;0;0;0;0;0;0;0;0;0;1;0;0;0;0;0;0;0;0;0;0;0;0;0;0;0;0;0;0;0;0;0;0;0;0;0;0;0;0;0;0;0;0;0;0;0;0;0;0;0;1;0;0;0;0;0;0;0;0;0;0;0;0;0;0;0;0;0;0;0;0;0;0;0;0;0;0;0;0;0;0;0;0;0;0;0;0;0;0;0;1;0;0;0;0;0;0;0;0;0;0;0;0;0;0;0;0;0;0;0;1;0;0;0;0;0;0;0;0;0;0;0;0;0;0;0;0;0;0;0;1;0;0;0;0;0;0;0;0;0;0;0;0;0;0;0;0;0;0;0;1;0;0;0;0;0;0;0;0;0;0;0;0;0;0;0;0;0;0;0;1;0;0;0;0
"data/marco_0.dat";0;"9 12 14 16 17 18 19 20";8;0.179078;dtwext;data/dan_0.dat;0;4000;800;11;0.75;1;50;0.05;1;1;0.1;0;1.2;0.3;0.3;0;2;1e-005;0.0001;0.0001;0.0001;0.0001;0.179078;0;0;0;0;0;0;0;0;1;0;0;1;0;1;0;1;1;1;1;1;0;0;0;0;0;0;0;0;0;0;0;0;0;0;0;0;0;0;0;0;0;0;0;0;0;0;0;0;0;0;0;0;0;0;0;0;0;0;0;0;0;0;0;0;0;0;0;0;0;0;0;0;0;0;0;0;0;0;0;0;0;0;0;0;0;0;0;0;0;0;0;0;0;0;0;0;0;0;0;0;0;0;0;0;0;0;0;0;0;0;0;0;0;0;0;0;0;0;0;0;0;0;0;0;0;0;0;0;0;0;0;0;0;0;0;0;0;0;0;0;0;0;0;0;0;0;0;0;0;0;0;0;0;0;0;0;0;0;0;0;0;0;0;0;0;0;0;0;0;0;0;0;0;0;0;0;0;0;0;0;0;0;0;0;0;0;0;0;0.257812;0;0;0;0;0.0208333;0;0.682292;0.03125;0.0078125;0;0;0;0;0;0;0;0;0;0;0;0;0;0;0;0;0;0;0;0;0;0;0;0;0;0;0;0;0;0;0;0;0;0;0;0;0;0;0;0;0;0;0;0;0;0;0;0;0;0;0.0382883;0;0;0.0585586;0;0.322072;0;0.572072;0;0.00900901;0;0;0;0;0;0;0;0;0;0;0;0;0;0;0;0;0;0;0;0;0;0;0;0;0;0;0;0;0;0;0.0354767;0;0;0.113082;0;0.292683;0;0.558758;0;0;0;0;0;0;0;0;0;0;0;0;0;0;0;0;0;0;0;0;0;0;0;0;0;0;0;0;0;0;0;0;0.186186;0;0;0.018018;0;0.153153;0;0.558559;0;0.0840841;0;0;0;0;0;0;0;0;0;0;0.0451467;0;0;0.0519187;0;0.286682;0;0.451467;0.164786;0;0;0;0;0;0;0;0;0;0;0;0.209354;0;0;0.00445434;0;0.173719;0;0.503341;0.00890869;0.100223;0;0;0;0;0;0;0;0;0;0;0.0432802;0;0;0.0933941;0;0.298405;0;0.441913;0.102506;0.0205011;0;0;0;0;0;0;0;0;0;0;0.276644;0;0;0.0340136;0;0.0861678;0;0.600907;0.00226757;0;0;0
"data/marco_45.dat";0;"9 12 14 16 17 18 19 20";8;0.149944;dtwext;data/dan_0.dat;0;4000;800;11;0.75;1;50;0.05;1;1;0.1;0;1.2;0.3;0.3;0;2;1e-005;0.0001;0.0001;0.0001;0.0001;0.149944;0;0;0;0;0;0;0;0;1;0;0;1;0;1;0;1;1;1;1;1;0;0;0;0;0;0;0;0;0;0;0;0;0;0;0;0;0;0;0;0;0;0;0;0;0;0;0;0;0;0;0;0;0;0;0;0;0;0;0;0;0;0;0;0;0;0;0;0;0;0;0;0;0;0;0;0;0;0;0;0;0;0;0;0;0;0;0;0;0;0;0;0;0;0;0;0;0;0;0;0;0;0;0;0;0;0;0;0;0;0;0;0;0;0;0;0;0;0;0;0;0;0;0;0;0;0;0;0;0;0;0;0;0;0;0;0;0;0;0;0;0;0;0;0;0;0;0;0;0;0;0;0;0;0;0;0;0;0;0;0;0;0;0;0;0;0;0;0;0;0;0;0;0;0;0;0;0;0;0;0;0;0;0;0;0;0;0;0;0;0;0;0;0;0;0;1;0;0;0;0;0;0;0;0;0;0;0;0;0;0;0;0;0;0;0;0;0;0;0;0;0;0;0;0;0;0;0;0;0;0;0;0;0;0;0;0;0;0;0;0;0;0;0;0;0;0;0;0;0;0;0;0;0;0;0;0.92936;0.0573951;0;0.013245;0;0;0;0;0;0;0;0;0;0;0;0;0;0;0;0;0;0;0;0;0;0;0;0;0;0;0;0;0;0;0;0;0;0;0;0;0.946903;0;0;0.0530973;0;0;0;0;0;0;0;0;0;0;0;0;0;0;0;0;0;0;0;0;0;0;0;0;0;0;0;0;0;0;0;0;0;0;0;0;0.97929;0;0;0.0207101;0;0;0;0;0;0;0;0;0;0;0;0;0;0;0;0;0.629956;0.209251;0;0.160793;0;0;0;0;0;0;0;0;0;0;0;0;0;0;0;0;0.735099;0.145695;0;0.0220751;0.0971302;0;0;0;0;0;0;0;0;0;0;0;0;0;0;0;0.885463;0.103524;0;0.0110132;0;0;0;0;0;0;0;0;0;0;0;0;0;0;0;0;0.862222;0.137778;0;0;0
"data/marco_90.dat";0;"9 12 14 16 17 18 19 20";8;0.125;dtwext;data/dan_0.dat;0;4000;800;11;0.75;1;50;0.05;1;1;0.1;0;1.2;0.3;0.3;0;2;1e-005;0.0001;0.0001;0.0001;0.0001;0.125;0;0;0;0;0;0;0;0;1;0;0;1;0;1;0;1;1;1;1;1;0;0;0;0;0;0;0;0;0;0;0;0;0;0;0;0;0;0;0;0;0;0;0;0;0;0;0;0;0;0;0;0;0;0;0;0;0;0;0;0;0;0;0;0;0;0;0;0;0;0;0;0;0;0;0;0;0;0;0;0;0;0;0;0;0;0;0;0;0;0;0;0;0;0;0;0;0;0;0;0;0;0;0;0;0;0;0;0;0;0;0;0;0;0;0;0;0;0;0;0;0;0;0;0;0;0;0;0;0;0;0;0;0;0;0;0;0;0;0;0;0;0;0;0;0;0;0;0;0;0;0;0;0;0;0;0;0;0;0;0;0;0;0;0;0;0;0;0;0;0;0;0;0;0;0;0;0;0;0;0;0;0;0;0;0;0;0;0;0;0;0;0;0;0;0;1;0;0;0;0;0;0;0;0;0;0;0;0;0;0;0;0;0;0;0;0;0;0;0;0;0;0;0;0;0;0;0;0;0;0;0;0;0;0;0;0;0;0;0;0;0;0;0;0;0;0;0;0;0;0;0;0;0;0;0;0.982262;0.0177384;0;0;0;0;0;0;0;0;0;0;0;0;0;0;0;0;0;0;0;0;0;0;0;0;0;0;0;0;0;0;0;0;0;0;0;0;0;0;1;0;0;0;0;0;0;0;0;0;0;0;0;0;0;0;0;0;0;0;0;0;0;0;0;0;0;0;0;0;0;0;0;0;0;0;0;0;0;0;1;0;0;0;0;0;0;0;0;0;0;0;0;0;0;0;0;0;0;0;1;0;0;0;0;0;0;0;0;0;0;0;0;0;0;0;0;0;0;0;1;0;0;0;0;0;0;0;0;0;0;0;0;0;0;0;0;0;0;0;1;0;0;0;0;0;0;0;0;0;0;0;0;0;0;0;0;0;0;0;1;0;0;0;0
"data/nico_0.dat";0;"9 12 14 16 17 18 19 20";8;0.155031;dtwext;data/dan_0.dat;0;4000;800;11;0.75;1;50;0.05;1;1;0.1;0;1.2;0.3;0.3;0;2;1e-005;0.0001;0.0001;0.0001;0.0001;0.155031;0;0;0;0;0;0;0;0;1;0;0;1;0;1;0;1;1;1;1;1;0;0;0;0;0;0;0;0;0;0;0;0;0;0;0;0;0;0;0;0;0;0;0;0;0;0;0;0;0;0;0;0;0;0;0;0;0;0;0;0;0;0;0;0;0;0;0;0;0;0;0;0;0;0;0;0;0;0;0;0;0;0;0;0;0;0;0;0;0;0;0;0;0;0;0;0;0;0;0;0;0;0;0;0;0;0;0;0;0;0;0;0;0;0;0;0;0;0;0;0;0;0;0;0;0;0;0;0;0;0;0;0;0;0;0;0;0;0;0;0;0;0;0;0;0;0;0;0;0;0;0;0;0;0;0;0;0;0;0;0;0;0;0;0;0;0;0;0;0;0;0;0;0;0;0;0;0;0;0;0;0;0;0;0;0;0;0;0;0.0385604;0;0;0;0;0;0;0.96144;0;0;0;0;0;0;0;0;0;0;0;0;0;0;0;0;0;0;0;0;0;0;0;0;0;0;0;0;0;0;0;0;0;0;0;0;0;0;0;0;0;0;0;0;0;0;0;0;0;0;0;0;0;0;0;0.0511111;0;0;0;0.948889;0;0;0;0;0;0;0;0;0;0;0;0;0;0;0;0;0;0;0;0;0;0;0;0;0;0;0;0;0;0;0;0;0.0199115;0;0;0.130531;0;0;0;0.849558;0;0;0;0;0;0;0;0;0;0;0;0;0;0;0;0;0;0;0;0;0;0;0;0;0;0;0;0;0;0;0;0;0;0;0;0;0;0;0;1;0;0;0;0;0;0;0;0;0;0;0;0;0.02;0;0;0.00888889;0;0;0;0.971111;0;0;0;0;0;0;0;0;0;0;0;0;0.0511111;0;0;0.142222;0;0;0;0.704444;0;0.102222;0;0;0;0;0;0;0;0;0;0;0.0575221;0;0;0.108407;0;0;0;0.829646;0;0.00442478;0;0;0;0;0;0;0;0;0;0;0;0;0;0.021978;0;0;0;0.92967;0;0;0;0.0483516
"data/nico_45.dat";0;"9 12 14 16 17 18 19 20";8;0.15511;dtwext;data/dan_0.dat;0;4000;800;11;0.75;1;50;0.05;1;1;0.1;0;1.2;0.3;0.3;0;2;1e-005;0.0001;0.0001;0.0001;0.0001;0.15511;0;0;0;0;0;0;0;0;1;0;0;1;0;1;0;1;1;1;1;1;0;0;0;0;0;0;0;0;0;0;0;0;0;0;0;0;0;0;0;0;0;0;0;0;0;0;0;0;0;0;0;0;0;0;0;0;0;0;0;0;0;0;0;0;0;0;0;0;0;0;0;0;0;0;0;0;0;0;0;0;0;0;0;0;0;0;0;0;0;0;0;0;0;0;0;0;0;0;0;0;0;0;0;0;0;0;0;0;0;0;0;0;0;0;0;0;0;0;0;0;0;0;0;0;0;0;0;0;0;0;0;0;0;0;0;0;0;0;0;0;0;0;0;0;0;0;0;0;0;0;0;0;0;0;0;0;0;0;0;0;0;0;0;0;0;0;0;0;0;0;0;0;0;0;0;0;0;0;0;0;0;0;0;0;0;0;0;0;0;0;0;0;0;0;0;1;0;0;0;0;0;0;0;0;0;0;0;0;0;0;0;0;0;0;0;0;0;0;0;0;0;0;0;0;0;0;0;0;0;0;0;0;0;0;0;0;0;0;0;0;0;0;0;0;0;0;0;0;0;0;0;0;0;0;0;0.964602;0.0353982;0;0;0;0;0;0;0;0;0;0;0;0;0;0;0;0;0;0;0;0;0;0;0;0;0;0;0;0;0;0;0;0.00443459;0;0;0;0;0;0;0.995565;0;0;0;0;0;0;0;0;0;0;0;0;0;0;0;0;0;0;0;0;0;0;0;0;0;0;0;0;0;0;0;0;0;0;0;0;0;0;0;1;0;0;0;0;0;0;0;0;0;0;0;0;0;0;0;0;0;0;0;0.927152;0.0573951;0;0.0154525;0;0;0;0;0;0;0;0;0;0;0;0;0;0;0;0;1;0;0;0;0;0;0;0;0;0;0;0;0;0.00662252;0;0;0;0;0;0;0.799117;0.128035;0;0.0662252;0;0;0;0;0;0;0;0;0;0.00663717;0;0;0;0;0;0;0.876106;0;0;0;0.117257
"data/nico_90.dat";0;"9 12 14 16 17 18 19 20";8;0.125;dtwext;data/dan_0.dat;0;4000;800;11;0.75;1;50;0.05;1;1;0.1;0;1.2;0.3;0.3;0;2;1e-005;0.0001;0.0001;0.0001;0.0001;0.125;0;0;0;0;0;0;0;0;1;0;0;1;0;1;0;1;1;1;1;1;0;0;0;0;0;0;0;0;0;0;0;0;0;0;0;0;0;0;0;0;0;0;0;0;0;0;0;0;0;0;0;0;0;0;0;0;0;0;0;0;0;0;0;0;0;0;0;0;0;0;0;0;0;0;0;0;0;0;0;0;0;0;0;0;0;0;0;0;0;0;0;0;0;0;0;0;0;0;0;0;0;0;0;0;0;0;0;0;0;0;0;0;0;0;0;0;0;0;0;0;0;0;0;0;0;0;0;0;0;0;0;0;0;0;0;0;0;0;0;0;0;0;0;0;0;0;0;0;0;0;0;0;0;0;0;0;0;0;0;0;0;0;0;0;0;0;0;0;0;0;0;0;0;0;0;0;0;0;0;0;0;0;0;0;0;0;0;0;0;0;0;0;0;0;0;1;0;0;0;0;0;0;0;0;0;0;0;0;0;0;0;0;0;0;0;0;0;0;0;0;0;0;0;0;0;0;0;0;0;0;0;0;0;0;0;0;0;0;0;0;0;0;0;0;0;0;0;0;0;0;0;0;0;0;0;0.938053;0.0619469;0;0;0;0;0;0;0;0;0;0;0;0;0;0;0;0;0;0;0;0;0;0;0;0;0;0;0;0;0;0;0;0;0;0;0;0;0;0;1;0;0;0;0;0;0;0;0;0;0;0;0;0;0;0;0;0;0;0;0;0;0;0;0;0;0;0;0;0;0;0;0;0;0;0;0;0;0;0;1;0;0;0;0;0;0;0;0;0;0;0;0;0;0;0;0;0;0;0;1;0;0;0;0;0;0;0;0;0;0;0;0;0;0;0;0;0;0;0;1;0;0;0;0;0;0;0;0;0;0;0;0;0;0;0;0;0;0;0;1;0;0;0;0;0;0;0;0;0;0;0;0;0;0;0;0;0;0;0;1;0;0;0;0
"data/suzanne_0.dat";0;"9 12 14 16 17 18 19 20";8;0.203258;dtwext;data/dan_0.dat;0;4000;800;11;0.75;1;50;0.05;1;1;0.1;0;1.2;0.3;0.3;0;2;1e-005;0.0001;0.0001;0.0001;0.0001;0.203258;0;0;0;0;0;0;0;0;1;0;0;1;0;1;0;1;1;1;1;1;0;0;0;0;0;0;0;0;0;0;0;0;0;0;0;0;0;0;0;0;0;0;0;0;0;0;0;0;0;0;0;0;0;0;0;0;0;0;0;0;0;0;0;0;0;0;0;0;0;0;0;0;0;0;0;0;0;0;0;0;0;0;0;0;0;0;0;0;0;0;0;0;0;0;0;0;0;0;0;0;0;0;0;0;0;0;0;0;0;0;0;0;0;0;0;0;0;0;0;0;0;0;0;0;0;0;0;0;0;0;0;0;0;0;0;0;0;0;0;0;0;0;0;0;0;0;0;0;0;0;0;0;0;0;0;0;0;0;0;0;0;0;0;0;0;0;0;0;0;0;0;0;0;0;0;0;0;0;0;0;0;0;0;0;0;0;0;0;0.174026;0;0;0;0;0;0;0.690909;0.0779221;0;0.0571429;0;0;0;0;0;0;0;0;0;0;0;0;0;0;0;0;0;0;0;0;0;0;0;0;0;0;0;0;0;0;0;0;0;0;0;0;0;0;0;0;0;0;0;0;0;0;0;0;0;0.0112613;0;0;0.0653153;0;0.00900901;0;0.75;0.108108;0;0.0563063;0;0;0;0;0;0;0;0;0;0;0;0;0;0;0;0;0;0;0;0;0;0;0;0;0;0;0;0;0;0.274376;0;0;0.00226757;0;0;0;0.621315;0.0136054;0;0.0884354;0;0;0;0;0;0;0;0;0;0;0;0;0;0;0;0;0;0;0;0;0;0;0;0;0;0;0;0;0;0.0558824;0;0;0.0176471;0;0;0;0.894118;0.00588235;0;0.0264706;0;0;0;0;0;0;0;0;0;0.0955556;0;0;0;0;0;0;0.548889;0.235556;0;0.12;0;0;0;0;0;0;0;0;0;0.168161;0;0;0.0515695;0;0;0;0.695067;0.00448431;0.0605381;0.0201794;0;0;0;0;0;0;0;0;0;0.0627803;0;0;0;0;0;0;0.533632;0.2713;0.00672646;0.125561;0;0;0;0;0;0;0;0;0;0.166297;0;0;0;0;0.0243902;0;0.718404;0.0155211;0;0.00443459;0.0709534
"data/suzanne_45.dat";0;"9 12 14 16 17 18 19 20";8;0.145321;dtwext;data/dan_0.dat;0;4000;800;11;0.75;1;50;0.05;1;1;0.1;0;1.2;0.3;0.3;0;2;1e-005;0.0001;0.0001;0.0001;0.0001;0.145321;0;0;0;0;0;0;0;0;1;0;0;1;0;1;0;1;1;1;1;1;0;0;0;0;0;0;0;0;0;0;0;0;0;0;0;0;0;0;0;0;0;0;0;0;0;0;0;0;0;0;0;0;0;0;0;0;0;0;0;0;0;0;0;0;0;0;0;0;0;0;0;0;0;0;0;0;0;0;0;0;0;0;0;0;0;0;0;0;0;0;0;0;0;0;0;0;0;0;0;0;0;0;0;0;0;0;0;0;0;0;0;0;0;0;0;0;0;0;0;0;0;0;0;0;0;0;0;0;0;0;0;0;0;0;0;0;0;0;0;0;0;0;0;0;0;0;0;0;0;0;0;0;0;0;0;0;0;0;0;0;0;0;0;0;0;0;0;0;0;0;0;0;0;0;0;0;0;0;0;0;0;0;0;0;0;0;0;0;0.0128866;0;0;0;0;0;0;0.938144;0;0;0.0489691;0;0;0;0;0;0;0;0;0;0;0;0;0;0;0;0;0;0;0;0;0;0;0;0;0;0;0;0;0;0;0;0;0;0;0;0;0;0;0;0;0;0;0;0;0;0;0;0;0;0;0;0;0;0;0;0;0.885714;0.0989011;0;0.0043956;0.010989;0;0;0;0;0;0;0;0;0;0;0;0;0;0;0;0;0;0;0;0;0;0;0;0;0;0;0;0;0;0;0;0;0;0;0;0.993348;0;0;0.00665188;0;0;0;0;0;0;0;0;0;0;0;0;0;0;0;0;0;0;0;0;0;0;0;0;0;0;0;0;0;0;0;0;0;0;0;0;0.955621;0;0;0.0236686;0.0207101;0;0;0;0;0;0;0;0;0;0;0;0;0;0;0;0.766004;0.0949227;0;0.130243;0.00883002;0;0;0;0;0;0;0;0;0;0;0;0;0;0;0;0.888889;0.0288889;0;0.0244444;0.0577778;0;0;0;0;0;0;0;0;0;0;0;0;0;0;0;0.814978;0.0881057;0;0.0969163;0;0;0;0;0;0;0;0;0;0;0;0;0;0;0;0;0.933481;0.0643016;0;0;0.00221729
"data/suzanne_90.dat";0;"9 12 14 16 17 18 19 20";8;0.125;dtwext;data/dan_0.dat;0;4000;800;11;0.75;1;50;0.05;1;1;0.1;0;1.2;0.3;0.3;0;2;1e-005;0.0001;0.0001;0.0001;0.0001;0.125;0;0;0;0;0;0;0;0;1;0;0;1;0;1;0;1;1;1;1;1;0;0;0;0;0;0;0;0;0;0;0;0;0;0;0;0;0;0;0;0;0;0;0;0;0;0;0;0;0;0;0;0;0;0;0;0;0;0;0;0;0;0;0;0;0;0;0;0;0;0;0;0;0;0;0;0;0;0;0;0;0;0;0;0;0;0;0;0;0;0;0;0;0;0;0;0;0;0;0;0;0;0;0;0;0;0;0;0;0;0;0;0;0;0;0;0;0;0;0;0;0;0;0;0;0;0;0;0;0;0;0;0;0;0;0;0;0;0;0;0;0;0;0;0;0;0;0;0;0;0;0;0;0;0;0;0;0;0;0;0;0;0;0;0;0;0;0;0;0;0;0;0;0;0;0;0;0;0;0;0;0;0;0;0;0;0;0;0;0;0;0;0;0;0;0;1;0;0;0;0;0;0;0;0;0;0;0;0;0;0;0;0;0;0;0;0;0;0;0;0;0;0;0;0;0;0;0;0;0;0;0;0;0;0;0;0;0;0;0;0;0;0;0;0;0;0;0;0;0;0;0;0;0;0;0;1;0;0;0;0;0;0;0;0;0;0;0;0;0;0;0;0;0;0;0;0;0;0;0;0;0;0;0;0;0;0;0;0;0;0;0;0;0;0;0;1;0;0;0;0;0;0;0;0;0;0;0;0;0;0;0;0;0;0;0;0;0;0;0;0;0;0;0;0;0;0;0;0;0;0;0;0;0;0;0;1;0;0;0;0;0;0;0;0;0;0;0;0;0;0;0;0;0;0;0;1;0;0;0;0;0;0;0;0;0;0;0;0;0;0;0;0;0;0;0;1;0;0;0;0;0;0;0;0;0;0;0;0;0;0;0;0;0;0;0;1;0;0;0;0;0;0;0;0;0;0;0;0;0;0;0;0;0;0;0;1;0;0;0;0
"data/mirjam_0.dat";0;"9 12 14 16 17 18 19 20";8;0.175565;dtwext;data/dan_0.dat;0;4000;800;11;0.75;1;50;0.05;1;1;0.1;0;1.2;0.3;0.3;0;2;1e-005;0.0001;0.0001;0.0001;0.0001;0.175565;0;0;0;0;0;0;0;0;1;0;0;1;0;1;0;1;1;1;1;1;0;0;0;0;0;0;0;0;0;0;0;0;0;0;0;0;0;0;0;0;0;0;0;0;0;0;0;0;0;0;0;0;0;0;0;0;0;0;0;0;0;0;0;0;0;0;0;0;0;0;0;0;0;0;0;0;0;0;0;0;0;0;0;0;0;0;0;0;0;0;0;0;0;0;0;0;0;0;0;0;0;0;0;0;0;0;0;0;0;0;0;0;0;0;0;0;0;0;0;0;0;0;0;0;0;0;0;0;0;0;0;0;0;0;0;0;0;0;0;0;0;0;0;0;0;0;0;0;0;0;0;0;0;0;0;0;0;0;0;0;0;0;0;0;0;0;0;0;0;0;0;0;0;0;0;0;0;0;0;0;0;0;0;0;0;0;0;0;0.127551;0;0;0;0;0.0739796;0;0.612245;0.170918;0;0.0153061;0;0;0;0;0;0;0;0;0;0;0;0;0;0;0;0;0;0;0;0;0;0;0;0;0;0;0;0;0;0;0;0;0;0;0;0;0;0;0;0;0;0;0;0;0;0;0;0;0;0.00222717;0;0;0;0;0.267261;0;0.730512;0;0;0;0;0;0;0;0;0;0;0;0;0;0;0;0;0;0;0;0;0;0;0;0;0;0;0;0;0;0;0;0;0.0444444;0;0;0.0288889;0;0.308889;0;0.6;0.0177778;0;0;0;0;0;0;0;0;0;0;0;0;0;0;0;0;0;0;0;0;0;0;0;0;0;0;0;0;0;0;0;0.227139;0;0;0;0;0.0855457;0;0.681416;0.0058997;0;0;0;0;0;0;0;0;0;0;0;0.0244444;0;0;0;0;0.206667;0;0.493333;0.268889;0;0.00666667;0;0;0;0;0;0;0;0;0;0.203091;0;0;0;0;0.0485651;0;0.748344;0;0;0;0;0;0;0;0;0;0;0;0;0.00444444;0;0;0;0;0.131111;0;0.562222;0.284444;0;0.0177778;0;0;0;0;0;0;0;0;0;0.112832;0;0;0;0;0.108407;0;0.747788;0.0309735;0;0;0
"data/mirjam_45.dat";0;"9 12 14 16 17 18 19 20";8;0.145512;dtwext;data/dan_0.dat;0;4000;800;11;0.75;1;50;0.05;1;1;0.1;0;1.2;0.3;0.3;0;2;1e-005;0.0001;0.0001;0.0001;0.0001;0.145512;0;0;0;0;0;0;0;0;1;0;0;1;0;1;0;1;1;1;1;1;0;0;0;0;0;0;0;0;0;0;0;0;0;0;0;0;0;0;0;0;0;0;0;0;0;0;0;0;0;0;0;0;0;0;0;0;0;0;0;0;0;0;0;0;0;0;0;0;0;0;0;0;0;0;0;0;0;0;0;0;0;0;0;0;0;0;0;0;0;0;0;0;0;0;0;0;0;0;0;0;0;0;0;0;0;0;0;0;0;0;0;0;0;0;0;0;0;0;0;0;0;0;0;0;0;0;0;0;0;0;0;0;0;0;0;0;0;0;0;0;0;0;0;0;0;0;0;0;0;0;0;0;0;0;0;0;0;0;0;0;0;0;0;0;0;0;0;0;0;0;0;0;0;0;0;0;0;0;0;0;0;0;0;0;0;0;0;0;0;0;0;0;0;0;0;1;0;0;0;0;0;0;0;0;0;0;0;0;0;0;0;0;0;0;0;0;0;0;0;0;0;0;0;0;0;0;0;0;0;0;0;0;0;0;0;0;0;0;0;0;0;0;0;0;0;0;0;0;0;0;0;0;0;0;0;0.947137;0.0528634;0;0;0;0;0;0;0;0;0;0;0;0;0;0;0;0;0;0;0;0;0;0;0;0;0;0;0;0;0;0;0;0;0;0;0;0;0;0;0.982222;0.00888889;0;0.00888889;0;0;0;0;0;0;0;0;0;0;0;0;0;0;0;0;0;0;0;0;0;0;0;0;0;0;0;0;0;0;0;0;0;0;0;0;1;0;0;0;0;0;0;0;0;0;0;0;0;0;0;0;0;0;0;0;0.811111;0.124444;0;0.0644444;0;0;0;0;0;0;0;0;0;0;0;0;0;0;0;0;0.917778;0.0466667;0;0.0111111;0.0244444;0;0;0;0;0;0;0;0;0;0;0;0;0;0;0;0.80837;0.151982;0;0.0396476;0;0;0;0;0;0;0;0;0;0;0;0;0;0;0;0;0.904232;0.0957684;0;0;0
"data/mirjam_90.dat";0;"9 12 14 16 17 18 19 20";8;0.125;dtwext;data/dan_0.dat;0;4000;800;11;0.75;1;50;0.05;1;1;0.1;0;1.2;0.3;0.3;0;2;1e-005;0.0001;0.0001;0.0001;0.0001;0.125;0;0;0;0;0;0;0;0;1;0;0;1;0;1;0;1;1;1;1;1;0;0;0;0;0;0;0;0;0;0;0;0;0;0;0;0;0;0;0;0;0;0;0;0;0;0;0;0;0;0;0;0;0;0;0;0;0;0;0;0;0;0;0;0;0;0;0;0;0;0;0;0;0;0;0;0;0;0;0;0;0;0;0;0;0;0;0;0;0;0;0;0;0;0;0;0;0;0;0;0;0;0;0;0;0;0;0;0;0;0;0;0;0;0;0;0;0;0;0;0;0;0;0;0;0;0;0;0;0;0;0;0;0;0;0;0;0;0;0;0;0;0;0;0;0;0;0;0;0;0;0;0;0;0;0;0;0;0;0;0;0;0;0;0;0;0;0;0;0;0;0;0;0;0;0;0;0;0;0;0;0;0;0;0;0;0;0;0;0;0;0;0;0;0;0;1;0;0;0;0;0;0;0;0;0;0;0;0;0;0;0;0;0;0;0;0;0;0;0;0;0;0;0;0;0;0;0;0;0;0;0;0;0;0;0;0;0;0;0;0;0;0;0;0;0;0;0;0;0;0;0;0;0;0;0;1;0;0;0;0;0;0;0;0;0;0;0;0;0;0;0;0;0;0;0;0;0;0;0;0;0;0;0;0;0;0;0;0;0;0;0;0;0;0;0;1;0;0;0;0;0;0;0;0;0;0;0;0;0;0;0;0;0;0;0;0;0;0;0;0;0;0;0;0;0;0;0;0;0;0;0;0;0;0;0;1;0;0;0;0;0;0;0;0;0;0;0;0;0;0;0;0;0;0;0;1;0;0;0;0;0;0;0;0;0;0;0;0;0;0;0;0;0;0;0;1;0;0;0;0;0;0;0;0;0;0;0;0;0;0;0;0;0;0;0;1;0;0;0;0;0;0;0;0;0;0;0;0;0;0;0;0;0;0;0;1;0;0;0;0
"data/dan_0.dat";1;"9 12 14 16 17 18 19 20";8;0.300069;dtwext;data/dan_0.dat;0;4000;800;11;0.75;1;50;0.05;1;1;0.1;0;1.2;0.3;0.3;0;2;1e-005;0.0001;0.0001;0.0001;0.0001;0.300069;0;0;0;0;0;0;0;0;1;0;0;1;0;1;0;1;1;1;1;1;0;0;0;0;0;0;0;0;0;0;0;0;0;0;0;0;0;0;0;0;0;0;0;0;0;0;0;0;0;0;0;0;0;0;0;0;0;0;0;0;0;0;0;0;0;0;0;0;0;0;0;0;0;0;0;0;0;0;0;0;0;0;0;0;0;0;0;0;0;0;0;0;0;0;0;0;0;0;0;0;0;0;0;0;0;0;0;0;0;0;0;0;0;0;0;0;0;0;0;0;0;0;0;0;0;0;0;0;0;0;0;0;0;0;0;0;0;0;0;0;0;0;0;0;0;0;0;0;0;0;0;0;0;0;0;0;0;0;0;0;0;0;0;0;0;0;0;0;0;0;0;0;0;0;0;0;0;0;0;0;0;0;0;0;0;0;0;0;0.18799;0;0;0.0078329;0;0.0313316;0;0.772846;0;0;0;0;0;0;0;0;0;0;0;0;0;0;0;0;0;0;0;0;0;0;0;0;0;0;0;0;0;0;0;0;0;0;0;0;0;0;0;0;0;0;0;0;0;0;0;0;0;0;0;0;0.00665188;0;0;0.288248;0;0;0;0.7051;0;0;0;0;0;0;0;0;0;0;0;0;0;0;0;0;0;0;0;0;0;0;0;0;0;0;0;0;0;0;0;0;0.122222;0;0;0.155556;0;0.222222;0;0.402222;0.0288889;0.0288889;0.04;0;0;0;0;0;0;0;0;0;0;0;0;0;0;0;0;0;0;0;0;0;0;0;0;0;0;0;0;0;0.0718563;0;0;0.0359281;0;0.00898204;0;0.883234;0;0;0;0;0;0;0;0;0;0;0;0;0.0155556;0;0;0;0;0.146667;0;0.375556;0.262222;0;0.2;0;0;0;0;0;0;0;0;0;0.189845;0;0;0.156733;0;0.0905077;0;0.328918;0.0198676;0.203091;0.0110375;0;0;0;0;0;0;0;0;0;0.134956;0;0;0.00663717;0;0.0663717;0;0.559735;0.0730089;0.00663717;0.152655;0;0;0;0;0;0;0;0;0;0;0;0;0.00669643;0;0;0;0.779018;0.00446429;0;0.00892857;0.200893
"data/dan_45.dat";1;"9 12 14 16 17 18 19 20";8;0.142462;dtwext;data/dan_0.dat;0;4000;800;11;0.75;1;50;0.05;1;1;0.1;0;1.2;0.3;0.3;0;2;1e-005;0.0001;0.0001;0.0001;0.0001;0.142462;0;0;0;0;0;0;0;0;1;0;0;1;0;1;0;1;1;1;1;1;0;0;0;0;0;0;0;0;0;0;0;0;0;0;0;0;0;0;0;0;0;0;0;0;0;0;0;0;0;0;0;0;0;0;0;0;0;0;0;0;0;0;0;0;0;0;0;0;0;0;0;0;0;0;0;0;0;0;0;0;0;0;0;0;0;0;0;0;0;0;0;0;0;0;0;0;0;0;0;0;0;0;0;0;0;0;0;0;0;0;0;0;0;0;0;0;0;0;0;0;0;0;0;0;0;0;0;0;0;0;0;0;0;0;0;0;0;0;0;0;0;0;0;0;0;0;0;0;0;0;0;0;0;0;0;0;0;0;0;0;0;0;0;0;0;0;0;0;0;0;0;0;0;0;0;0;0;0;0;0;0;0;0;0;0;0;0;0;0;0;0;0;0;0;0;0.958333;0;0;0;0.0416667;0;0;0;0;0;0;0;0;0;0;0;0;0;0;0;0;0;0;0;0;0;0;0;0;0;0;0;0;0;0;0;0;0;0;0;0;0;0;0;0;0;0;0;0;0;0;0;0;0;0;0;0;0;0;0;1;0;0;0;0;0;0;0;0;0;0;0;0;0;0;0;0;0;0;0;0;0;0;0;0;0;0;0;0;0;0;0;0;0;0;0;0;0;0;0;0.993333;0;0;0.00666667;0;0;0;0;0;0;0;0;0;0;0;0;0;0;0;0;0;0;0;0;0;0;0;0;0;0;0;0;0;0;0;0;0;0;0;0;1;0;0;0;0;0;0;0;0;0;0;0;0;0;0;0;0;0;0;0;0.90708;0.0730089;0;0.0199115;0;0;0;0;0;0;0;0;0;0;0;0;0;0;0;0;0.988938;0;0;0.0110619;0;0;0;0;0;0;0;0;0;0.00221239;0;0;0;0;0;0;0.926991;0.039823;0;0.0309735;0;0;0;0;0;0;0;0;0;0;0;0;0;0;0;0;0.964286;0;0;0;0.0357143
"data/dan_90.dat";1;"9 12 14 16 17 18 19 20";8;0.123894;dtwext;data/dan_0.dat;0;4000;800;11;0.75;1;50;0.05;1;1;0.1;0;1.2;0.3;0.3;0;2;1e-005;0.0001;0.0001;0.0001;0.0001;0.123894;0;0;0;0;0;0;0;0;1;0;0;1;0;1;0;1;1;1;1;1;0;0;0;0;0;0;0;0;0;0;0;0;0;0;0;0;0;0;0;0;0;0;0;0;0;0;0;0;0;0;0;0;0;0;0;0;0;0;0;0;0;0;0;0;0;0;0;0;0;0;0;0;0;0;0;0;0;0;0;0;0;0;0;0;0;0;0;0;0;0;0;0;0;0;0;0;0;0;0;0;0;0;0;0;0;0;0;0;0;0;0;0;0;0;0;0;0;0;0;0;0;0;0;0;0;0;0;0;0;0;0;0;0;0;0;0;0;0;0;0;0;0;0;0;0;0;0;0;0;0;0;0;0;0;0;0;0;0;0;0;0;0;0;0;0;0;0;0;0;0;0;0;0;0;0;0;0;0;0;0;0;0;0;0;0;0;0;0;0;0;0;0;0;0;0;1;0;0;0;0;0;0;0;0;0;0;0;0;0;0;0;0;0;0;0;0;0;0;0;0;0;0;0;0;0;0;0;0;0;0;0;0;0;0;0;0;0;0;0;0;0;0;0;0;0;0;0;0;0;0;0;0;0;0;0;1;0;0;0;0;0;0;0;0;0;0;0;0;0;0;0;0;0;0;0;0;0;0;0;0;0;0;0;0;0;0;0;0;0;0;0;0;0;0;0;1;0;0;0;0;0;0;0;0;0;0;0;0;0;0;0;0;0;0;0;0;0;0;0;0;0;0;0;0;0;0;0;0;0;0;0;0;0;0;0;0.99115;0;0;0;0.00884956;0;0;0;0;0;0;0;0;0;0;0;0;0;0;0;0.993348;0;0;0;0.00665188;0;0;0;0;0;0;0;0;0;0;0;0;0;0;0;1;0;0;0;0;0;0;0;0;0;0;0;0;0;0;0;0;0;0;0;1;0;0;0;0;0;0;0;0;0;0;0;0;0;0;0;0;0;0;0;1;0;0;0;0
"data/jan_0.dat";1;"9 12 14 16 17 18 19 20";8;0.205023;dtwext;data/dan_0.dat;0;4000;800;11;0.75;1;50;0.05;1;1;0.1;0;1.2;0.3;0.3;0;2;1e-005;0.0001;0.0001;0.0001;0.0001;0.205023;0;0;0;0;0;0;0;0;1;0;0;1;0;1;0;1;1;1;1;1;0;0;0;0;0;0;0;0;0;0;0;0;0;0;0;0;0;0;0;0;0;0;0;0;0;0;0;0;0;0;0;0;0;0;0;0;0;0;0;0;0;0;0;0;0;0;0;0;0;0;0;0;0;0;0;0;0;0;0;0;0;0;0;0;0;0;0;0;0;0;0;0;0;0;0;0;0;0;0;0;0;0;0;0;0;0;0;0;0;0;0;0;0;0;0;0;0;0;0;0;0;0;0;0;0;0;0;0;0;0;0;0;0;0;0;0;0;0;0;0;0;0;0;0;0;0;0;0;0;0;0;0;0;0;0;0;0;0;0;0;0;0;0;0;0;0;0;0;0;0;0;0;0;0;0;0;0;0;0;0;0;0;0;0;0;0;0;0;0.18863;0;0;0;0;0.118863;0;0.638243;0.0542636;0;0;0;0;0;0;0;0;0;0;0;0;0;0;0;0;0;0;0;0;0;0;0;0;0;0;0;0;0;0;0;0;0;0;0;0;0;0;0;0;0;0;0;0;0;0;0;0;0;0;0;0;0;0;0.211454;0;0.0242291;0;0.746696;0.00881057;0;0.00881057;0;0;0;0;0;0;0;0;0;0;0;0;0;0;0;0;0;0;0;0;0;0;0;0;0;0;0;0;0;0.242222;0;0;0.291111;0;0.193333;0;0.255556;0;0.0177778;0;0;0;0;0;0;0;0;0;0;0;0;0;0;0;0;0;0;0;0;0;0;0;0;0;0;0;0;0;0;0.147059;0;0;0.138235;0;0.0176471;0;0.697059;0;0;0;0;0;0;0;0;0;0;0;0;0.208426;0;0;0;0;0.124169;0;0.494457;0.0687361;0;0.104213;0;0;0;0;0;0;0;0;0;0.0951327;0;0;0.181416;0;0;0;0.590708;0.00884956;0.117257;0.00663717;0;0;0;0;0;0;0;0;0;0.0486726;0;0;0.0176991;0;0.263274;0;0.300885;0.210177;0.00663717;0.152655;0;0;0;0;0;0;0;0;0;0.170354;0;0;0.176991;0;0.00221239;0;0.608407;0.0132743;0.0132743;0.00442478;0.0110619
"data/jan_45.dat";1;"9 12 14 16 17 18 19 20";8;0.129712;dtwext;data/dan_0.dat;0;4000;800;11;0.75;1;50;0.05;1;1;0.1;0;1.2;0.3;0.3;0;2;1e-005;0.0001;0.0001;0.0001;0.0001;0.129712;0;0;0;0;0;0;0;0;1;0;0;1;0;1;0;1;1;1;1;1;0;0;0;0;0;0;0;0;0;0;0;0;0;0;0;0;0;0;0;0;0;0;0;0;0;0;0;0;0;0;0;0;0;0;0;0;0;0;0;0;0;0;0;0;0;0;0;0;0;0;0;0;0;0;0;0;0;0;0;0;0;0;0;0;0;0;0;0;0;0;0;0;0;0;0;0;0;0;0;0;0;0;0;0;0;0;0;0;0;0;0;0;0;0;0;0;0;0;0;0;0;0;0;0;0;0;0;0;0;0;0;0;0;0;0;0;0;0;0;0;0;0;0;0;0;0;0;0;0;0;0;0;0;0;0;0;0;0;0;0;0;0;0;0;0;0;0;0;0;0;0;0;0;0;0;0;0;0;0;0;0;0;0;0;0;0;0;0;0;0;0;0;0;0;0;1;0;0;0;0;0;0;0;0;0;0;0;0;0;0;0;0;0;0;0;0;0;0;0;0;0;0;0;0;0;0;0;0;0;0;0;0;0;0;0;0;0;0;0;0;0;0;0;0;0;0;0;0;0;0;0;0.037694;0;0;0;0.902439;0.0133038;0;0.0465632;0;0;0;0;0;0;0;0;0;0;0;0;0;0;0;0;0;0;0;0;0;0;0;0;0;0;0;0;0;0;0;0;0;0;0;0;0.991131;0.00886918;0;0;0;0;0;0;0;0;0;0;0;0;0;0;0;0;0;0;0;0;0;0;0;0;0;0;0;0;0;0;0;0;0;0;0;0;0;0;1;0;0;0;0;0;0;0;0;0;0;0;0;0;0;0;0;0;0;0;1;0;0;0;0;0;0;0;0;0;0;0;0;0;0;0;0;0;0;0;1;0;0;0;0;0;0;0;0;0;0;0;0;0;0;0;0;0;0;0;1;0;0;0;0;0;0;0;0;0;0;0;0;0;0;0;0;0;0;0;1;0;0;0;0
"data/jan_90.dat";1;"9 12 14 16 17 18 19 20";8;0.125;dtwext;data/dan_0.dat;0;4000;800;11;0.75;1;50;0.05;1;1;0.1;0;1.2;0.3;0.3;0;2;1e-005;0.0001;0.0001;0.0001;0.0001;0.125;0;0;0;0;0;0;0;0;1;0;0;1;0;1;0;1;1;1;1;1;0;0;0;0;0;0;0;0;0;0;0;0;0;0;0;0;0;0;0;0;0;0;0;0;0;0;0;0;0;0;0;0;0;0;0;0;0;0;0;0;0;0;0;0;0;0;0;0;0;0;0;0;0;0;0;0;0;0;0;0;0;0;0;0;0;0;0;0;0;0;0;0;0;0;0;0;0;0;0;0;0;0;0;0;0;0;0;0;0;0;0;0;0;0;0;0;0;0;0;0;0;0;0;0;0;0;0;0;0;0;0;0;0;0;0;0;0;0;0;0;0;0;0;0;0;0;0;0;0;0;0;0;0;0;0;0;0;0;0;0;0;0;0;0;0;0;0;0;0;0;0;0;0;0;0;0;0;0;0;0;0;0;0;0;0;0;0;0;0;0;0;0;0;0;0;1;0;0;0;0;0;0;0;0;0;0;0;0;0;0;0;0;0;0;0;0;0;0;0;0;0;0;0;0;0;0;0;0;0;0;0;0;0;0;0;0;0;0;0;0;0;0;0;0;0;0;0;0;0;0;0;0;0;0;0;1;0;0;0;0;0;0;0;0;0;0;0;0;0;0;0;0;0;0;0;0;0;0;0;0;0;0;0;0;0;0;0;0;0;0;0;0;0;0;0;1;0;0;0;0;0;0;0;0;0;0;0;0;0;0;0;0;0;0;0;0;0;0;0;0;0;0;0;0;0;0;0;0;0;0;0;0;0;0;0;1;0;0;0;0;0;0;0;0;0;0;0;0;0;0;0;0;0;0;0;1;0;0;0;0;0;0;0;0;0;0;0;0;0;0;0;0;0;0;0;1;0;0;0;0;0;0;0;0;0;0;0;0;0;0;0;0;0;0;0;1;0;0;0;0;0;0;0;0;0;0;0;0;0;0;0;0;0;0;0;1;0;0;0;0
"data/lien_0.dat";1;"9 12 14 16 17 18 19 20";8;0.204157;dtwext;data/dan_0.dat;0;4000;800;11;0.75;1;50;0.05;1;1;0.1;0;1.2;0.3;0.3;0;2;1e-005;0.0001;0.0001;0.0001;0.0001;0.204157;0;0;0;0;0;0;0;0;1;0;0;1;0;1;0;1;1;1;1;1;0;0;0;0;0;0;0;0;0;0;0;0;0;0;0;0;0;0;0;0;0;0;0;0;0;0;0;0;0;0;0;0;0;0;0;0;0;0;0;0;0;0;0;0;0;0;0;0;0;0;0;0;0;0;0;0;0;0;0;0;0;0;0;0;0;0;0;0;0;0;0;0;0;0;0;0;0;0;0;0;0;0;0;0;0;0;0;0;0;0;0;0;0;0;0;0;0;0;0;0;0;0;0;0;0;0;0;0;0;0;0;0;0;0;0;0;0;0;0;0;0;0;0;0;0;0;0;0;0;0;0;0;0;0;0;0;0;0;0;0;0;0;0;0;0;0;0;0;0;0;0;0;0;0;0;0;0;0;0;0;0;0;0;0;0;0;0;0;0.22739;0;0;0.00775194;0;0.0671835;0;0.653747;0;0;0;0.0439276;0;0;0;0;0;0;0;0;0;0;0;0;0;0;0;0;0;0;0;0;0;0;0;0;0;0;0;0;0;0;0;0;0;0;0;0;0;0;0;0;0;0;0;0;0;0;0;0;0.00442478;0;0;0.243363;0;0.00663717;0;0.725664;0.00221239;0;0.0176991;0;0;0;0;0;0;0;0;0;0;0;0;0;0;0;0;0;0;0;0;0;0;0;0;0;0;0;0;0;0.106195;0;0;0.154867;0;0.316372;0;0.285398;0.117257;0.0199115;0;0;0;0;0;0;0;0;0;0;0;0;0;0;0;0;0;0;0;0;0;0;0;0;0;0;0;0;0;0;0.171598;0;0;0.091716;0;0.150888;0;0.579882;0;0.00591716;0;0;0;0;0;0;0;0;0;0;0.159645;0;0;0;0;0.277162;0;0.31929;0.124169;0;0.119734;0;0;0;0;0;0;0;0;0;0.0622222;0;0;0.0822222;0;0.0155556;0;0.704444;0.00222222;0.0888889;0.00444444;0.04;0;0;0;0;0;0;0;0;0.130531;0;0;0.154867;0;0.318584;0;0.25;0.123894;0;0.00884956;0.0132743;0;0;0;0;0;0;0;0;0.16408;0;0;0.121951;0;0.0509978;0;0.607539;0.0110865;0;0;0.0443459
"data/lien_45.dat";1;"9 12 14 16 17 18 19 20";8;0.125969;dtwext;data/dan_0.dat;0;4000;800;11;0.75;1;50;0.05;1;1;0.1;0;1.2;0.3;0.3;0;2;1e-005;0.0001;0.0001;0.0001;0.0001;0.125969;0;0;0;0;0;0;0;0;1;0;0;1;0;1;0;1;1;1;1;1;0;0;0;0;0;0;0;0;0;0;0;0;0;0;0;0;0;0;0;0;0;0;0;0;0;0;0;0;0;0;0;0;0;0;0;0;0;0;0;0;0;0;0;0;0;0;0;0;0;0;0;0;0;0;0;0;0;0;0;0;0;0;0;0;0;0;0;0;0;0;0;0;0;0;0;0;0;0;0;0;0;0;0;0;0;0;0;0;0;0;0;0;0;0;0;0;0;0;0;0;0;0;0;0;0;0;0;0;0;0;0;0;0;0;0;0;0;0;0;0;0;0;0;0;0;0;0;0;0;0;0;0;0;0;0;0;0;0;0;0;0;0;0;0;0;0;0;0;0;0;0;0;0;0;0;0;0;0;0;0;0;0;0;0;0;0;0;0;0.00775194;0;0;0;0;0;0;0.992248;0;0;0;0;0;0;0;0;0;0;0;0;0;0;0;0;0;0;0;0;0;0;0;0;0;0;0;0;0;0;0;0;0;0;0;0;0;0;0;0;0;0;0;0;0;0;0;0;0;0;0;0;0;0;0;0;0;0;0;1;0;0;0;0;0;0;0;0;0;0;0;0;0;0;0;0;0;0;0;0;0;0;0;0;0;0;0;0;0;0;0;0;0;0;0;0;0;0;0;1;0;0;0;0;0;0;0;0;0;0;0;0;0;0;0;0;0;0;0;0;0;0;0;0;0;0;0;0;0;0;0;0;0;0;0;0;0;0;0;1;0;0;0;0;0;0;0;0;0;0;0;0;0;0;0;0;0;0;0;1;0;0;0;0;0;0;0;0;0;0;0;0;0;0;0;0;0;0;0;0.993378;0;0;0;0.00662252;0;0;0;0;0;0;0;0;0;0;0;0;0;0;0;1;0;0;0;0;0;0;0;0;0;0;0;0;0;0;0;0;0;0;0;1;0;0;0;0
"data/lien_90.dat";1;"9 12 14 16 17 18 19 20";8;0.125;dtwext;data/dan_0.dat;0;4000;800;11;0.75;1;50;0.05;1;1;0.1;0;1.2;0.3;0.3;0;2;1e-005;0.0001;0.0001;0.0001;0.0001;0.125;0;0;0;0;0;0;0;0;1;0;0;1;0;1;0;1;1;1;1;1;0;0;0;0;0;0;0;0;0;0;0;0;0;0;0;0;0;0;0;0;0;0;0;0;0;0;0;0;0;0;0;0;0;0;0;0;0;0;0;0;0;0;0;0;0;0;0;0;0;0;0;0;0;0;0;0;0;0;0;0;0;0;0;0;0;0;0;0;0;0;0;0;0;0;0;0;0;0;0;0;0;0;0;0;0;0;0;0;0;0;0;0;0;0;0;0;0;0;0;0;0;0;0;0;0;0;0;0;0;0;0;0;0;0;0;0;0;0;0;0;0;0;0;0;0;0;0;0;0;0;0;0;0;0;0;0;0;0;0;0;0;0;0;0;0;0;0;0;0;0;0;0;0;0;0;0;0;0;0;0;0;0;0;0;0;0;0;0;0;0;0;0;0;0;0;1;0;0;0;0;0;0;0;0;0;0;0;0;0;0;0;0;0;0;0;0;0;0;0;0;0;0;0;0;0;0;0;0;0;0;0;0;0;0;0;0;0;0;0;0;0;0;0;0;0;0;0;0;0;0;0;0;0;0;0;1;0;0;0;0;0;0;0;0;0;0;0;0;0;0;0;0;0;0;0;0;0;0;0;0;0;0;0;0;0;0;0;0;0;0;0;0;0;0;0;1;0;0;0;0;0;0;0;0;0;0;0;0;0;0;0;0;0;0;0;0;0;0;0;0;0;0;0;0;0;0;0;0;0;0;0;0;0;0;0;1;0;0;0;0;0;0;0;0;0;0;0;0;0;0;0;0;0;0;0;1;0;0;0;0;0;0;0;0;0;0;0;0;0;0;0;0;0;0;0;1;0;0;0;0;0;0;0;0;0;0;0;0;0;0;0;0;0;0;0;1;0;0;0;0;0;0;0;0;0;0;0;0;0;0;0;0;0;0;0;1;0;0;0;0
"data/maki_0.dat";1;"9 12 14 16 17 18 19 20";8;0.150627;dtwext;data/dan_0.dat;0;4000;800;11;0.75;1;50;0.05;1;1;0.1;0;1.2;0.3;0.3;0;2;1e-005;0.0001;0.0001;0.0001;0.0001;0.150627;0;0;0;0;0;0;0;0;1;0;0;1;0;1;0;1;1;1;1;1;0;0;0;0;0;0;0;0;0;0;0;0;0;0;0;0;0;0;0;0;0;0;0;0;0;0;0;0;0;0;0;0;0;0;0;0;0;0;0;0;0;0;0;0;0;0;0;0;0;0;0;0;0;0;0;0;0;0;0;0;0;0;0;0;0;0;0;0;0;0;0;0;0;0;0;0;0;0;0;0;0;0;0;0;0;0;0;0;0;0;0;0;0;0;0;0;0;0;0;0;0;0;0;0;0;0;0;0;0;0;0;0;0;0;0;0;0;0;0;0;0;0;0;0;0;0;0;0;0;0;0;0;0;0;0;0;0;0;0;0;0;0;0;0;0;0;0;0;0;0;0;0;0;0;0;0;0;0;0;0;0;0;0;0;0;0;0;0;0;0;0;0;0;0.176623;0;0.823377;0;0;0;0;0;0;0;0;0;0;0;0;0;0;0;0;0;0;0;0;0;0;0;0;0;0;0;0;0;0;0;0;0;0;0;0;0;0;0;0;0;0;0;0;0;0;0;0;0;0;0;0;0.0176991;0;0;0;0;0.0973451;0;0.856195;0.0287611;0;0;0;0;0;0;0;0;0;0;0;0;0;0;0;0;0;0;0;0;0;0;0;0;0;0;0;0;0;0;0;0;0;0;0;0;0.119469;0;0.707965;0.172566;0;0;0;0;0;0;0;0;0;0;0;0;0;0;0;0;0;0;0;0;0;0;0;0;0;0;0;0;0;0;0;0;0;0;0;0;0.135693;0;0.864307;0;0;0;0;0;0;0;0;0;0;0;0;0;0;0;0;0;0.188053;0;0.590708;0.221239;0;0;0;0;0;0;0;0;0;0;0;0.0973451;0;0;0;0;0.115044;0;0.734513;0.0530973;0;0;0;0;0;0;0;0;0;0;0;0;0;0;0;0;0.21286;0;0.607539;0.179601;0;0;0;0;0;0;0;0;0;0;0;0.0577778;0;0;0;0;0.0777778;0;0.844444;0.02;0;0;0
"data/maki_45.dat";1;"9 12 14 16 17 18 19 20";8;0.117465;dtwext;data/dan_0.dat;0;4000;800;11;0.75;1;50;0.05;1;1;0.1;0;1.2;0.3;0.3;0;2;1e-005;0.0001;0.0001;0.0001;0.0001;0.117465;0;0;0;0;0;0;0;0;1;0;0;1;0;1;0;1;1;1;1;1;0;0;0;0;0;0;0;0;0;0;0;0;0;0;0;0;0;0;0;0;0;0;0;0;0;0;0;0;0;0;0;0;0;0;0;0;0;0;0;0;0;0;0;0;0;0;0;0;0;0;0;0;0;0;0;0;0;0;0;0;0;0;0;0;0;0;0;0;0;0;0;0;0;0;0;0;0;0;0;0;0;0;0;0;0;0;0;0;0;0;0;0;0;0;0;0;0;0;0;0;0;0;0;0;0;0;0;0;0;0;0;0;0;0;0;0;0;0;0;0;0;0;0;0;0;0;0;0;0;0;0;0;0;0;0;0;0;0;0;0;0;0;0;0;0;0;0;0;0;0;0;0;0;0;0;0;0;0;0;0;0;0;0;0;0;0;0;0;0;0;0;0;0;0.212435;0;0.787565;0;0;0;0;0;0;0;0;0;0;0;0;0;0;0;0;0;0;0;0;0;0;0;0;0;0;0;0;0;0;0;0;0;0;0;0;0;0;0;0;0;0;0;0;0;0;0;0;0;0;0;0;0;0;0;0;0;0.0465632;0;0.953437;0;0;0;0;0;0;0;0;0;0;0;0;0;0;0;0;0;0;0;0;0;0;0;0;0;0;0;0;0;0;0;0;0;0;0;0.00222222;0;0.253333;0;0.744444;0;0;0;0;0;0;0;0;0;0;0;0;0;0;0;0;0;0;0;0;0;0;0;0;0;0;0;0;0;0;0;0;0;0;0;0;0;0.313609;0;0.686391;0;0;0;0;0;0;0;0;0;0;0;0;0;0;0;0;0;0.274945;0;0.725055;0;0;0;0;0;0;0;0;0;0;0;0;0.01766;0;0;0;0;0.282561;0;0.699779;0;0;0;0;0;0;0;0;0;0;0;0;0;0;0;0;0;0.350333;0;0.649667;0;0;0;0;0;0;0;0;0;0;0;0;0.0353982;0;0;0;0;0.170354;0;0.785398;0.00884956;0;0;0
"data/maki_90.dat";1;"9 12 14 16 17 18 19 20";8;0.125;dtwext;data/dan_0.dat;0;4000;800;11;0.75;1;50;0.05;1;1;0.1;0;1.2;0.3;0.3;0;2;1e-005;0.0001;0.0001;0.0001;0.0001;0.125;0;0;0;0;0;0;0;0;1;0;0;1;0;1;0;1;1;1;1;1;0;0;0;0;0;0;0;0;0;0;0;0;0;0;0;0;0;0;0;0;0;0;0;0;0;0;0;0;0;0;0;0;0;0;0;0;0;0;0;0;0;0;0;0;0;0;0;0;0;0;0;0;0;0;0;0;0;0;0;0;0;0;0;0;0;0;0;0;0;0;0;0;0;0;0;0;0;0;0;0;0;0;0;0;0;0;0;0;0;0;0;0;0;0;0;0;0;0;0;0;0;0;0;0;0;0;0;0;0;0;0;0;0;0;0;0;0;0;0;0;0;0;0;0;0;0;0;0;0;0;0;0;0;0;0;0;0;0;0;0;0;0;0;0;0;0;0;0;0;0;0;0;0;0;0;0;0;0;0;0;0;0;0;0;0;0;0;0;0;0;0;0;0;0;0;1;0;0;0;0;0;0;0;0;0;0;0;0;0;0;0;0;0;0;0;0;0;0;0;0;0;0;0;0;0;0;0;0;0;0;0;0;0;0;0;0;0;0;0;0;0;0;0;0;0;0;0;0;0;0;0;0;0;0;0;1;0;0;0;0;0;0;0;0;0;0;0;0;0;0;0;0;0;0;0;0;0;0;0;0;0;0;0;0;0;0;0;0;0;0;0;0;0;0;0;1;0;0;0;0;0;0;0;0;0;0;0;0;0;0;0;0;0;0;0;0;0;0;0;0;0;0;0;0;0;0;0;0;0;0;0;0;0;0;0;1;0;0;0;0;0;0;0;0;0;0;0;0;0;0;0;0;0;0;0;1;0;0;0;0;0;0;0;0;0;0;0;0;0;0;0;0;0;0;0;1;0;0;0;0;0;0;0;0;0;0;0;0;0;0;0;0;0;0;0;1;0;0;0;0;0;0;0;0;0;0;0;0;0;0;0;0;0;0;0;1;0;0;0;0
"data/marco_0.dat";1;"9 12 14 16 17 18 19 20";8;0.175682;dtwext;data/dan_0.dat;0;4000;800;11;0.75;1;50;0.05;1;1;0.1;0;1.2;0.3;0.3;0;2;1e-005;0.0001;0.0001;0.0001;0.0001;0.175682;0;0;0;0;0;0;0;0;1;0;0;1;0;1;0;1;1;1;1;1;0;0;0;0;0;0;0;0;0;0;0;0;0;0;0;0;0;0;0;0;0;0;0;0;0;0;0;0;0;0;0;0;0;0;0;0;0;0;0;0;0;0;0;0;0;0;0;0;0;0;0;0;0;0;0;0;0;0;0;0;0;0;0;0;0;0;0;0;0;0;0;0;0;0;0;0;0;0;0;0;0;0;0;0;0;0;0;0;0;0;0;0;0;0;0;0;0;0;0;0;0;0;0;0;0;0;0;0;0;0;0;0;0;0;0;0;0;0;0;0;0;0;0;0;0;0;0;0;0;0;0;0;0;0;0;0;0;0;0;0;0;0;0;0;0;0;0;0;0;0;0;0;0;0;0;0;0;0;0;0;0;0;0;0;0;0;0;0;0.171875;0;0;0.0130208;0;0.346354;0;0.359375;0.0625;0.0442708;0.00260417;0;0;0;0;0;0;0;0;0;0;0;0;0;0;0;0;0;0;0;0;0;0;0;0;0;0;0;0;0;0;0;0;0;0;0;0;0;0;0;0;0;0;0;0;0;0;0;0;0;0.0045045;0;0;0.13964;0;0.351351;0;0.468468;0;0.036036;0;0;0;0;0;0;0;0;0;0;0;0;0;0;0;0;0;0;0;0;0;0;0;0;0;0;0;0;0;0;0;0;0;0.206208;0;0.388027;0;0.368071;0;0.037694;0;0;0;0;0;0;0;0;0;0;0;0;0;0;0;0;0;0;0;0;0;0;0;0;0;0;0;0;0;0;0.0720721;0;0;0.021021;0;0.414414;0;0.291291;0;0.201201;0;0;0;0;0;0;0;0;0;0;0.013544;0;0;0.0722348;0;0.399549;0;0.31377;0.194131;0.00677201;0;0;0;0;0;0;0;0;0;0;0.173719;0;0;0.00445434;0;0.320713;0;0.271715;0.00890869;0.22049;0;0;0;0;0;0;0;0;0;0;0.0250569;0;0;0.107062;0;0.398633;0;0.312073;0.116173;0.0410023;0;0;0;0;0;0;0;0;0;0;0.170068;0;0;0.0362812;0;0.346939;0;0.287982;0.00453515;0.154195;0;0
"data/marco_45.dat";1;"9 12 14 16 17 18 19 20";8;0.129681;dtwext;data/dan_0.dat;0;4000;800;11;0.75;1;50;0.05;1;1;0.1;0;1.2;0.3;0.3;0;2;1e-005;0.0001;0.0001;0.0001;0.0001;0.129681;0;0;0;0;0;0;0;0;1;0;0;1;0;1;0;1;1;1;1;1;0;0;0;0;0;0;0;0;0;0;0;0;0;0;0;0;0;0;0;0;0;0;0;0;0;0;0;0;0;0;0;0;0;0;0;0;0;0;0;0;0;0;0;0;0;0;0;0;0;0;0;0;0;0;0;0;0;0;0;0;0;0;0;0;0;0;0;0;0;0;0;0;0;0;0;0;0;0;0;0;0;0;0;0;0;0;0;0;0;0;0;0;0;0;0;0;0;0;0;0;0;0;0;0;0;0;0;0;0;0;0;0;0;0;0;0;0;0;0;0;0;0;0;0;0;0;0;0;0;0;0;0;0;0;0;0;0;0;0;0;0;0;0;0;0;0;0;0;0;0;0;0;0;0;0;0;0;0;0;0;0;0;0;0;0;0;0;0;0;0;0;0;0;0;0;1;0;0;0;0;0;0;0;0;0;0;0;0;0;0;0;0;0;0;0;0;0;0;0;0;0;0;0;0;0;0;0;0;0;0;0;0;0;0;0;0;0;0;0;0;0;0;0;0;0;0;0;0;0;0;0;0;0;0;0;1;0;0;0;0;0;0;0;0;0;0;0;0;0;0;0;0;0;0;0;0;0;0;0;0;0;0;0;0;0;0;0;0;0;0;0;0;0;0;0;1;0;0;0;0;0;0;0;0;0;0;0;0;0;0;0;0;0;0;0;0;0;0;0;0;0;0;0;0;0;0;0;0;0;0;0;0;0;0;0;1;0;0;0;0;0;0;0;0;0;0;0;0;0;0;0;0;0;0;0;0.955947;0.0374449;0;0.00660793;0;0;0;0;0;0;0;0;0;0;0;0;0;0;0;0;0.986755;0.00441501;0;0.00883002;0;0;0;0;0;0;0;0;0;0;0;0;0;0;0;0;1;0;0;0;0;0;0;0;0;0;0;0;0;0;0;0;0;0;0;0;1;0;0;0;0
"data/marco_90.dat";1;"9 12 14 16 17 18 19 20";8;0.125;dtwext;data/dan_0.dat;0;4000;800;11;0.75;1;50;0.05;1;1;0.1;0;1.2;0.3;0.3;0;2;1e-005;0.0001;0.0001;0.0001;0.0001;0.125;0;0;0;0;0;0;0;0;1;0;0;1;0;1;0;1;1;1;1;1;0;0;0;0;0;0;0;0;0;0;0;0;0;0;0;0;0;0;0;0;0;0;0;0;0;0;0;0;0;0;0;0;0;0;0;0;0;0;0;0;0;0;0;0;0;0;0;0;0;0;0;0;0;0;0;0;0;0;0;0;0;0;0;0;0;0;0;0;0;0;0;0;0;0;0;0;0;0;0;0;0;0;0;0;0;0;0;0;0;0;0;0;0;0;0;0;0;0;0;0;0;0;0;0;0;0;0;0;0;0;0;0;0;0;0;0;0;0;0;0;0;0;0;0;0;0;0;0;0;0;0;0;0;0;0;0;0;0;0;0;0;0;0;0;0;0;0;0;0;0;0;0;0;0;0;0;0;0;0;0;0;0;0;0;0;0;0;0;0;0;0;0;0;0;0;1;0;0;0;0;0;0;0;0;0;0;0;0;0;0;0;0;0;0;0;0;0;0;0;0;0;0;0;0;0;0;0;0;0;0;0;0;0;0;0;0;0;0;0;0;0;0;0;0;0;0;0;0;0;0;0;0;0;0;0;0.982262;0.0177384;0;0;0;0;0;0;0;0;0;0;0;0;0;0;0;0;0;0;0;0;0;0;0;0;0;0;0;0;0;0;0;0;0;0;0;0;0;0;1;0;0;0;0;0;0;0;0;0;0;0;0;0;0;0;0;0;0;0;0;0;0;0;0;0;0;0;0;0;0;0;0;0;0;0;0;0;0;0;1;0;0;0;0;0;0;0;0;0;0;0;0;0;0;0;0;0;0;0;1;0;0;0;0;0;0;0;0;0;0;0;0;0;0;0;0;0;0;0;1;0;0;0;0;0;0;0;0;0;0;0;0;0;0;0;0;0;0;0;1;0;0;0;0;0;0;0;0;0;0;0;0;0;0;0;0;0;0;0;1;0;0;0;0
"data/nico_0.dat";1;"9 12 14 16 17 18 19 20";8;0.18021;dtwext;data/dan_0.dat;0;4000;800;11;0.75;1;50;0.05;1;1;0.1;0;1.2;0.3;0.3;0;2;1e-005;0.0001;0.0001;0.0001;0.0001;0.18021;0;0;0;0;0;0;0;0;1;0;0;1;0;1;0;1;1;1;1;1;0;0;0;0;0;0;0;0;0;0;0;0;0;0;0;0;0;0;0;0;0;0;0;0;0;0;0;0;0;0;0;0;0;0;0;0;0;0;0;0;0;0;0;0;0;0;0;0;0;0;0;0;0;0;0;0;0;0;0;0;0;0;0;0;0;0;0;0;0;0;0;0;0;0;0;0;0;0;0;0;0;0;0;0;0;0;0;0;0;0;0;0;0;0;0;0;0;0;0;0;0;0;0;0;0;0;0;0;0;0;0;0;0;0;0;0;0;0;0;0;0;0;0;0;0;0;0;0;0;0;0;0;0;0;0;0;0;0;0;0;0;0;0;0;0;0;0;0;0;0;0;0;0;0;0;0;0;0;0;0;0;0;0;0;0;0;0;0;0.0488432;0;0;0;0;0;0;0.920308;0;0;0;0.0308483;0;0;0;0;0;0;0;0;0;0;0;0;0;0;0;0;0;0;0;0;0;0;0;0;0;0;0;0;0;0;0;0;0;0;0;0;0;0;0;0;0;0;0;0;0;0;0;0;0;0;0;0.0577778;0;0;0;0.942222;0;0;0;0;0;0;0;0;0;0;0;0;0;0;0;0;0;0;0;0;0;0;0;0;0;0;0;0;0;0;0;0;0.0265487;0;0;0.283186;0;0.130531;0;0.559735;0;0;0;0;0;0;0;0;0;0;0;0;0;0;0;0;0;0;0;0;0;0;0;0;0;0;0;0;0;0;0;0;0;0;0;0.0295858;0;0;0;0.970414;0;0;0;0;0;0;0;0;0;0;0;0;0.0977778;0;0;0;0;0.0644444;0;0.822222;0.00444444;0.0111111;0;0;0;0;0;0;0;0;0;0;0.0333333;0;0;0.191111;0;0;0;0.675556;0;0.1;0;0;0;0;0;0;0;0;0;0;0.201327;0;0;0.121681;0;0.141593;0;0.530973;0;0.00442478;0;0;0;0;0;0;0;0;0;0;0.0131868;0;0;0.021978;0;0.021978;0;0.806593;0.00659341;0;0;0.12967
"data/dan_0.dat";0;"9 12 14 16 17 18 19 20";8;0.282985;dtwext;data/dan_0.dat;0;4000;800;11;0.75;1;50;0.05;1;1;0.1;0;1.2;0.3;0.3;0;2;1e-005;0.0001;0.0001;0.0001;0.0001;0.282985;0;0;0;0;0;0;0;0;1;0;0;1;0;1;0;1;1;1;1;1;0;0;0;0;0;0;0;0;0;0;0;0;0;0;0;0;0;0;0;0;0;0;0;0;0;0;0;0;0;0;0;0;0;0;0;0;0;0;0;0;0;0;0;0;0;0;0;0;0;0;0;0;0;0;0;0;0;0;0;0;0;0;0;0;0;0;0;0;0;0;0;0;0;0;0;0;0;0;0;0;0;0;0;0;0;0;0;0;0;0;0;0;0;0;0;0;0;0;0;0;0;0;0;0;0;0;0;0;0;0;0;0;0;0;0;0;0;0;0;0;0;0;0;0;0;0;0;0;0;0;0;0;0;0;0;0;0;0;0;0;0;0;0;0;0;0;0;0;0;0;0;0;0;0;0;0;0;0;0;0;0;0;0;0;0;0;0;0;0.407311;0;0;0.193211;0;0;0;0.347258;0;0;0.0522193;0;0;0;0;0;0;0;0;0;0;0;0;0;0;0;0;0;0;0;0;0;0;0;0;0;0;0;0;0;0;0;0;0;0;0;0;0;0;0;0;0;0;0;0;0;0;0;0;0;0.436807;0;0;0.303769;0;0.0177384;0;0.184035;0;0;0.0576497;0;0;0;0;0;0;0;0;0;0;0;0;0;0;0;0;0;0;0;0;0;0;0;0;0;0;0;0;0;0.38;0;0;0.155556;0;0.195556;0;0.08;0.0422222;0.0288889;0.1;0.0177778;0;0;0;0;0;0;0;0;0;0;0;0;0;0;0;0;0;0;0;0;0;0;0;0;0;0;0;0;0.422156;0;0;0.152695;0;0;0;0.332335;0;0;0.0718563;0.0209581;0;0;0;0;0;0;0;0;0.153333;0;0;0.0933333;0;0.00888889;0;0.0977778;0.304444;0;0.342222;0;0;0;0;0;0;0;0;0;0.240618;0;0;0.293598;0;0;0;0.19426;0.0264901;0.233996;0.0110375;0;0;0;0;0;0;0;0;0;0.316372;0;0;0.108407;0;0;0;0.185841;0.117257;0.00663717;0.265487;0;0;0;0;0;0;0;0;0;0.328125;0;0;0.0825893;0;0;0;0.203125;0.0245536;0;0.140625;0.220982
"data/dan_45.dat";0;"9 12 14 16 17 18 19 20";8;0.209312;dtwext;data/dan_0.dat;0;4000;800;11;0.75;1;50;0.05;1;1;0.1;0;1.2;0.3;0.3;0;2;1e-005;0.0001;0.0001;0.0001;0.0001;0.209312;0;0;0;0;0;0;0;0;1;0;0;1;0;1;0;1;1;1;1;1;0;0;0;0;0;0;0;0;0;0;0;0;0;0;0;0;0;0;0;0;0;0;0;0;0;0;0;0;0;0;0;0;0;0;0;0;0;0;0;0;0;0;0;0;0;0;0;0;0;0;0;0;0;0;0;0;0;0;0;0;0;0;0;0;0;0;0;0;0;0;0;0;0;0;0;0;0;0;0;0;0;0;0;0;0;0;0;0;0;0;0;0;0;0;0;0;0;0;0;0;0;0;0;0;0;0;0;0;0;0;0;0;0;0;0;0;0;0;0;0;0;0;0;0;0;0;0;0;0;0;0;0;0;0;0;0;0;0;0;0;0;0;0;0;0;0;0;0;0;0;0;0;0;0;0;0;0;0;0;0;0;0;0;0;0;0;0;0;0.208333;0;0;0;0;0;0;0.210938;0;0;0.315104;0.265625;0;0;0;0;0;0;0;0;0;0;0;0;0;0;0;0;0;0;0;0;0;0;0;0;0;0;0;0;0;0;0;0;0;0;0;0;0;0;0;0;0;0;0;0;0;0;0;0;0.0176991;0;0;0;0;0;0;0.108407;0.0176991;0;0.475664;0.380531;0;0;0;0;0;0;0;0;0;0;0;0;0;0;0;0;0;0;0;0;0;0;0;0;0;0;0;0;0.0911111;0;0;0;0;0;0;0.0533333;0.08;0;0.482222;0.293333;0;0;0;0;0;0;0;0;0;0;0;0;0;0;0;0;0;0;0;0;0;0;0;0;0;0;0;0;0.0988024;0;0;0.0628743;0;0;0;0.341317;0.0359281;0;0.359281;0.101796;0;0;0;0;0;0;0;0;0.0530973;0;0;0;0;0;0;0.108407;0.285398;0;0.451327;0.10177;0;0;0;0;0;0;0;0;0.159292;0;0;0;0;0;0;0.146018;0.0199115;0.00663717;0.274336;0.393805;0;0;0;0;0;0;0;0;0.0575221;0;0;0;0;0;0;0.0752212;0.256637;0;0.475664;0.134956;0;0;0;0;0;0;0;0;0.00223214;0;0;0;0;0;0;0.205357;0.0111607;0;0.424107;0.357143
"data/dan_90.dat";0;"9 12 14 16 17 18 19 20";8;0.189437;dtwext;data/dan_0.dat;0;4000;800;11;0.75;1;50;0.05;1;1;0.1;0;1.2;0.3;0.3;0;2;1e-005;0.0001;0.0001;0.0001;0.0001;0.189437;0;0;0;0;0;0;0;0;1;0;0;1;0;1;0;1;1;1;1;1;0;0;0;0;0;0;0;0;0;0;0;0;0;0;0;0;0;0;0;0;0;0;0;0;0;0;0;0;0;0;0;0;0;0;0;0;0;0;0;0;0;0;0;0;0;0;0;0;0;0;0;0;0;0;0;0;0;0;0;0;0;0;0;0;0;0;0;0;0;0;0;0;0;0;0;0;0;0;0;0;0;0;0;0;0;0;0;0;0;0;0;0;0;0;0;0;0;0;0;0;0;0;0;0;0;0;0;0;0;0;0;0;0;0;0;0;0;0;0;0;0;0;0;0;0;0;0;0;0;0;0;0;0;0;0;0;0;0;0;0;0;0;0;0;0;0;0;0;0;0;0;0;0;0;0;0;0;0;0;0;0;0;0;0;0;0;0;0;0;0;0;0;0;0;0;0;0;0;0.384615;0.615385;0;0;0;0;0;0;0;0;0;0;0;0;0;0;0;0;0;0;0;0;0;0;0;0;0;0;0;0;0;0;0;0;0;0;0;0;0;0;0;0;0;0;0;0;0;0;0;0;0;0;0;0;0;0;0;0;0;0;0.327473;0.672527;0;0;0;0;0;0;0;0;0;0;0;0;0;0;0;0;0;0;0;0;0;0;0;0;0;0;0;0;0;0;0;0;0;0;0;0;0;0;0.344444;0.655556;0;0;0;0;0;0;0;0;0;0;0;0;0;0;0;0;0;0;0;0;0;0;0;0;0;0;0;0;0.20354;0;0;0.106195;0;0;0;0.351032;0;0;0.253687;0.0855457;0;0;0;0;0;0;0;0;0.0133038;0;0;0;0;0;0;0;0.0487805;0;0.432373;0.505543;0;0;0;0;0;0;0;0;0;0;0;0;0;0;0;0.0351648;0;0;0.36044;0.604396;0;0;0;0;0;0;0;0;0;0;0;0;0;0;0;0;0.00441501;0;0.412804;0.582781;0;0;0;0;0;0;0;0;0;0;0;0;0;0;0;0.00665188;0;0;0.290466;0.702882
"data/jan_0.dat";0;"9 12 14 16 17 18 19 20";8;0.195259;dtwext;data/dan_0.dat;0;4000;800;11;0.75;1;50;0.05;1;1;0.1;0;1.2;0.3;0.3;0;2;1e-005;0.0001;0.0001;0.0001;0.0001;0.195259;0;0;0;0;0;0;0;0;1;0;0;1;0;1;0;1;1;1;1;1;0;0;0;0;0;0;0;0;0;0;0;0;0;0;0;0;0;0;0;0;0;0;0;0;0;0;0;0;0;0;0;0;0;0;0;0;0;0;0;0;0;0;0;0;0;0;0;0;0;0;0;0;0;0;0;0;0;0;0;0;0;0;0;0;0;0;0;0;0;0;0;0;0;0;0;0;0;0;0;0;0;0;0;0;0;0;0;0;0;0;0;0;0;0;0;0;0;0;0;0;0;0;0;0;0;0;0;0;0;0;0;0;0;0;0;0;0;0;0;0;0;0;0;0;0;0;0;0;0;0;0;0;0;0;0;0;0;0;0;0;0;0;0;0;0;0;0;0;0;0;0;0;0;0;0;0;0;0;0;0;0;0;0;0;0;0;0;0;0.426357;0;0;0.0155039;0;0;0;0.157623;0.0904393;0.0258398;0.284238;0;0;0;0;0;0;0;0;0;0;0;0;0;0;0;0;0;0;0;0;0;0;0;0;0;0;0;0;0;0;0;0;0;0;0;0;0;0;0;0;0;0;0;0;0;0;0;0;0;0.277533;0;0;0.310573;0;0.0352423;0;0.211454;0.030837;0;0.134361;0;0;0;0;0;0;0;0;0;0;0;0;0;0;0;0;0;0;0;0;0;0;0;0;0;0;0;0;0;0.388889;0;0;0.402222;0;0.0777778;0;0.111111;0;0.0111111;0.00888889;0;0;0;0;0;0;0;0;0;0;0;0;0;0;0;0;0;0;0;0;0;0;0;0;0;0;0;0;0;0.370588;0;0;0.370588;0;0;0;0.229412;0;0;0.0294118;0;0;0;0;0;0;0;0;0;0.252772;0;0;0.241685;0;0.00665188;0;0.248337;0.113082;0;0.137472;0;0;0;0;0;0;0;0;0;0.199115;0;0;0.356195;0;0;0;0.214602;0.00442478;0.219027;0.00663717;0;0;0;0;0;0;0;0;0;0.243363;0;0;0.163717;0;0.159292;0;0.0265487;0.219027;0.0154867;0.172566;0;0;0;0;0;0;0;0;0;0.389381;0;0;0.179204;0;0.00884956;0;0.165929;0.0176991;0.219027;0.00663717;0.0132743
"data/jan_45.dat";0;"9 12 14 16 17 18 19 20";8;0.168011;dtwext;data/dan_0.dat;0;4000;800;11;0.75;1;50;0.05;1;1;0.1;0;1.2;0.3;0.3;0;2;1e-005;0.0001;0.0001;0.0001;0.0001;0.168011;0;0;0;0;0;0;0;0;1;0;0;1;0;1;0;1;1;1;1;1;0;0;0;0;0;0;0;0;0;0;0;0;0;0;0;0;0;0;0;0;0;0;0;0;0;0;0;0;0;0;0;0;0;0;0;0;0;0;0;0;0;0;0;0;0;0;0;0;0;0;0;0;0;0;0;0;0;0;0;0;0;0;0;0;0;0;0;0;0;0;0;0;0;0;0;0;0;0;0;0;0;0;0;0;0;0;0;0;0;0;0;0;0;0;0;0;0;0;0;0;0;0;0;0;0;0;0;0;0;0;0;0;0;0;0;0;0;0;0;0;0;0;0;0;0;0;0;0;0;0;0;0;0;0;0;0;0;0;0;0;0;0;0;0;0;0;0;0;0;0;0;0;0;0;0;0;0;0;0;0;0;0;0;0;0;0;0;0;0;0;0;0;0;0;0;0;0;0;0.436693;0.563307;0;0;0;0;0;0;0;0;0;0;0;0;0;0;0;0;0;0;0;0;0;0;0;0;0;0;0;0;0;0;0;0;0;0;0;0;0;0;0;0;0;0;0;0;0;0;0;0;0.254989;0;0;0.119734;0;0.00221729;0;0.104213;0.113082;0;0.299335;0.10643;0;0;0;0;0;0;0;0;0;0;0;0;0;0;0;0;0;0;0;0;0;0;0;0;0;0;0;0;0.0310421;0;0;0;0;0;0;0.0443459;0.286031;0;0.470067;0.168514;0;0;0;0;0;0;0;0;0;0;0;0;0;0;0;0;0;0;0;0;0;0;0;0;0;0;0;0;0.0410557;0;0;0;0;0;0;0;0.202346;0;0.472141;0.284457;0;0;0;0;0;0;0;0;0;0;0;0;0;0;0;0.00220264;0.301762;0;0.460352;0.235683;0;0;0;0;0;0;0;0;0.117517;0;0;0;0;0;0;0.0953437;0.0731707;0.0110865;0.266075;0.436807;0;0;0;0;0;0;0;0;0;0;0;0;0;0;0;0;0.298673;0;0.473451;0.227876;0;0;0;0;0;0;0;0;0;0;0;0;0;0;0;0.0575221;0.24115;0;0.263274;0.438053
"data/jan_90.dat";0;"9 12 14 16 17 18 19 20";8;0.157692;dtwext;data/dan_0.dat;0;4000;800;11;0.75;1;50;0.05;1;1;0.1;0;1.2;0.3;0.3;0;2;1e-005;0.0001;0.0001;0.0001;0.0001;0.157692;0;0;0;0;0;0;0;0;1;0;0;1;0;1;0;1;1;1;1;1;0;0;0;0;0;0;0;0;0;0;0;0;0;0;0;0;0;0;0;0;0;0;0;0;0;0;0;0;0;0;0;0;0;0;0;0;0;0;0;0;0;0;0;0;0;0;0;0;0;0;0;0;0;0;0;0;0;0;0;0;0;0;0;0;0;0;0;0;0;0;0;0;0;0;0;0;0;0;0;0;0;0;0;0;0;0;0;0;0;0;0;0;0;0;0;0;0;0;0;0;0;0;0;0;0;0;0;0;0;0;0;0;0;0;0;0;0;0;0;0;0;0;0;0;0;0;0;0;0;0;0;0;0;0;0;0;0;0;0;0;0;0;0;0;0;0;0;0;0;0;0;0;0;0;0;0;0;0;0;0;0;0;0;0;0;0;0;0;0;0;0;0;0;0;0;0;0;0;0.443299;0.556701;0;0;0;0;0;0;0;0;0;0;0;0;0;0;0;0;0;0;0;0;0;0;0;0;0;0;0;0;0;0;0;0;0;0;0;0;0;0;0;0;0;0;0;0;0;0;0;0;0;0;0;0;0;0;0;0;0;0;0.401766;0.598234;0;0;0;0;0;0;0;0;0;0;0;0;0;0;0;0;0;0;0;0;0;0;0;0;0;0;0;0;0;0;0;0;0;0;0;0;0;0;0.417219;0.582781;0;0;0;0;0;0;0;0;0;0;0;0;0;0;0;0;0;0;0;0;0;0;0;0;0;0;0;0;0;0;0;0;0;0;0;0;0.102941;0;0.411765;0.485294;0;0;0;0;0;0;0;0;0;0;0;0;0;0;0;0;0.237251;0;0.463415;0.299335;0;0;0;0;0;0;0;0;0;0;0;0;0;0;0;0.0813187;0.136264;0;0.382418;0.4;0;0;0;0;0;0;0;0;0;0;0;0;0;0;0;0;0.16777;0;0.441501;0.390728;0;0;0;0;0;0;0;0;0;0;0;0;0;0;0;0.0375276;0.0573951;0;0.322296;0.582781
"data/lien_0.dat";0;"9 12 14 16 17 18 19 20";8;0.206512;dtwext;data/dan_0.dat;0;4000;800;11;0.75;1;50;0.05;1;1;0.1;0;1.2;0.3;0.3;0;2;1e-005;0.0001;0.0001;0.0001;0.0001;0.206512;0;0;0;0;0;0;0;0;1;0;0;1;0;1;0;1;1;1;1;1;0;0;0;0;0;0;0;0;0;0;0;0;0;0;0;0;0;0;0;0;0;0;0;0;0;0;0;0;0;0;0;0;0;0;0;0;0;0;0;0;0;0;0;0;0;0;0;0;0;0;0;0;0;0;0;0;0;0;0;0;0;0;0;0;0;0;0;0;0;0;0;0;0;0;0;0;0;0;0;0;0;0;0;0;0;0;0;0;0;0;0;0;0;0;0;0;0;0;0;0;0;0;0;0;0;0;0;0;0;0;0;0;0;0;0;0;0;0;0;0;0;0;0;0;0;0;0;0;0;0;0;0;0;0;0;0;0;0;0;0;0;0;0;0;0;0;0;0;0;0;0;0;0;0;0;0;0;0;0;0;0;0;0;0;0;0;0;0;0.397933;0;0;0.0878553;0;0;0;0.25323;0;0.0129199;0.191214;0.0568475;0;0;0;0;0;0;0;0;0;0;0;0;0;0;0;0;0;0;0;0;0;0;0;0;0;0;0;0;0;0;0;0;0;0;0;0;0;0;0;0;0;0;0;0;0;0;0;0;0.25;0;0;0.29646;0;0.0353982;0;0.174779;0.0309735;0.0353982;0.176991;0;0;0;0;0;0;0;0;0;0;0;0;0;0;0;0;0;0;0;0;0;0;0;0;0;0;0;0;0;0.373894;0;0;0.188053;0;0.303097;0;0.00442478;0.0575221;0.0575221;0.0154867;0;0;0;0;0;0;0;0;0;0;0;0;0;0;0;0;0;0;0;0;0;0;0;0;0;0;0;0;0;0.366864;0;0;0.346154;0;0.0384615;0;0.204142;0.0177515;0.0266272;0;0;0;0;0;0;0;0;0;0;0.2949;0;0;0.179601;0;0.0776053;0;0.135255;0.13082;0;0.181818;0;0;0;0;0;0;0;0;0;0.293333;0;0;0.0911111;0;0.0866667;0;0.224444;0.0155556;0.226667;0.00666667;0.0555556;0;0;0;0;0;0;0;0;0.327434;0;0;0.234513;0;0.223451;0;0.0353982;0.0995575;0.0132743;0.0663717;0;0;0;0;0;0;0;0;0;0.419069;0;0;0.115299;0;0.0288248;0;0.186253;0.0133038;0.210643;0;0.0266075
"data/lien_45.dat";0;"9 12 14 16 17 18 19 20";8;0.166813;dtwext;data/dan_0.dat;0;4000;800;11;0.75;1;50;0.05;1;1;0.1;0;1.2;0.3;0.3;0;2;1e-005;0.0001;0.0001;0.0001;0.0001;0.166813;0;0;0;0;0;0;0;0;1;0;0;1;0;1;0;1;1;1;1;1;0;0;0;0;0;0;0;0;0;0;0;0;0;0;0;0;0;0;0;0;0;0;0;0;0;0;0;0;0;0;0;0;0;0;0;0;0;0;0;0;0;0;0;0;0;0;0;0;0;0;0;0;0;0;0;0;0;0;0;0;0;0;0;0;0;0;0;0;0;0;0;0;0;0;0;0;0;0;0;0;0;0;0;0;0;0;0;0;0;0;0;0;0;0;0;0;0;0;0;0;0;0;0;0;0;0;0;0;0;0;0;0;0;0;0;0;0;0;0;0;0;0;0;0;0;0;0;0;0;0;0;0;0;0;0;0;0;0;0;0;0;0;0;0;0;0;0;0;0;0;0;0;0;0;0;0;0;0;0;0;0;0;0;0;0;0;0;0;0.105943;0;0;0;0;0;0;0.0155039;0.0129199;0;0.498708;0.366925;0;0;0;0;0;0;0;0;0;0;0;0;0;0;0;0;0;0;0;0;0;0;0;0;0;0;0;0;0;0;0;0;0;0;0;0;0;0;0;0;0;0;0;0;0;0;0;0;0;0;0;0;0;0;0;0.013245;0.119205;0;0.459161;0.408389;0;0;0;0;0;0;0;0;0;0;0;0;0;0;0;0;0;0;0;0;0;0;0;0;0;0;0;0;0;0;0;0;0;0;0;0.00441501;0.0551876;0;0.406181;0.534216;0;0;0;0;0;0;0;0;0;0;0;0;0;0;0;0;0;0;0;0;0;0;0;0;0;0;0;0;0;0;0;0;0;0;0;0;0.185841;0;0.445428;0.368732;0;0;0;0;0;0;0;0;0;0;0;0;0;0;0;0.00443459;0.334812;0;0.490022;0.170732;0;0;0;0;0;0;0;0;0.0750552;0;0;0;0;0;0;0.13245;0.229581;0;0.262693;0.300221;0;0;0;0;0;0;0;0;0.00222222;0;0;0;0;0;0;0;0.275556;0;0.486667;0.235556;0;0;0;0;0;0;0;0;0;0;0;0;0;0;0;0.0995575;0.181416;0;0.311947;0.40708
"data/lien_90.dat";0;"9 12 14 16 17 18 19 20";8;0.128781;dtwext;data/dan_0.dat;0;4000;800;11;0.75;1;50;0.05;1;1;0.1;0;1.2;0.3;0.3;0;2;1e-005;0.0001;0.0001;0.0001;0.0001;0.128781;0;0;0;0;0;0;0;0;1;0;0;1;0;1;0;1;1;1;1;1;0;0;0;0;0;0;0;0;0;0;0;0;0;0;0;0;0;0;0;0;0;0;0;0;0;0;0;0;0;0;0;0;0;0;0;0;0;0;0;0;0;0;0;0;0;0;0;0;0;0;0;0;0;0;0;0;0;0;0;0;0;0;0;0;0;0;0;0;0;0;0;0;0;0;0;0;0;0;0;0;0;0;0;0;0;0;0;0;0;0;0;0;0;0;0;0;0;0;0;0;0;0;0;0;0;0;0;0;0;0;0;0;0;0;0;0;0;0;0;0;0;0;0;0;0;0;0;0;0;0;0;0;0;0;0;0;0;0;0;0;0;0;0;0;0;0;0;0;0;0;0;0;0;0;0;0;0;0;0;0;0;0;0;0;0;0;0;0;0;0;0;0;0;0;0;0.0102564;0.00512821;0;0.484615;0.5;0;0;0;0;0;0;0;0;0;0;0;0;0;0;0;0;0;0;0;0;0;0;0;0;0;0;0;0;0;0;0;0;0;0;0;0;0;0;0;0;0;0;0;0;0;0;0;0;0;0;0;0;0;0;0;0;0.0243902;0;0.450111;0.525499;0;0;0;0;0;0;0;0;0;0;0;0;0;0;0;0;0;0;0;0;0;0;0;0;0;0;0;0;0;0;0;0;0;0;0;0;0.101996;0;0.383592;0.514412;0;0;0;0;0;0;0;0;0;0;0;0;0;0;0;0;0;0;0;0;0;0;0;0;0;0;0;0;0;0;0;0;0;0;0;0;0.085044;0;0.41349;0.501466;0;0;0;0;0;0;0;0;0;0;0;0;0;0;0;0;0.209713;0;0.476821;0.313466;0;0;0;0;0;0;0;0;0;0;0;0;0;0;0;0.0576497;0.210643;0;0.392461;0.339246;0;0;0;0;0;0;0;0;0;0;0;0;0;0;0;0;0.260486;0;0.470199;0.269316;0;0;0;0;0;0;0;0;0;0;0;0;0;0;0;0.0931264;0.235033;0;0.321508;0.350333
"data/maki_0.dat";0;"9 12 14 16 17 18 19 20";8;0.122112;dtwext;data/dan_0.dat;0;4000;800;11;0.75;1;50;0.05;1;1;0.1;0;1.2;0.3;0.3;0;2;1e-005;0.0001;0.0001;0.0001;0.0001;0.122112;0;0;0;0;0;0;0;0;1;0;0;1;0;1;0;1;1;1;1;1;0;0;0;0;0;0;0;0;0;0;0;0;0;0;0;0;0;0;0;0;0;0;0;0;0;0;0;0;0;0;0;0;0;0;0;0;0;0;0;0;0;0;0;0;0;0;0;0;0;0;0;0;0;0;0;0;0;0;0;0;0;0;0;0;0;0;0;0;0;0;0;0;0;0;0;0;0;0;0;0;0;0;0;0;0;0;0;0;0;0;0;0;0;0;0;0;0;0;0;0;0;0;0;0;0;0;0;0;0;0;0;0;0;0;0;0;0;0;0;0;0;0;0;0;0;0;0;0;0;0;0;0;0;0;0;0;0;0;0;0;0;0;0;0;0;0;0;0;0;0;0;0;0;0;0;0;0;0;0;0;0;0;0;0;0;0;0;0;0.0623377;0;0;0;0;0.571429;0;0;0.00779221;0.358442;0;0;0;0;0;0;0;0;0;0;0;0;0;0;0;0;0;0;0;0;0;0;0;0;0;0;0;0;0;0;0;0;0;0;0;0;0;0;0;0;0;0;0;0;0;0;0;0;0;0;0.0619469;0;0;0;0;0.723451;0;0;0.159292;0.050885;0.00442478;0;0;0;0;0;0;0;0;0;0;0;0;0;0;0;0;0;0;0;0;0;0;0;0;0;0;0;0;0;0.0951327;0;0;0.0110619;0;0.289823;0;0;0.402655;0;0.170354;0.0309735;0;0;0;0;0;0;0;0;0;0;0;0;0;0;0;0;0;0;0;0;0;0;0;0;0;0;0;0;0.153392;0;0;0;0;0.557522;0;0.00294985;0.250737;0.0353982;0;0;0;0;0;0;0;0;0;0;0.0464602;0;0;0.050885;0;0.39823;0;0;0.387168;0.0110619;0.106195;0;0;0;0;0;0;0;0;0;0.263274;0;0;0;0;0.362832;0;0.150442;0.0353982;0.188053;0;0;0;0;0;0;0;0;0;0;0.0221729;0;0;0.0509978;0;0.465632;0;0.0221729;0.372506;0.0199557;0.0465632;0;0;0;0;0;0;0;0;0;0.177778;0;0;0.0155556;0;0.533333;0;0.0444444;0.0311111;0.18;0.0177778;0
"data/maki_45.dat";0;"9 12 14 16 17 18 19 20";8;0.115189;dtwext;data/dan_0.dat;0;4000;800;11;0.75;1;50;0.05;1;1;0.1;0;1.2;0.3;0.3;0;2;1e-005;0.0001;0.0001;0.0001;0.0001;0.115189;0;0;0;0;0;0;0;0;1;0;0;1;0;1;0;1;1;1;1;1;0;0;0;0;0;0;0;0;0;0;0;0;0;0;0;0;0;0;0;0;0;0;0;0;0;0;0;0;0;0;0;0;0;0;0;0;0;0;0;0;0;0;0;0;0;0;0;0;0;0;0;0;0;0;0;0;0;0;0;0;0;0;0;0;0;0;0;0;0;0;0;0;0;0;0;0;0;0;0;0;0;0;0;0;0;0;0;0;0;0;0;0;0;0;0;0;0;0;0;0;0;0;0;0;0;0;0;0;0;0;0;0;0;0;0;0;0;0;0;0;0;0;0;0;0;0;0;0;0;0;0;0;0;0;0;0;0;0;0;0;0;0;0;0;0;0;0;0;0;0;0;0;0;0;0;0;0;0;0;0;0;0;0;0;0;0;0;0;0;0;0;0;0;0.862694;0;0;0;0.137306;0;0;0;0;0;0;0;0;0;0;0;0;0;0;0;0;0;0;0;0;0;0;0;0;0;0;0;0;0;0;0;0;0;0;0;0;0;0;0;0;0;0;0;0;0;0;0;0;0;0;0.144124;0;0;0.059867;0;0.796009;0;0;0;0;0;0;0;0;0;0;0;0;0;0;0;0;0;0;0;0;0;0;0;0;0;0;0;0;0;0;0;0;0;0;0.06;0;0;0;0;0.775556;0;0;0;0.164444;0;0;0;0;0;0;0;0;0;0;0;0;0;0;0;0;0;0;0;0;0;0;0;0;0;0;0;0;0;0;0.00887574;0;0;0;0;0.902367;0;0;0;0.0887574;0;0;0;0;0;0;0;0;0;0;0;0;0;0;0;0.694013;0;0;0;0.305987;0;0;0;0;0;0;0;0;0;0;0.0949227;0;0;0;0;0.792494;0;0.0264901;0;0.0860927;0;0;0;0;0;0;0;0;0;0;0;0;0;0;0;0.733925;0;0;0;0.266075;0;0;0;0;0;0;0;0;0;0;0.115044;0;0;0;0;0.688053;0;0.0199115;0;0.176991;0;0
"data/maki_90.dat";0;"9 12 14 16 17 18 19 20";8;0.141954;dtwext;data/dan_0.dat;0;4000;800;11;0.75;1;50;0.05;1;1;0.1;0;1.2;0.3;0.3;0;2;1e-005;0.0001;0.0001;0.0001;0.0001;0.141954;0;0;0;0;0;0;0;0;1;0;0;1;0;1;0;1;1;1;1;1;0;0;0;0;0;0;0;0;0;0;0;0;0;0;0;0;0;0;0;0;0;0;0;0;0;0;0;0;0;0;0;0;0;0;0;0;0;0;0;0;0;0;0;0;0;0;0;0;0;0;0;0;0;0;0;0;0;0;0;0;0;0;0;0;0;0;0;0;0;0;0;0;0;0;0;0;0;0;0;0;0;0;0;0;0;0;0;0;0;0;0;0;0;0;0;0;0;0;0;0;0;0;0;0;0;0;0;0;0;0;0;0;0;0;0;0;0;0;0;0;0;0;0;0;0;0;0;0;0;0;0;0;0;0;0;0;0;0;0;0;0;0;0;0;0;0;0;0;0;0;0;0;0;0;0;0;0;0;0;0;0;0;0;0;0;0;0;0;0;0;0;0;0;0.971429;0;0.0285714;0;0;0;0;0;0;0;0;0;0;0;0;0;0;0;0;0;0;0;0;0;0;0;0;0;0;0;0;0;0;0;0;0;0;0;0;0;0;0;0;0;0;0;0;0;0;0;0;0;0;0;0;0;0;0;0;0;0.722838;0;0.0155211;0;0.261641;0;0;0;0;0;0;0;0;0;0;0;0;0;0;0;0;0;0;0;0;0;0;0;0;0;0;0;0;0;0;0;0;0;0;0;0.808889;0;0.0688889;0;0.122222;0;0;0;0;0;0;0;0;0;0;0;0;0;0;0;0;0;0;0;0;0;0;0;0;0;0;0;0;0;0;0;0;0;0;0;0.931953;0;0.0147929;0;0.0532544;0;0;0;0;0;0;0;0;0;0;0;0;0;0;0;0.690265;0;0.234513;0;0.0752212;0;0;0;0;0;0;0;0;0;0;0;0;0;0.00663717;0;0.681416;0;0;0;0.311947;0;0;0;0;0;0;0;0;0;0;0;0;0;0;0;0.751663;0;0.0997783;0;0.148559;0;0;0;0;0;0;0;0;0;0;0;0;0;0;0;0.64;0;0.00666667;0;0.353333;0;0
