"data/dan_45.dat";0;"9 12 14 16 17 18 19 20";8;0.5;gvf;data/suzanne_45.dat;0;0;1;1;0.01;0.12;30;150;2;55;4000;800;8;0.75;1;50;0.05;1;1;0.1;0;1.2;0.3;0.3;0;2;1e-005;0.0001;0.0001;0.0001;0.0001;0.5;0;0;0;0;0;0;0;0;1;0;0;1;0;1;0;1;1;1;1;1;0;0;0;0;0;0;0;0;0;0;0;0;0;0;0;0;0;0;0;0;0;0;0;0;0;0;0;0;0;0;0;0;0;0;0;0;0;0;0;0;0;0;0;0;0;0;0;0;0;0;0;0;0;0;0;0;0;0;0;0;0;0;0;0;0;0;0;0;0;0;0;0;0;0;0;0;0;0;0;0;0;0;0;0;0;0;0;0;0;0;0;0;0;0;0;0;0;0;0;0;0;0;0;0;0;0;0;0;0;0;0;0;0;0;0;0;0;0;0;0;0;0;0;0;0;0;0;0;0;0;0;0;0;0;0;0;0;0;0;0;0;0;0;0;0;0;0;0;0;0;0;0;0;0;0;0;0;0;0;0;0;0;0;0;0;0;0;0;1;0;0;0;0;0;0;0;0;0;0;0;0;0;0;0;0;0;0;0;0;0;0;0;0;0;0;0;0;0;0;0;0;0;0;0;0;0;0;0;0;0;0;0;0;0;0;0;0;0;0;0;0;0;0;0;0;0;0;0;0;0;0;0.571429;0;0.142857;0;0;0.142857;0;0.142857;0;0;0;0;0;0;0;0;0;0;0;0;0;0;0;0;0;0;0;0;0;0;0;0;0;0;0;0;0;0;0;0;0;0;0.714286;0;0;0.142857;0.142857;0;0;0;0;0;0;0;0;0;0;0;0;0;0;0;0;0;0;0;0;0;0;0;0;0;0;0;0;0;0;0;0;0;0.285714;0;0.428571;0;0.285714;0;0;0;0;0;0;0;0;0;0;0;0;0.285714;0;0;0;0;0;0;0.142857;0.571429;0;0;0;0;0;0;0;0;0;0;0;0;0;0;0;0;0.142857;0;0.142857;0;0.571429;0;0.142857;0;0;0;0;0;0;0;0;0.142857;0;0;0;0;0.714286;0;0;0;0.142857;0;0;0;0;0;0;0;0;0;0;0;0;0;0.428571;0;0.285714;0;0;0;0;0;0.285714
"data/jan_45.dat";0;"9 12 14 16 17 18 19 20";8;0.678571;gvf;data/suzanne_45.dat;0;0;1;1;0.01;0.12;30;150;2;55;4000;800;8;0.75;1;50;0.05;1;1;0.1;0;1.2;0.3;0.3;0;2;1e-005;0.0001;0.0001;0.0001;0.0001;0.678571;0;0;0;0;0;0;0;0;1;0;0;1;0;1;0;1;1;1;1;1;0;0;0;0;0;0;0;0;0;0;0;0;0;0;0;0;0;0;0;0;0;0;0;0;0;0;0;0;0;0;0;0;0;0;0;0;0;0;0;0;0;0;0;0;0;0;0;0;0;0;0;0;0;0;0;0;0;0;0;0;0;0;0;0;0;0;0;0;0;0;0;0;0;0;0;0;0;0;0;0;0;0;0;0;0;0;0;0;0;0;0;0;0;0;0;0;0;0;0;0;0;0;0;0;0;0;0;0;0;0;0;0;0;0;0;0;0;0;0;0;0;0;0;0;0;0;0;0;0;0;0;0;0;0;0;0;0;0;0;0;0;0;0;0;0;0;0;0;0;0;0;0;0;0;0;0;0;0;0;0;0;0;0;0;0;0;0;0;0.714286;0;0;0;0;0;0;0;0.142857;0;0.142857;0;0;0;0;0;0;0;0;0;0;0;0;0;0;0;0;0;0;0;0;0;0;0;0;0;0;0;0;0;0;0;0;0;0;0;0;0;0;0;0;0;0;0;0;0;0;0;0;0;0;0;0;0.428571;0;0.571429;0;0;0;0;0;0;0;0;0;0;0;0;0;0;0;0;0;0;0;0;0;0;0;0;0;0;0;0;0;0;0;0;0;0;0;0;0;0;0;0.714286;0;0;0.142857;0.142857;0;0;0;0;0;0;0;0;0;0;0;0;0;0;0;0;0;0;0;0;0;0;0;0;0;0;0;0;0;0;0;0;0;0;0;0;0;1;0;0;0;0;0;0;0;0;0;0;0;0;0;0;0;0;0;0;0;0.142857;0.857143;0;0;0;0;0;0;0;0;0;0;0;0;0;0;0;0;0;0;0;0;1;0;0;0;0;0;0;0;0;0;0;0;0;0;0.428571;0;0.428571;0;0;0;0;0.142857;0;0;0;0;0;0;0;0;0;0;0;0;0;0;0.428571;0;0;0;0;0;0.571429
"data/lien_45.dat";0;"9 12 14 16 17 18 19 20";8;0.767857;gvf;data/suzanne_45.dat;0;0;1;1;0.01;0.12;30;150;2;55;4000;800;8;0.75;1;50;0.05;1;1;0.1;0;1.2;0.3;0.3;0;2;1e-005;0.0001;0.0001;0.0001;0.0001;0.767857;0;0;0;0;0;0;0;0;1;0;0;1;0;1;0;1;1;1;1;1;0;0;0;0;0;0;0;0;0;0;0;0;0;0;0;0;0;0;0;0;0;0;0;0;0;0;0;0;0;0;0;0;0;0;0;0;0;0;0;0;0;0;0;0;0;0;0;0;0;0;0;0;0;0;0;0;0;0;0;0;0;0;0;0;0;0;0;0;0;0;0;0;0;0;0;0;0;0;0;0;0;0;0;0;0;0;0;0;0;0;0;0;0;0;0;0;0;0;0;0;0;0;0;0;0;0;0;0;0;0;0;0;0;0;0;0;0;0;0;0;0;0;0;0;0;0;0;0;0;0;0;0;0;0;0;0;0;0;0;0;0;0;0;0;0;0;0;0;0;0;0;0;0;0;0;0;0;0;0;0;0;0;0;0;0;0;0;0;0.857143;0;0;0;0;0;0;0;0;0.142857;0;0;0;0;0;0;0;0;0;0;0;0;0;0;0;0;0;0;0;0;0;0;0;0;0;0;0;0;0;0;0;0;0;0;0;0;0;0;0;0;0;0;0;0;0;0;0;0;0;0;0;0;0;0.857143;0;0.142857;0;0;0;0;0;0;0;0;0;0;0;0;0;0;0;0;0;0;0;0;0;0;0;0;0;0;0;0;0;0;0;0;0;0;0;0;0;0;0;0.714286;0;0;0.285714;0;0;0;0;0;0;0;0;0;0;0;0;0;0;0;0;0;0;0;0;0;0;0;0;0;0;0;0;0;0;0;0;0;0;0;0;0;0;1;0;0;0;0;0;0;0;0;0;0;0;0;0.142857;0;0;0.285714;0;0;0;0;0.571429;0;0;0;0;0;0;0;0;0;0;0;0;0;0;0;0;0;0;0;0;1;0;0;0;0;0;0;0;0;0;0;0;0;0;0;0;0.142857;0;0;0.571429;0;0.285714;0;0;0;0;0;0;0;0;0;0;0;0;0;0;0.142857;0;0;0;0;0;0.857143
"data/maki_45.dat";0;"9 12 14 16 17 18 19 20";8;0.196429;gvf;data/suzanne_45.dat;0;0;1;1;0.01;0.12;30;150;2;55;4000;800;8;0.75;1;50;0.05;1;1;0.1;0;1.2;0.3;0.3;0;2;1e-005;0.0001;0.0001;0.0001;0.0001;0.196429;0;0;0;0;0;0;0;0;1;0;0;1;0;1;0;1;1;1;1;1;0;0;0;0;0;0;0;0;0;0;0;0;0;0;0;0;0;0;0;0;0;0;0;0;0;0;0;0;0;0;0;0;0;0;0;0;0;0;0;0;0;0;0;0;0;0;0;0;0;0;0;0;0;0;0;0;0;0;0;0;0;0;0;0;0;0;0;0;0;0;0;0;0;0;0;0;0;0;0;0;0;0;0;0;0;0;0;0;0;0;0;0;0;0;0;0;0;0;0;0;0;0;0;0;0;0;0;0;0;0;0;0;0;0;0;0;0;0;0;0;0;0;0;0;0;0;0;0;0;0;0;0;0;0;0;0;0;0;0;0;0;0;0;0;0;0;0;0;0;0;0;0;0;0;0;0;0;0;0;0;0;0;0;0;0;0;0;0;0;0;0;0;0;0.142857;0;0.428571;0;0.142857;0;0.285714;0;0;0;0;0;0;0;0;0;0;0;0;0;0;0;0;0;0;0;0;0;0;0;0;0;0;0;0;0;0;0;0;0;0;0;0;0;0;0;0;0;0;0;0;0;0;0;0;0;0;0;0;0;0.142857;0;0;0;0.714286;0;0.142857;0;0;0;0;0;0;0;0;0;0;0;0;0;0;0;0;0;0;0;0;0;0;0;0;0;0;0;0;0.142857;0;0;0.142857;0;0.142857;0;0.142857;0.142857;0.142857;0;0.142857;0;0;0;0;0;0;0;0;0;0;0;0;0;0;0;0;0;0;0;0;0;0;0;0;0;0;0;0;0.142857;0;0;0.285714;0;0;0;0;0.142857;0.142857;0.285714;0;0;0;0;0;0;0;0;0;0.142857;0;0;0;0;0.285714;0;0;0.428571;0.142857;0;0;0;0;0;0;0;0;0;0;0.285714;0;0;0;0;0;0;0.142857;0;0.428571;0;0.142857;0;0;0;0;0;0;0;0;0.142857;0;0;0.285714;0;0.428571;0;0;0;0;0.142857;0;0;0;0;0;0;0;0;0;0;0;0;0;0;0;0;0;0;0.571429;0;0.428571
"data/marco_45.dat";0;"9 12 14 16 17 18 19 20";8;0.625;gvf;data/suzanne_45.dat;0;0;1;1;0.01;0.12;30;150;2;55;4000;800;8;0.75;1;50;0.05;1;1;0.1;0;1.2;0.3;0.3;0;2;1e-005;0.0001;0.0001;0.0001;0.0001;0.625;0;0;0;0;0;0;0;0;1;0;0;1;0;1;0;1;1;1;1;1;0;0;0;0;0;0;0;0;0;0;0;0;0;0;0;0;0;0;0;0;0;0;0;0;0;0;0;0;0;0;0;0;0;0;0;0;0;0;0;0;0;0;0;0;0;0;0;0;0;0;0;0;0;0;0;0;0;0;0;0;0;0;0;0;0;0;0;0;0;0;0;0;0;0;0;0;0;0;0;0;0;0;0;0;0;0;0;0;0;0;0;0;0;0;0;0;0;0;0;0;0;0;0;0;0;0;0;0;0;0;0;0;0;0;0;0;0;0;0;0;0;0;0;0;0;0;0;0;0;0;0;0;0;0;0;0;0;0;0;0;0;0;0;0;0;0;0;0;0;0;0;0;0;0;0;0;0;0;0;0;0;0;0;0;0;0;0;0;0.714286;0;0;0;0;0;0;0;0.142857;0.142857;0;0;0;0;0;0;0;0;0;0;0;0;0;0;0;0;0;0;0;0;0;0;0;0;0;0;0;0;0;0;0;0;0;0;0;0;0;0;0;0;0;0;0;0;0;0;0;0;0;0;0;0;0;0.714286;0;0.142857;0;0;0;0;0.142857;0;0;0;0;0;0;0;0;0;0;0;0;0;0;0;0;0;0;0;0;0;0;0;0;0;0;0;0;0;0;0;0;0;0;0.571429;0;0;0.285714;0;0.142857;0;0;0;0;0;0;0;0;0;0;0;0;0;0;0;0;0;0;0;0;0;0;0;0;0;0;0;0;0;0;0;0;0;0;0;0;1;0;0;0;0;0;0;0;0;0;0;0;0;0.285714;0;0;0;0;0;0;0;0.714286;0;0;0;0;0;0;0;0;0;0;0;0;0;0;0;0;0;0;0.142857;0;0.428571;0;0.428571;0;0;0;0;0;0;0;0;0.142857;0;0;0.428571;0;0.142857;0;0;0.142857;0;0.142857;0;0;0;0;0;0;0;0;0;0;0;0;0.142857;0;0.142857;0;0;0;0;0;0.714286
"data/nico_45.dat";0;"9 12 14 16 17 18 19 20";8;0.785714;gvf;data/suzanne_45.dat;0;0;1;1;0.01;0.12;30;150;2;55;4000;800;8;0.75;1;50;0.05;1;1;0.1;0;1.2;0.3;0.3;0;2;1e-005;0.0001;0.0001;0.0001;0.0001;0.785714;0;0;0;0;0;0;0;0;1;0;0;1;0;1;0;1;1;1;1;1;0;0;0;0;0;0;0;0;0;0;0;0;0;0;0;0;0;0;0;0;0;0;0;0;0;0;0;0;0;0;0;0;0;0;0;0;0;0;0;0;0;0;0;0;0;0;0;0;0;0;0;0;0;0;0;0;0;0;0;0;0;0;0;0;0;0;0;0;0;0;0;0;0;0;0;0;0;0;0;0;0;0;0;0;0;0;0;0;0;0;0;0;0;0;0;0;0;0;0;0;0;0;0;0;0;0;0;0;0;0;0;0;0;0;0;0;0;0;0;0;0;0;0;0;0;0;0;0;0;0;0;0;0;0;0;0;0;0;0;0;0;0;0;0;0;0;0;0;0;0;0;0;0;0;0;0;0;0;0;0;0;0;0;0;0;0;0;0;0.714286;0;0;0;0;0;0;0;0;0;0;0.285714;0;0;0;0;0;0;0;0;0;0;0;0;0;0;0;0;0;0;0;0;0;0;0;0;0;0;0;0;0;0;0;0;0;0;0;0;0;0;0;0;0;0;0;0;0;0;0;0;0;0;0;1;0;0;0;0;0;0;0;0;0;0;0;0;0;0;0;0;0;0;0;0;0;0;0;0;0;0;0;0;0;0;0;0;0;0;0;0;0;0;0;0;0;1;0;0;0;0;0;0;0;0;0;0;0;0;0;0;0;0;0;0;0;0;0;0;0;0;0;0;0;0;0;0;0;0;0;0;0.571429;0;0;0;0;0;0;0.285714;0;0.142857;0;0;0;0;0;0;0;0;0;0;0;0;0;0;0;0;0;0;0.857143;0;0;0.142857;0;0;0;0;0;0;0;0;0;0;0;0;0;0;0;0;0;1;0;0;0;0;0;0;0;0;0;0;0.142857;0;0;0.142857;0;0;0;0;0;0;0.714286;0;0;0;0;0;0;0;0;0;0;0;0;0;0;0;0;0;0;0.285714;0;0.714286
"data/suzanne_45.dat";0;"9 12 14 16 17 18 19 20";8;0.821429;gvf;data/suzanne_45.dat;0;0;1;1;0.01;0.12;30;150;2;55;4000;800;8;0.75;1;50;0.05;1;1;0.1;0;1.2;0.3;0.3;0;2;1e-005;0.0001;0.0001;0.0001;0.0001;0.821429;0;0;0;0;0;0;0;0;1;0;0;1;0;1;0;1;1;1;1;1;0;0;0;0;0;0;0;0;0;0;0;0;0;0;0;0;0;0;0;0;0;0;0;0;0;0;0;0;0;0;0;0;0;0;0;0;0;0;0;0;0;0;0;0;0;0;0;0;0;0;0;0;0;0;0;0;0;0;0;0;0;0;0;0;0;0;0;0;0;0;0;0;0;0;0;0;0;0;0;0;0;0;0;0;0;0;0;0;0;0;0;0;0;0;0;0;0;0;0;0;0;0;0;0;0;0;0;0;0;0;0;0;0;0;0;0;0;0;0;0;0;0;0;0;0;0;0;0;0;0;0;0;0;0;0;0;0;0;0;0;0;0;0;0;0;0;0;0;0;0;0;0;0;0;0;0;0;0;0;0;0;0;0;0;0;0;0;0;0.857143;0;0;0;0;0;0;0;0.142857;0;0;0;0;0;0;0;0;0;0;0;0;0;0;0;0;0;0;0;0;0;0;0;0;0;0;0;0;0;0;0;0;0;0;0;0;0;0;0;0;0;0;0;0;0;0;0;0;0;0;0;0;0;0;0.714286;0;0.142857;0;0;0;0;0.142857;0;0;0;0;0;0;0;0;0;0;0;0;0;0;0;0;0;0;0;0;0;0;0;0;0;0;0;0;0;0.142857;0;0;0.142857;0;0.571429;0;0.142857;0;0;0;0;0;0;0;0;0;0;0;0;0;0;0;0;0;0;0;0;0;0;0;0;0;0;0;0;0;0;0;0;0;0;0;0;0;0;0;1;0;0;0;0;0;0;0;0;0;0;0;0;0.142857;0;0;0;0;0;0;0;0.714286;0.142857;0;0;0;0;0;0;0;0;0;0;0;0;0;0;0;0;0;0;0;0.857143;0;0.142857;0;0;0;0;0;0;0;0;0;0;0;0.142857;0;0;0;0;0;0;0.857143;0;0;0;0;0;0;0;0;0;0;0;0;0;0;0;0;0;0;0;0;1
"data/mirjam_45.dat";0;"9 12 14 16 17 18 19 20";8;0.803571;gvf;data/suzanne_45.dat;0;0;1;1;0.01;0.12;30;150;2;55;4000;800;8;0.75;1;50;0.05;1;1;0.1;0;1.2;0.3;0.3;0;2;1e-005;0.0001;0.0001;0.0001;0.0001;0.803571;0;0;0;0;0;0;0;0;1;0;0;1;0;1;0;1;1;1;1;1;0;0;0;0;0;0;0;0;0;0;0;0;0;0;0;0;0;0;0;0;0;0;0;0;0;0;0;0;0;0;0;0;0;0;0;0;0;0;0;0;0;0;0;0;0;0;0;0;0;0;0;0;0;0;0;0;0;0;0;0;0;0;0;0;0;0;0;0;0;0;0;0;0;0;0;0;0;0;0;0;0;0;0;0;0;0;0;0;0;0;0;0;0;0;0;0;0;0;0;0;0;0;0;0;0;0;0;0;0;0;0;0;0;0;0;0;0;0;0;0;0;0;0;0;0;0;0;0;0;0;0;0;0;0;0;0;0;0;0;0;0;0;0;0;0;0;0;0;0;0;0;0;0;0;0;0;0;0;0;0;0;0;0;0;0;0;0;0;1;0;0;0;0;0;0;0;0;0;0;0;0;0;0;0;0;0;0;0;0;0;0;0;0;0;0;0;0;0;0;0;0;0;0;0;0;0;0;0;0;0;0;0;0;0;0;0;0;0;0;0;0;0;0;0;0;0;0;0;0;0;0;0.714286;0;0.142857;0;0;0;0;0.142857;0;0;0;0;0;0;0;0;0;0;0;0;0;0;0;0;0;0;0;0;0;0;0;0;0;0;0;0;0;0;0;0;0;0;0.857143;0;0;0.142857;0;0;0;0;0;0;0;0;0;0;0;0;0;0;0;0;0;0;0;0;0;0;0;0;0;0;0;0;0;0;0;0;0;0;0;0;0.285714;0;0.571429;0.142857;0;0;0;0;0;0;0;0;0;0;0;0.285714;0;0;0;0;0;0;0;0.714286;0;0;0;0;0;0;0;0;0;0;0;0;0;0;0;0;0;0;0;0;1;0;0;0;0;0;0;0;0;0;0;0;0;0;0;0;0;0;0;0.142857;0;0.714286;0.142857;0;0;0;0;0;0;0;0;0;0;0;0;0;0;0;0.142857;0;0;0;0.857143
"data/marije_45.dat";0;"9 12 14 16 17 18 19 20";8;0.714286;gvf;data/suzanne_45.dat;0;0;1;1;0.01;0.12;30;150;2;55;4000;800;8;0.75;1;50;0.05;1;1;0.1;0;1.2;0.3;0.3;0;2;1e-005;0.0001;0.0001;0.0001;0.0001;0.714286;0;0;0;0;0;0;0;0;1;0;0;1;0;1;0;1;1;1;1;1;0;0;0;0;0;0;0;0;0;0;0;0;0;0;0;0;0;0;0;0;0;0;0;0;0;0;0;0;0;0;0;0;0;0;0;0;0;0;0;0;0;0;0;0;0;0;0;0;0;0;0;0;0;0;0;0;0;0;0;0;0;0;0;0;0;0;0;0;0;0;0;0;0;0;0;0;0;0;0;0;0;0;0;0;0;0;0;0;0;0;0;0;0;0;0;0;0;0;0;0;0;0;0;0;0;0;0;0;0;0;0;0;0;0;0;0;0;0;0;0;0;0;0;0;0;0;0;0;0;0;0;0;0;0;0;0;0;0;0;0;0;0;0;0;0;0;0;0;0;0;0;0;0;0;0;0;0;0;0;0;0;0;0;0;0;0;0;0;0.857143;0;0;0;0;0;0;0;0;0.142857;0;0;0;0;0;0;0;0;0;0;0;0;0;0;0;0;0;0;0;0;0;0;0;0;0;0;0;0;0;0;0;0;0;0;0;0;0;0;0;0;0;0;0;0;0;0;0;0;0;0;0;0;0;0.571429;0;0;0;0;0;0;0.428571;0;0;0;0;0;0;0;0;0;0;0;0;0;0;0;0;0;0;0;0;0;0;0;0;0;0;0;0;0;0;0;0;0;0;0.714286;0;0;0.142857;0;0.142857;0;0;0;0;0;0;0;0;0;0;0;0;0;0;0;0;0;0;0;0;0;0;0;0;0;0;0;0;0;0;0;0;0;0;0;0;1;0;0;0;0;0;0;0;0;0;0;0;0;0.142857;0;0;0;0;0;0;0;0.714286;0;0;0.142857;0;0;0;0;0;0;0;0;0;0;0;0.142857;0;0;0;0.142857;0;0.714286;0;0;0;0;0;0;0;0;0;0;0.142857;0;0;0.142857;0;0;0;0;0.285714;0;0.428571;0;0;0;0;0;0;0;0;0;0.142857;0;0;0.142857;0;0;0;0;0;0;0;0.714286
"data/dan_45.dat";1;"9 12 14 16 17 18 19 20";8;0.625;gvf;data/suzanne_45.dat;0;0;1;1;0.01;0.12;30;150;2;55;4000;800;8;0.75;1;50;0.05;1;1;0.1;0;1.2;0.3;0.3;0;2;1e-005;0.0001;0.0001;0.0001;0.0001;0.625;0;0;0;0;0;0;0;0;1;0;0;1;0;1;0;1;1;1;1;1;0;0;0;0;0;0;0;0;0;0;0;0;0;0;0;0;0;0;0;0;0;0;0;0;0;0;0;0;0;0;0;0;0;0;0;0;0;0;0;0;0;0;0;0;0;0;0;0;0;0;0;0;0;0;0;0;0;0;0;0;0;0;0;0;0;0;0;0;0;0;0;0;0;0;0;0;0;0;0;0;0;0;0;0;0;0;0;0;0;0;0;0;0;0;0;0;0;0;0;0;0;0;0;0;0;0;0;0;0;0;0;0;0;0;0;0;0;0;0;0;0;0;0;0;0;0;0;0;0;0;0;0;0;0;0;0;0;0;0;0;0;0;0;0;0;0;0;0;0;0;0;0;0;0;0;0;0;0;0;0;0;0;0;0;0;0;0;0;0.714286;0;0;0.142857;0;0;0;0;0.142857;0;0;0;0;0;0;0;0;0;0;0;0;0;0;0;0;0;0;0;0;0;0;0;0;0;0;0;0;0;0;0;0;0;0;0;0;0;0;0;0;0;0;0;0;0;0;0;0;0;0;0;0;0;0;0.571429;0;0.428571;0;0;0;0;0;0;0;0;0;0;0;0;0;0;0;0;0;0;0;0;0;0;0;0;0;0;0;0;0;0;0;0;0;0;0;0;0;0;0;0.857143;0;0.142857;0;0;0;0;0;0;0;0;0;0;0;0;0;0;0;0;0;0;0;0;0;0;0;0;0;0;0;0;0;0;0;0;0;0;0;0;0;0.428571;0;0.571429;0;0;0;0;0;0;0;0;0;0;0;0;0.142857;0;0;0;0;0.142857;0;0;0.714286;0;0;0;0;0;0;0;0;0;0;0;0;0;0;0;0;0;0;0;0.142857;0.857143;0;0;0;0;0;0;0;0;0;0;0;0;0;0.142857;0;0.714286;0;0;0.142857;0;0;0;0;0;0;0;0;0;0;0;0;0;0;0.142857;0;0.142857;0;0;0;0;0;0.714286
"data/jan_45.dat";1;"9 12 14 16 17 18 19 20";8;0.589286;gvf;data/suzanne_45.dat;0;0;1;1;0.01;0.12;30;150;2;55;4000;800;8;0.75;1;50;0.05;1;1;0.1;0;1.2;0.3;0.3;0;2;1e-005;0.0001;0.0001;0.0001;0.0001;0.589286;0;0;0;0;0;0;0;0;1;0;0;1;0;1;0;1;1;1;1;1;0;0;0;0;0;0;0;0;0;0;0;0;0;0;0;0;0;0;0;0;0;0;0;0;0;0;0;0;0;0;0;0;0;0;0;0;0;0;0;0;0;0;0;0;0;0;0;0;0;0;0;0;0;0;0;0;0;0;0;0;0;0;0;0;0;0;0;0;0;0;0;0;0;0;0;0;0;0;0;0;0;0;0;0;0;0;0;0;0;0;0;0;0;0;0;0;0;0;0;0;0;0;0;0;0;0;0;0;0;0;0;0;0;0;0;0;0;0;0;0;0;0;0;0;0;0;0;0;0;0;0;0;0;0;0;0;0;0;0;0;0;0;0;0;0;0;0;0;0;0;0;0;0;0;0;0;0;0;0;0;0;0;0;0;0;0;0;0;0.714286;0;0;0;0;0.142857;0;0;0.142857;0;0;0;0;0;0;0;0;0;0;0;0;0;0;0;0;0;0;0;0;0;0;0;0;0;0;0;0;0;0;0;0;0;0;0;0;0;0;0;0;0;0;0;0;0;0;0;0;0;0;0;0;0;0;0.285714;0;0.571429;0;0;0;0;0;0.142857;0;0;0;0;0;0;0;0;0;0;0;0;0;0;0;0;0;0;0;0;0;0;0;0;0;0;0;0;0;0;0;0;0;0.857143;0;0.142857;0;0;0;0;0;0;0;0;0;0;0;0;0;0;0;0;0;0;0;0;0;0;0;0;0;0;0;0;0;0;0;0;0;0;0;0;0;0.571429;0;0.428571;0;0;0;0;0;0;0;0;0;0;0;0;0;0;0;0;0;0.142857;0;0;0.285714;0.285714;0.285714;0;0;0;0;0;0;0;0;0;0;0;0;0;0;0;0;0;0;1;0;0;0;0;0;0;0;0;0;0;0;0;0;0.428571;0;0.428571;0;0;0;0;0.142857;0;0;0;0;0;0;0;0;0;0;0;0;0;0;0;0;0;0;0;0;1
"data/lien_45.dat";1;"9 12 14 16 17 18 19 20";8;0.785714;gvf;data/suzanne_45.dat;0;0;1;1;0.01;0.12;30;150;2;55;4000;800;8;0.75;1;50;0.05;1;1;0.1;0;1.2;0.3;0.3;0;2;1e-005;0.0001;0.0001;0.0001;0.0001;0.785714;0;0;0;0;0;0;0;0;1;0;0;1;0;1;0;1;1;1;1;1;0;0;0;0;0;0;0;0;0;0;0;0;0;0;0;0;0;0;0;0;0;0;0;0;0;0;0;0;0;0;0;0;0;0;0;0;0;0;0;0;0;0;0;0;0;0;0;0;0;0;0;0;0;0;0;0;0;0;0;0;0;0;0;0;0;0;0;0;0;0;0;0;0;0;0;0;0;0;0;0;0;0;0;0;0;0;0;0;0;0;0;0;0;0;0;0;0;0;0;0;0;0;0;0;0;0;0;0;0;0;0;0;0;0;0;0;0;0;0;0;0;0;0;0;0;0;0;0;0;0;0;0;0;0;0;0;0;0;0;0;0;0;0;0;0;0;0;0;0;0;0;0;0;0;0;0;0;0;0;0;0;0;0;0;0;0;0;0;1;0;0;0;0;0;0;0;0;0;0;0;0;0;0;0;0;0;0;0;0;0;0;0;0;0;0;0;0;0;0;0;0;0;0;0;0;0;0;0;0;0;0;0;0;0;0;0;0;0;0;0;0;0;0;0;0;0;0;0;0;0;0;0.571429;0;0.142857;0;0.142857;0;0.142857;0;0;0;0;0;0;0;0;0;0;0;0;0;0;0;0;0;0;0;0;0;0;0;0;0;0;0;0;0;0;0;0;0;0;0;1;0;0;0;0;0;0;0;0;0;0;0;0;0;0;0;0;0;0;0;0;0;0;0;0;0;0;0;0;0;0;0;0;0;0;0;0;0;0;0;0;0;1;0;0;0;0;0;0;0;0;0;0;0;0;0.142857;0;0;0;0;0;0;0;0.714286;0;0.142857;0;0;0;0;0;0;0;0;0;0;0;0;0;0;0;0;0;0;1;0;0;0;0;0;0;0;0;0;0;0;0;0;0.285714;0;0;0;0;0.285714;0;0.428571;0;0;0;0;0;0;0;0;0;0;0;0;0.142857;0;0.285714;0;0;0;0;0;0.571429
"data/maki_45.dat";1;"9 12 14 16 17 18 19 20";8;0.196429;gvf;data/suzanne_45.dat;0;0;1;1;0.01;0.12;30;150;2;55;4000;800;8;0.75;1;50;0.05;1;1;0.1;0;1.2;0.3;0.3;0;2;1e-005;0.0001;0.0001;0.0001;0.0001;0.196429;0;0;0;0;0;0;0;0;1;0;0;1;0;1;0;1;1;1;1;1;0;0;0;0;0;0;0;0;0;0;0;0;0;0;0;0;0;0;0;0;0;0;0;0;0;0;0;0;0;0;0;0;0;0;0;0;0;0;0;0;0;0;0;0;0;0;0;0;0;0;0;0;0;0;0;0;0;0;0;0;0;0;0;0;0;0;0;0;0;0;0;0;0;0;0;0;0;0;0;0;0;0;0;0;0;0;0;0;0;0;0;0;0;0;0;0;0;0;0;0;0;0;0;0;0;0;0;0;0;0;0;0;0;0;0;0;0;0;0;0;0;0;0;0;0;0;0;0;0;0;0;0;0;0;0;0;0;0;0;0;0;0;0;0;0;0;0;0;0;0;0;0;0;0;0;0;0;0;0;0;0;0;0;0;0;0;0;0;0.142857;0;0;0.142857;0;0;0;0.285714;0.142857;0;0;0.285714;0;0;0;0;0;0;0;0;0;0;0;0;0;0;0;0;0;0;0;0;0;0;0;0;0;0;0;0;0;0;0;0;0;0;0;0;0;0;0;0;0;0;0;0;0;0;0;0;0;0;0;0.285714;0;0.142857;0;0;0;0.428571;0;0.142857;0;0;0;0;0;0;0;0;0;0;0;0;0;0;0;0;0;0;0;0;0;0;0;0;0;0;0;0;0;0;0;0.142857;0;0.428571;0;0.285714;0;0.142857;0;0;0;0;0;0;0;0;0;0;0;0;0;0;0;0;0;0;0;0;0;0;0;0;0;0;0;0;0;0;0.142857;0;0;0;0;0.428571;0;0.142857;0.142857;0.142857;0;0;0;0;0;0;0;0;0;0;0;0;0;0.142857;0;0.142857;0;0;0.142857;0.142857;0;0.428571;0;0;0;0;0;0;0;0;0;0;0;0;0;0.285714;0;0.142857;0;0.285714;0;0.285714;0;0;0;0;0;0;0;0;0.142857;0;0;0.142857;0;0.428571;0;0;0;0;0.142857;0.142857;0;0;0;0;0;0;0;0;0;0;0;0;0;0;0;0.142857;0;0.714286;0.142857;0
"data/marco_45.dat";1;"9 12 14 16 17 18 19 20";8;0.660714;gvf;data/suzanne_45.dat;0;0;1;1;0.01;0.12;30;150;2;55;4000;800;8;0.75;1;50;0.05;1;1;0.1;0;1.2;0.3;0.3;0;2;1e-005;0.0001;0.0001;0.0001;0.0001;0.660714;0;0;0;0;0;0;0;0;1;0;0;1;0;1;0;1;1;1;1;1;0;0;0;0;0;0;0;0;0;0;0;0;0;0;0;0;0;0;0;0;0;0;0;0;0;0;0;0;0;0;0;0;0;0;0;0;0;0;0;0;0;0;0;0;0;0;0;0;0;0;0;0;0;0;0;0;0;0;0;0;0;0;0;0;0;0;0;0;0;0;0;0;0;0;0;0;0;0;0;0;0;0;0;0;0;0;0;0;0;0;0;0;0;0;0;0;0;0;0;0;0;0;0;0;0;0;0;0;0;0;0;0;0;0;0;0;0;0;0;0;0;0;0;0;0;0;0;0;0;0;0;0;0;0;0;0;0;0;0;0;0;0;0;0;0;0;0;0;0;0;0;0;0;0;0;0;0;0;0;0;0;0;0;0;0;0;0;0;0.714286;0;0;0;0;0;0;0;0.142857;0;0.142857;0;0;0;0;0;0;0;0;0;0;0;0;0;0;0;0;0;0;0;0;0;0;0;0;0;0;0;0;0;0;0;0;0;0;0;0;0;0;0;0;0;0;0;0;0;0;0;0;0;0;0;0;1;0;0;0;0;0;0;0;0;0;0;0;0;0;0;0;0;0;0;0;0;0;0;0;0;0;0;0;0;0;0;0;0;0;0;0;0;0;0;0;0;0;0.571429;0;0.142857;0.285714;0;0;0;0;0;0;0;0;0;0;0;0;0;0;0;0;0;0;0;0;0;0;0;0;0;0;0;0;0;0;0;0;0;0;0;0;0;0;1;0;0;0;0;0;0;0;0;0;0;0;0;0.142857;0;0;0;0;0;0;0;0.714286;0;0;0.142857;0;0;0;0;0;0;0;0;0;0;0;0.142857;0;0;0;0;0;0.142857;0;0.714286;0;0;0;0;0;0;0;0;0.285714;0;0;0;0;0.285714;0;0;0.142857;0.142857;0.142857;0;0;0;0;0;0;0;0;0;0;0;0;0;0;0;0;0;0;0;0;1
"data/nico_45.dat";1;"9 12 14 16 17 18 19 20";8;0.678571;gvf;data/suzanne_45.dat;0;0;1;1;0.01;0.12;30;150;2;55;4000;800;8;0.75;1;50;0.05;1;1;0.1;0;1.2;0.3;0.3;0;2;1e-005;0.0001;0.0001;0.0001;0.0001;0.678571;0;0;0;0;0;0;0;0;1;0;0;1;0;1;0;1;1;1;1;1;0;0;0;0;0;0;0;0;0;0;0;0;0;0;0;0;0;0;0;0;0;0;0;0;0;0;0;0;0;0;0;0;0;0;0;0;0;0;0;0;0;0;0;0;0;0;0;0;0;0;0;0;0;0;0;0;0;0;0;0;0;0;0;0;0;0;0;0;0;0;0;0;0;0;0;0;0;0;0;0;0;0;0;0;0;0;0;0;0;0;0;0;0;0;0;0;0;0;0;0;0;0;0;0;0;0;0;0;0;0;0;0;0;0;0;0;0;0;0;0;0;0;0;0;0;0;0;0;0;0;0;0;0;0;0;0;0;0;0;0;0;0;0;0;0;0;0;0;0;0;0;0;0;0;0;0;0;0;0;0;0;0;0;0;0;0;0;0;0.714286;0;0;0;0;0;0;0;0.142857;0.142857;0;0;0;0;0;0;0;0;0;0;0;0;0;0;0;0;0;0;0;0;0;0;0;0;0;0;0;0;0;0;0;0;0;0;0;0;0;0;0;0;0;0;0;0;0;0;0;0;0;0;0;0;0;1;0;0;0;0;0;0;0;0;0;0;0;0;0;0;0;0;0;0;0;0;0;0;0;0;0;0;0;0;0;0;0;0;0;0;0;0;0;0;0;0;0;1;0;0;0;0;0;0;0;0;0;0;0;0;0;0;0;0;0;0;0;0;0;0;0;0;0;0;0;0;0;0;0;0;0;0;0.428571;0;0;0;0;0;0;0.285714;0;0;0;0.285714;0;0;0;0;0;0;0;0;0;0;0;0;0;0;0;0;0.571429;0;0.142857;0.285714;0;0;0;0;0;0;0;0;0;0;0;0;0;0.142857;0;0;0;0.857143;0;0;0;0;0;0;0;0;0;0;0;0;0;0.571429;0;0;0;0;0;0;0.428571;0;0;0;0;0;0;0;0;0;0.142857;0;0;0.142857;0;0.142857;0;0;0;0;0;0.571429
"data/suzanne_45.dat";1;"9 12 14 16 17 18 19 20";8;0.821429;gvf;data/suzanne_45.dat;0;0;1;1;0.01;0.12;30;150;2;55;4000;800;8;0.75;1;50;0.05;1;1;0.1;0;1.2;0.3;0.3;0;2;1e-005;0.0001;0.0001;0.0001;0.0001;0.821429;0;0;0;0;0;0;0;0;1;0;0;1;0;1;0;1;1;1;1;1;0;0;0;0;0;0;0;0;0;0;0;0;0;0;0;0;0;0;0;0;0;0;0;0;0;0;0;0;0;0;0;0;0;0;0;0;0;0;0;0;0;0;0;0;0;0;0;0;0;0;0;0;0;0;0;0;0;0;0;0;0;0;0;0;0;0;0;0;0;0;0;0;0;0;0;0;0;0;0;0;0;0;0;0;0;0;0;0;0;0;0;0;0;0;0;0;0;0;0;0;0;0;0;0;0;0;0;0;0;0;0;0;0;0;0;0;0;0;0;0;0;0;0;0;0;0;0;0;0;0;0;0;0;0;0;0;0;0;0;0;0;0;0;0;0;0;0;0;0;0;0;0;0;0;0;0;0;0;0;0;0;0;0;0;0;0;0;0;0.857143;0;0;0;0;0;0;0;0.142857;0;0;0;0;0;0;0;0;0;0;0;0;0;0;0;0;0;0;0;0;0;0;0;0;0;0;0;0;0;0;0;0;0;0;0;0;0;0;0;0;0;0;0;0;0;0;0;0;0;0;0;0;0;0;0.714286;0;0.142857;0;0;0;0;0.142857;0;0;0;0;0;0;0;0;0;0;0;0;0;0;0;0;0;0;0;0;0;0;0;0;0;0;0;0;0;0;0;0;0;0;1;0;0;0;0;0;0;0;0;0;0;0;0;0;0;0;0;0;0;0;0;0;0;0;0;0;0;0;0;0;0;0;0;0;0;0;0;0;0;0;0.142857;0;0.857143;0;0;0;0;0;0;0;0;0;0;0;0;0;0;0;0;0;0;0;0;1;0;0;0;0;0;0;0;0;0;0;0;0;0;0;0;0;0;0;0;0;0.857143;0;0.142857;0;0;0;0;0;0;0;0;0;0;0;0.285714;0;0;0;0;0;0;0.714286;0;0;0;0;0;0;0;0;0;0;0;0;0;0;0.142857;0;0;0;0.285714;0;0.571429
"data/mirjam_45.dat";1;"9 12 14 16 17 18 19 20";8;0.785714;gvf;data/suzanne_45.dat;0;0;1;1;0.01;0.12;30;150;2;55;4000;800;8;0.75;1;50;0.05;1;1;0.1;0;1.2;0.3;0.3;0;2;1e-005;0.0001;0.0001;0.0001;0.0001;0.785714;0;0;0;0;0;0;0;0;1;0;0;1;0;1;0;1;1;1;1;1;0;0;0;0;0;0;0;0;0;0;0;0;0;0;0;0;0;0;0;0;0;0;0;0;0;0;0;0;0;0;0;0;0;0;0;0;0;0;0;0;0;0;0;0;0;0;0;0;0;0;0;0;0;0;0;0;0;0;0;0;0;0;0;0;0;0;0;0;0;0;0;0;0;0;0;0;0;0;0;0;0;0;0;0;0;0;0;0;0;0;0;0;0;0;0;0;0;0;0;0;0;0;0;0;0;0;0;0;0;0;0;0;0;0;0;0;0;0;0;0;0;0;0;0;0;0;0;0;0;0;0;0;0;0;0;0;0;0;0;0;0;0;0;0;0;0;0;0;0;0;0;0;0;0;0;0;0;0;0;0;0;0;0;0;0;0;0;0;0.714286;0;0;0;0;0;0;0;0.142857;0;0;0.142857;0;0;0;0;0;0;0;0;0;0;0;0;0;0;0;0;0;0;0;0;0;0;0;0;0;0;0;0;0;0;0;0;0;0;0;0;0;0;0;0;0;0;0;0;0;0;0;0;0;0;0;0.857143;0;0;0;0;0;0;0;0.142857;0;0;0;0;0;0;0;0;0;0;0;0;0;0;0;0;0;0;0;0;0;0;0;0;0;0;0;0;0;0;0;0;0;0.714286;0;0;0;0.285714;0;0;0;0;0;0;0;0;0;0;0;0;0;0;0;0;0;0;0;0;0;0;0;0;0;0;0;0;0;0;0;0;0;0;0;0;0;0.857143;0;0;0.142857;0;0;0;0;0;0;0;0;0;0.142857;0;0;0;0;0;0;0;0.714286;0;0;0.142857;0;0;0;0;0;0;0;0;0;0;0;0;0;0;0;0.142857;0;0.857143;0;0;0;0;0;0;0;0;0;0;0;0;0;0.142857;0;0;0;0;0.142857;0;0.714286;0;0;0;0;0;0;0;0;0;0;0;0;0.142857;0;0;0;0;0;0;0;0.857143
"data/marije_45.dat";1;"9 12 14 16 17 18 19 20";8;0.625;gvf;data/suzanne_45.dat;0;0;1;1;0.01;0.12;30;150;2;55;4000;800;8;0.75;1;50;0.05;1;1;0.1;0;1.2;0.3;0.3;0;2;1e-005;0.0001;0.0001;0.0001;0.0001;0.625;0;0;0;0;0;0;0;0;1;0;0;1;0;1;0;1;1;1;1;1;0;0;0;0;0;0;0;0;0;0;0;0;0;0;0;0;0;0;0;0;0;0;0;0;0;0;0;0;0;0;0;0;0;0;0;0;0;0;0;0;0;0;0;0;0;0;0;0;0;0;0;0;0;0;0;0;0;0;0;0;0;0;0;0;0;0;0;0;0;0;0;0;0;0;0;0;0;0;0;0;0;0;0;0;0;0;0;0;0;0;0;0;0;0;0;0;0;0;0;0;0;0;0;0;0;0;0;0;0;0;0;0;0;0;0;0;0;0;0;0;0;0;0;0;0;0;0;0;0;0;0;0;0;0;0;0;0;0;0;0;0;0;0;0;0;0;0;0;0;0;0;0;0;0;0;0;0;0;0;0;0;0;0;0;0;0;0;0;0.714286;0;0;0.142857;0;0;0;0.142857;0;0;0;0;0;0;0;0;0;0;0;0;0;0;0;0;0;0;0;0;0;0;0;0;0;0;0;0;0;0;0;0;0;0;0;0;0;0;0;0;0;0;0;0;0;0;0;0;0;0;0;0;0;0;0;0.428571;0;0;0;0;0.142857;0.285714;0.142857;0;0;0;0;0;0;0;0;0;0;0;0;0;0;0;0;0;0;0;0;0;0;0;0;0;0;0;0;0;0;0;0;0;0;0.285714;0;0.142857;0;0;0.142857;0.428571;0;0;0;0;0;0;0;0;0;0;0;0;0;0;0;0;0;0;0;0;0;0;0;0;0;0;0;0;0;0;0;0;0;0.142857;0;0.857143;0;0;0;0;0;0;0;0;0;0;0;0;0.142857;0;0;0;0;0;0;0;0.857143;0;0;0;0;0;0;0;0;0;0;0;0;0;0;0;0;0;0;0;0;0.857143;0;0.142857;0;0;0;0;0;0;0;0;0.142857;0;0;0.285714;0;0;0;0;0.285714;0;0.285714;0;0;0;0;0;0;0;0;0;0;0;0;0;0;0;0;0.285714;0;0;0;0.714286
"data/dan_45.dat";2;"9 12 14 16 17 18 19 20";8;0.517857;gvf;data/suzanne_45.dat;0;0;1;1;0.01;0.12;30;150;2;55;4000;800;8;0.75;1;50;0.05;1;1;0.1;0;1.2;0.3;0.3;0;2;1e-005;0.0001;0.0001;0.0001;0.0001;0.517857;0;0;0;0;0;0;0;0;1;0;0;1;0;1;0;1;1;1;1;1;0;0;0;0;0;0;0;0;0;0;0;0;0;0;0;0;0;0;0;0;0;0;0;0;0;0;0;0;0;0;0;0;0;0;0;0;0;0;0;0;0;0;0;0;0;0;0;0;0;0;0;0;0;0;0;0;0;0;0;0;0;0;0;0;0;0;0;0;0;0;0;0;0;0;0;0;0;0;0;0;0;0;0;0;0;0;0;0;0;0;0;0;0;0;0;0;0;0;0;0;0;0;0;0;0;0;0;0;0;0;0;0;0;0;0;0;0;0;0;0;0;0;0;0;0;0;0;0;0;0;0;0;0;0;0;0;0;0;0;0;0;0;0;0;0;0;0;0;0;0;0;0;0;0;0;0;0;0;0;0;0;0;0;0;0;0;0;0;0.714286;0;0;0;0;0;0;0;0;0;0.142857;0.142857;0;0;0;0;0;0;0;0;0;0;0;0;0;0;0;0;0;0;0;0;0;0;0;0;0;0;0;0;0;0;0;0;0;0;0;0;0;0;0;0;0;0;0;0;0;0;0;0;0;0;0;0.142857;0;0.857143;0;0;0;0;0;0;0;0;0;0;0;0;0;0;0;0;0;0;0;0;0;0;0;0;0;0;0;0;0;0;0;0;0;0;0;0;0;0;0;0.714286;0;0;0.285714;0;0;0;0;0;0;0;0;0;0;0;0;0;0;0;0;0;0;0;0;0;0;0;0;0;0;0;0;0;0;0;0;0;0;0;0;0.285714;0;0.571429;0.142857;0;0;0;0;0;0;0;0;0;0;0;0.285714;0;0;0;0;0.142857;0;0;0.428571;0;0.142857;0;0;0;0;0;0;0;0;0;0;0;0;0;0;0;0;0;0;0.714286;0;0.285714;0;0;0;0;0;0;0;0;0;0;0;0;0;0.428571;0;0;0;0;0.428571;0.142857;0;0;0;0;0;0;0;0;0;0;0;0.142857;0;0.428571;0;0;0;0;0;0.428571
"data/jan_45.dat";2;"9 12 14 16 17 18 19 20";8;0.607143;gvf;data/suzanne_45.dat;0;0;1;1;0.01;0.12;30;150;2;55;4000;800;8;0.75;1;50;0.05;1;1;0.1;0;1.2;0.3;0.3;0;2;1e-005;0.0001;0.0001;0.0001;0.0001;0.607143;0;0;0;0;0;0;0;0;1;0;0;1;0;1;0;1;1;1;1;1;0;0;0;0;0;0;0;0;0;0;0;0;0;0;0;0;0;0;0;0;0;0;0;0;0;0;0;0;0;0;0;0;0;0;0;0;0;0;0;0;0;0;0;0;0;0;0;0;0;0;0;0;0;0;0;0;0;0;0;0;0;0;0;0;0;0;0;0;0;0;0;0;0;0;0;0;0;0;0;0;0;0;0;0;0;0;0;0;0;0;0;0;0;0;0;0;0;0;0;0;0;0;0;0;0;0;0;0;0;0;0;0;0;0;0;0;0;0;0;0;0;0;0;0;0;0;0;0;0;0;0;0;0;0;0;0;0;0;0;0;0;0;0;0;0;0;0;0;0;0;0;0;0;0;0;0;0;0;0;0;0;0;0;0;0;0;0;0;0.714286;0;0;0.142857;0;0.142857;0;0;0;0;0;0;0;0;0;0;0;0;0;0;0;0;0;0;0;0;0;0;0;0;0;0;0;0;0;0;0;0;0;0;0;0;0;0;0;0;0;0;0;0;0;0;0;0;0;0;0;0;0;0;0;0;0;0.571429;0;0.428571;0;0;0;0;0;0;0;0;0;0;0;0;0;0;0;0;0;0;0;0;0;0;0;0;0;0;0;0;0;0;0;0;0;0;0;0;0;0;0;0.571429;0;0.142857;0.142857;0;0;0.142857;0;0;0;0;0;0;0;0;0;0;0;0;0;0;0;0;0;0;0;0;0;0;0;0;0;0;0;0;0;0;0;0;0;0;0;1;0;0;0;0;0;0;0;0;0;0;0;0;0;0;0;0;0;0.142857;0;0;0.428571;0.285714;0;0.142857;0;0;0;0;0;0;0;0;0;0;0;0;0;0;0;0;0;0.857143;0;0.142857;0;0;0;0;0;0;0;0;0;0;0;0;0;0.714286;0;0;0;0;0.285714;0;0;0;0;0;0;0;0;0;0;0;0;0;0;0.285714;0;0;0;0.285714;0;0.428571
"data/lien_45.dat";2;"9 12 14 16 17 18 19 20";8;0.607143;gvf;data/suzanne_45.dat;0;0;1;1;0.01;0.12;30;150;2;55;4000;800;8;0.75;1;50;0.05;1;1;0.1;0;1.2;0.3;0.3;0;2;1e-005;0.0001;0.0001;0.0001;0.0001;0.607143;0;0;0;0;0;0;0;0;1;0;0;1;0;1;0;1;1;1;1;1;0;0;0;0;0;0;0;0;0;0;0;0;0;0;0;0;0;0;0;0;0;0;0;0;0;0;0;0;0;0;0;0;0;0;0;0;0;0;0;0;0;0;0;0;0;0;0;0;0;0;0;0;0;0;0;0;0;0;0;0;0;0;0;0;0;0;0;0;0;0;0;0;0;0;0;0;0;0;0;0;0;0;0;0;0;0;0;0;0;0;0;0;0;0;0;0;0;0;0;0;0;0;0;0;0;0;0;0;0;0;0;0;0;0;0;0;0;0;0;0;0;0;0;0;0;0;0;0;0;0;0;0;0;0;0;0;0;0;0;0;0;0;0;0;0;0;0;0;0;0;0;0;0;0;0;0;0;0;0;0;0;0;0;0;0;0;0;0;0.571429;0;0;0;0;0.142857;0;0;0;0;0.285714;0;0;0;0;0;0;0;0;0;0;0;0;0;0;0;0;0;0;0;0;0;0;0;0;0;0;0;0;0;0;0;0;0;0;0;0;0;0;0;0;0;0;0;0;0;0;0;0;0;0;0;0;0.571429;0;0;0;0;0;0;0.285714;0.142857;0;0;0;0;0;0;0;0;0;0;0;0;0;0;0;0;0;0;0;0;0;0;0;0;0;0;0;0;0;0;0;0;0;0.714286;0;0;0.142857;0.142857;0;0;0;0;0;0;0;0;0;0;0;0;0;0;0;0;0;0;0;0;0;0;0;0;0;0;0;0;0;0;0.142857;0;0;0;0;0.142857;0;0.571429;0;0;0;0.142857;0;0;0;0;0;0;0;0;0.142857;0;0;0.142857;0;0;0;0;0.714286;0;0;0;0;0;0;0;0;0;0;0;0;0;0;0;0;0.142857;0;0;0;0.857143;0;0;0;0;0;0;0;0;0;0;0;0;0;0.285714;0;0;0;0;0.285714;0;0.428571;0;0;0;0;0;0;0;0;0;0;0;0;0.285714;0;0.142857;0;0;0;0.142857;0;0.428571
"data/maki_45.dat";2;"9 12 14 16 17 18 19 20";8;0.160714;gvf;data/suzanne_45.dat;0;0;1;1;0.01;0.12;30;150;2;55;4000;800;8;0.75;1;50;0.05;1;1;0.1;0;1.2;0.3;0.3;0;2;1e-005;0.0001;0.0001;0.0001;0.0001;0.160714;0;0;0;0;0;0;0;0;1;0;0;1;0;1;0;1;1;1;1;1;0;0;0;0;0;0;0;0;0;0;0;0;0;0;0;0;0;0;0;0;0;0;0;0;0;0;0;0;0;0;0;0;0;0;0;0;0;0;0;0;0;0;0;0;0;0;0;0;0;0;0;0;0;0;0;0;0;0;0;0;0;0;0;0;0;0;0;0;0;0;0;0;0;0;0;0;0;0;0;0;0;0;0;0;0;0;0;0;0;0;0;0;0;0;0;0;0;0;0;0;0;0;0;0;0;0;0;0;0;0;0;0;0;0;0;0;0;0;0;0;0;0;0;0;0;0;0;0;0;0;0;0;0;0;0;0;0;0;0;0;0;0;0;0;0;0;0;0;0;0;0;0;0;0;0;0;0;0;0;0;0;0;0;0;0;0;0;0;0.285714;0;0;0.142857;0;0.142857;0;0.142857;0.142857;0;0.142857;0;0;0;0;0;0;0;0;0;0;0;0;0;0;0;0;0;0;0;0;0;0;0;0;0;0;0;0;0;0;0;0;0;0;0;0;0;0;0;0;0;0;0;0;0;0;0;0;0;0;0;0;0.285714;0;0.285714;0;0;0;0.285714;0;0.142857;0;0;0;0;0;0;0;0;0;0;0;0;0;0;0;0;0;0;0;0;0;0;0;0;0;0;0;0;0;0;0;0.142857;0;0.285714;0;0.285714;0;0.142857;0.142857;0;0;0;0;0;0;0;0;0;0;0;0;0;0;0;0;0;0;0;0;0;0;0;0;0;0;0;0;0;0.142857;0;0;0.142857;0;0.142857;0;0;0.142857;0.428571;0;0;0;0;0;0;0;0;0;0;0.142857;0;0;0;0;0;0;0.142857;0.285714;0.285714;0.142857;0;0;0;0;0;0;0;0;0;0.285714;0;0;0;0;0.142857;0;0.285714;0;0;0;0.285714;0;0;0;0;0;0;0;0;0;0;0;0.285714;0;0.142857;0;0.285714;0.142857;0;0;0.142857;0;0;0;0;0;0;0;0;0;0;0;0;0;0;0;0;0.142857;0.714286;0;0.142857
"data/marco_45.dat";2;"9 12 14 16 17 18 19 20";8;0.660714;gvf;data/suzanne_45.dat;0;0;1;1;0.01;0.12;30;150;2;55;4000;800;8;0.75;1;50;0.05;1;1;0.1;0;1.2;0.3;0.3;0;2;1e-005;0.0001;0.0001;0.0001;0.0001;0.660714;0;0;0;0;0;0;0;0;1;0;0;1;0;1;0;1;1;1;1;1;0;0;0;0;0;0;0;0;0;0;0;0;0;0;0;0;0;0;0;0;0;0;0;0;0;0;0;0;0;0;0;0;0;0;0;0;0;0;0;0;0;0;0;0;0;0;0;0;0;0;0;0;0;0;0;0;0;0;0;0;0;0;0;0;0;0;0;0;0;0;0;0;0;0;0;0;0;0;0;0;0;0;0;0;0;0;0;0;0;0;0;0;0;0;0;0;0;0;0;0;0;0;0;0;0;0;0;0;0;0;0;0;0;0;0;0;0;0;0;0;0;0;0;0;0;0;0;0;0;0;0;0;0;0;0;0;0;0;0;0;0;0;0;0;0;0;0;0;0;0;0;0;0;0;0;0;0;0;0;0;0;0;0;0;0;0;0;0;0.857143;0;0;0;0;0;0;0;0;0;0.142857;0;0;0;0;0;0;0;0;0;0;0;0;0;0;0;0;0;0;0;0;0;0;0;0;0;0;0;0;0;0;0;0;0;0;0;0;0;0;0;0;0;0;0;0;0;0;0;0;0;0;0;0;0.714286;0;0.142857;0;0;0;0;0.142857;0;0;0;0;0;0;0;0;0;0;0;0;0;0;0;0;0;0;0;0;0;0;0;0;0;0;0;0;0;0;0;0;0;0;0.857143;0;0;0.142857;0;0;0;0;0;0;0;0;0;0;0;0;0;0;0;0;0;0;0;0;0;0;0;0;0;0;0;0;0;0;0;0;0;0;0.142857;0;0;0;0.857143;0;0;0;0;0;0;0;0;0;0;0;0;0.428571;0;0;0;0;0;0;0;0.571429;0;0;0;0;0;0;0;0;0;0;0;0;0;0;0;0;0.142857;0;0;0;0.571429;0;0.285714;0;0;0;0;0;0;0;0;0;0;0;0.142857;0;0.285714;0;0;0.285714;0;0.285714;0;0;0;0;0;0;0;0;0;0.142857;0;0;0;0;0.142857;0;0;0;0.142857;0;0.571429
"data/nico_45.dat";2;"9 12 14 16 17 18 19 20";8;0.714286;gvf;data/suzanne_45.dat;0;0;1;1;0.01;0.12;30;150;2;55;4000;800;8;0.75;1;50;0.05;1;1;0.1;0;1.2;0.3;0.3;0;2;1e-005;0.0001;0.0001;0.0001;0.0001;0.714286;0;0;0;0;0;0;0;0;1;0;0;1;0;1;0;1;1;1;1;1;0;0;0;0;0;0;0;0;0;0;0;0;0;0;0;0;0;0;0;0;0;0;0;0;0;0;0;0;0;0;0;0;0;0;0;0;0;0;0;0;0;0;0;0;0;0;0;0;0;0;0;0;0;0;0;0;0;0;0;0;0;0;0;0;0;0;0;0;0;0;0;0;0;0;0;0;0;0;0;0;0;0;0;0;0;0;0;0;0;0;0;0;0;0;0;0;0;0;0;0;0;0;0;0;0;0;0;0;0;0;0;0;0;0;0;0;0;0;0;0;0;0;0;0;0;0;0;0;0;0;0;0;0;0;0;0;0;0;0;0;0;0;0;0;0;0;0;0;0;0;0;0;0;0;0;0;0;0;0;0;0;0;0;0;0;0;0;0;0.571429;0;0;0;0;0;0;0;0;0;0;0.428571;0;0;0;0;0;0;0;0;0;0;0;0;0;0;0;0;0;0;0;0;0;0;0;0;0;0;0;0;0;0;0;0;0;0;0;0;0;0;0;0;0;0;0;0;0;0;0;0;0;0;0;1;0;0;0;0;0;0;0;0;0;0;0;0;0;0;0;0;0;0;0;0;0;0;0;0;0;0;0;0;0;0;0;0;0;0;0;0;0;0;0;0;0;1;0;0;0;0;0;0;0;0;0;0;0;0;0;0;0;0;0;0;0;0;0;0;0;0;0;0;0;0;0;0;0;0;0;0;0.428571;0;0;0;0;0;0;0.285714;0.142857;0;0;0.142857;0;0;0;0;0;0;0;0;0.142857;0;0;0;0;0;0;0.142857;0.714286;0;0;0;0;0;0;0;0;0;0;0;0;0;0;0;0;0;0;0;0;1;0;0;0;0;0;0;0;0;0;0;0;0;0;0.428571;0;0;0;0;0.142857;0;0.428571;0;0;0;0;0;0;0;0;0;0;0;0;0.142857;0;0.142857;0;0;0;0;0;0.714286
"data/suzanne_45.dat";2;"9 12 14 16 17 18 19 20";8;0.803571;gvf;data/suzanne_45.dat;0;0;1;1;0.01;0.12;30;150;2;55;4000;800;8;0.75;1;50;0.05;1;1;0.1;0;1.2;0.3;0.3;0;2;1e-005;0.0001;0.0001;0.0001;0.0001;0.803571;0;0;0;0;0;0;0;0;1;0;0;1;0;1;0;1;1;1;1;1;0;0;0;0;0;0;0;0;0;0;0;0;0;0;0;0;0;0;0;0;0;0;0;0;0;0;0;0;0;0;0;0;0;0;0;0;0;0;0;0;0;0;0;0;0;0;0;0;0;0;0;0;0;0;0;0;0;0;0;0;0;0;0;0;0;0;0;0;0;0;0;0;0;0;0;0;0;0;0;0;0;0;0;0;0;0;0;0;0;0;0;0;0;0;0;0;0;0;0;0;0;0;0;0;0;0;0;0;0;0;0;0;0;0;0;0;0;0;0;0;0;0;0;0;0;0;0;0;0;0;0;0;0;0;0;0;0;0;0;0;0;0;0;0;0;0;0;0;0;0;0;0;0;0;0;0;0;0;0;0;0;0;0;0;0;0;0;0;0.428571;0;0;0;0;0;0;0.142857;0.285714;0.142857;0;0;0;0;0;0;0;0;0;0;0;0;0;0;0;0;0;0;0;0;0;0;0;0;0;0;0;0;0;0;0;0;0;0;0;0;0;0;0;0;0;0;0;0;0;0;0;0;0;0;0;0;0;0.857143;0;0;0;0;0;0;0.142857;0;0;0;0;0;0;0;0;0;0;0;0;0;0;0;0;0;0;0;0;0;0;0;0;0;0;0;0;0;0;0;0;0;0;1;0;0;0;0;0;0;0;0;0;0;0;0;0;0;0;0;0;0;0;0;0;0;0;0;0;0;0;0;0;0;0;0;0;0;0;0;0;0;0;0;0;1;0;0;0;0;0;0;0;0;0;0;0;0;0.285714;0;0;0;0;0;0;0;0.714286;0;0;0;0;0;0;0;0;0;0;0;0;0;0;0;0;0;0;0;0;1;0;0;0;0;0;0;0;0;0;0;0.142857;0;0;0.285714;0;0;0;0;0.142857;0;0.428571;0;0;0;0;0;0;0;0;0;0;0;0;0;0;0;0;0;0;0;0;1
"data/mirjam_45.dat";2;"9 12 14 16 17 18 19 20";8;0.696429;gvf;data/suzanne_45.dat;0;0;1;1;0.01;0.12;30;150;2;55;4000;800;8;0.75;1;50;0.05;1;1;0.1;0;1.2;0.3;0.3;0;2;1e-005;0.0001;0.0001;0.0001;0.0001;0.696429;0;0;0;0;0;0;0;0;1;0;0;1;0;1;0;1;1;1;1;1;0;0;0;0;0;0;0;0;0;0;0;0;0;0;0;0;0;0;0;0;0;0;0;0;0;0;0;0;0;0;0;0;0;0;0;0;0;0;0;0;0;0;0;0;0;0;0;0;0;0;0;0;0;0;0;0;0;0;0;0;0;0;0;0;0;0;0;0;0;0;0;0;0;0;0;0;0;0;0;0;0;0;0;0;0;0;0;0;0;0;0;0;0;0;0;0;0;0;0;0;0;0;0;0;0;0;0;0;0;0;0;0;0;0;0;0;0;0;0;0;0;0;0;0;0;0;0;0;0;0;0;0;0;0;0;0;0;0;0;0;0;0;0;0;0;0;0;0;0;0;0;0;0;0;0;0;0;0;0;0;0;0;0;0;0;0;0;0;1;0;0;0;0;0;0;0;0;0;0;0;0;0;0;0;0;0;0;0;0;0;0;0;0;0;0;0;0;0;0;0;0;0;0;0;0;0;0;0;0;0;0;0;0;0;0;0;0;0;0;0;0;0;0;0;0;0;0;0;0;0;0;0.428571;0;0.285714;0;0;0;0;0.285714;0;0;0;0;0;0;0;0;0;0;0;0;0;0;0;0;0;0;0;0;0;0;0;0;0;0;0;0;0;0;0;0;0.142857;0;0.714286;0;0;0;0;0;0.142857;0;0;0;0;0;0;0;0;0;0;0;0;0;0;0;0;0;0;0;0;0;0;0;0;0;0;0;0;0;0;0;0;0;0.428571;0;0.428571;0.142857;0;0;0;0;0;0;0;0;0;0;0;0;0;0;0;0;0;0;0.142857;0.714286;0;0;0.142857;0;0;0;0;0;0;0;0;0;0;0;0;0;0;0;0;0;1;0;0;0;0;0;0;0;0;0;0;0;0;0;0.428571;0;0;0;0;0.142857;0;0.428571;0;0;0;0;0;0;0;0;0;0;0;0;0;0;0;0;0;0;0.142857;0;0.857143
"data/marije_45.dat";2;"9 12 14 16 17 18 19 20";8;0.732143;gvf;data/suzanne_45.dat;0;0;1;1;0.01;0.12;30;150;2;55;4000;800;8;0.75;1;50;0.05;1;1;0.1;0;1.2;0.3;0.3;0;2;1e-005;0.0001;0.0001;0.0001;0.0001;0.732143;0;0;0;0;0;0;0;0;1;0;0;1;0;1;0;1;1;1;1;1;0;0;0;0;0;0;0;0;0;0;0;0;0;0;0;0;0;0;0;0;0;0;0;0;0;0;0;0;0;0;0;0;0;0;0;0;0;0;0;0;0;0;0;0;0;0;0;0;0;0;0;0;0;0;0;0;0;0;0;0;0;0;0;0;0;0;0;0;0;0;0;0;0;0;0;0;0;0;0;0;0;0;0;0;0;0;0;0;0;0;0;0;0;0;0;0;0;0;0;0;0;0;0;0;0;0;0;0;0;0;0;0;0;0;0;0;0;0;0;0;0;0;0;0;0;0;0;0;0;0;0;0;0;0;0;0;0;0;0;0;0;0;0;0;0;0;0;0;0;0;0;0;0;0;0;0;0;0;0;0;0;0;0;0;0;0;0;0;1;0;0;0;0;0;0;0;0;0;0;0;0;0;0;0;0;0;0;0;0;0;0;0;0;0;0;0;0;0;0;0;0;0;0;0;0;0;0;0;0;0;0;0;0;0;0;0;0;0;0;0;0;0;0;0;0;0;0;0;0;0;0;0.857143;0;0;0;0;0;0;0.142857;0;0;0;0;0;0;0;0;0;0;0;0;0;0;0;0;0;0;0;0;0;0;0;0;0;0;0;0;0;0;0;0;0.142857;0;0.857143;0;0;0;0;0;0;0;0;0;0;0;0;0;0;0;0;0;0;0;0;0;0;0;0;0;0;0;0;0;0;0;0;0;0;0;0;0;0;0;0.285714;0;0.714286;0;0;0;0;0;0;0;0;0;0;0;0;0.285714;0;0;0;0;0;0;0;0.571429;0;0;0.142857;0;0;0;0;0;0;0;0;0;0;0;0.142857;0;0;0;0;0;0.857143;0;0;0;0;0;0;0;0;0;0;0.142857;0;0;0.142857;0;0;0;0;0.285714;0;0.428571;0;0;0;0;0;0;0;0;0;0;0;0;0.142857;0;0;0;0.285714;0;0;0;0.571429
"data/dan_45.dat";3;"9 12 14 16 17 18 19 20";8;0.625;gvf;data/suzanne_45.dat;0;0;1;1;0.01;0.12;30;150;2;55;4000;800;8;0.75;1;50;0.05;1;1;0.1;0;1.2;0.3;0.3;0;2;1e-005;0.0001;0.0001;0.0001;0.0001;0.625;0;0;0;0;0;0;0;0;1;0;0;1;0;1;0;1;1;1;1;1;0;0;0;0;0;0;0;0;0;0;0;0;0;0;0;0;0;0;0;0;0;0;0;0;0;0;0;0;0;0;0;0;0;0;0;0;0;0;0;0;0;0;0;0;0;0;0;0;0;0;0;0;0;0;0;0;0;0;0;0;0;0;0;0;0;0;0;0;0;0;0;0;0;0;0;0;0;0;0;0;0;0;0;0;0;0;0;0;0;0;0;0;0;0;0;0;0;0;0;0;0;0;0;0;0;0;0;0;0;0;0;0;0;0;0;0;0;0;0;0;0;0;0;0;0;0;0;0;0;0;0;0;0;0;0;0;0;0;0;0;0;0;0;0;0;0;0;0;0;0;0;0;0;0;0;0;0;0;0;0;0;0;0;0;0;0;0;0;1;0;0;0;0;0;0;0;0;0;0;0;0;0;0;0;0;0;0;0;0;0;0;0;0;0;0;0;0;0;0;0;0;0;0;0;0;0;0;0;0;0;0;0;0;0;0;0;0;0;0;0;0;0;0;0;0;0;0;0;0;0;0;0.428571;0;0.285714;0;0;0;0;0.285714;0;0;0;0;0;0;0;0;0;0;0;0;0;0;0;0;0;0;0;0;0;0;0;0;0;0;0;0;0;0;0;0;0;0;0.857143;0;0;0;0;0;0.142857;0;0;0;0;0;0;0;0;0;0;0;0;0;0;0;0;0;0;0;0;0;0;0;0;0;0;0;0;0;0;0;0;0;0.571429;0;0.428571;0;0;0;0;0;0;0;0;0;0;0;0;0;0;0;0.142857;0;0.285714;0;0.142857;0.428571;0;0;0;0;0;0;0;0;0;0;0;0;0;0;0;0;0;0;0;0;1;0;0;0;0;0;0;0;0;0;0;0.142857;0;0;0;0;0.571429;0;0;0.142857;0;0.142857;0;0;0;0;0;0;0;0;0;0;0;0;0.142857;0;0.142857;0;0;0;0;0;0.714286
"data/jan_45.dat";3;"9 12 14 16 17 18 19 20";8;0.482143;gvf;data/suzanne_45.dat;0;0;1;1;0.01;0.12;30;150;2;55;4000;800;8;0.75;1;50;0.05;1;1;0.1;0;1.2;0.3;0.3;0;2;1e-005;0.0001;0.0001;0.0001;0.0001;0.482143;0;0;0;0;0;0;0;0;1;0;0;1;0;1;0;1;1;1;1;1;0;0;0;0;0;0;0;0;0;0;0;0;0;0;0;0;0;0;0;0;0;0;0;0;0;0;0;0;0;0;0;0;0;0;0;0;0;0;0;0;0;0;0;0;0;0;0;0;0;0;0;0;0;0;0;0;0;0;0;0;0;0;0;0;0;0;0;0;0;0;0;0;0;0;0;0;0;0;0;0;0;0;0;0;0;0;0;0;0;0;0;0;0;0;0;0;0;0;0;0;0;0;0;0;0;0;0;0;0;0;0;0;0;0;0;0;0;0;0;0;0;0;0;0;0;0;0;0;0;0;0;0;0;0;0;0;0;0;0;0;0;0;0;0;0;0;0;0;0;0;0;0;0;0;0;0;0;0;0;0;0;0;0;0;0;0;0;0;0.428571;0;0;0.142857;0;0.142857;0;0;0;0.142857;0.142857;0;0;0;0;0;0;0;0;0;0;0;0;0;0;0;0;0;0;0;0;0;0;0;0;0;0;0;0;0;0;0;0;0;0;0;0;0;0;0;0;0;0;0;0;0;0;0;0;0;0;0;0;0.142857;0;0.714286;0;0;0;0;0;0.142857;0;0;0;0;0;0;0;0;0;0;0;0;0;0;0;0;0;0;0;0;0;0;0;0;0;0;0;0;0;0;0;0;0;0.428571;0;0;0.428571;0;0;0.142857;0;0;0;0;0;0;0;0;0;0;0;0;0;0;0;0;0;0;0;0;0;0;0;0;0;0;0;0;0;0;0;0;0;0;0;0.857143;0;0;0;0.142857;0;0;0;0;0;0;0;0;0.142857;0;0;0;0;0.285714;0;0.142857;0.285714;0.142857;0;0;0;0;0;0;0;0;0;0;0;0;0;0;0;0;0;0.142857;0;0.714286;0;0.142857;0;0;0;0;0;0;0;0;0;0;0;0.142857;0;0.571429;0;0;0;0;0.285714;0;0;0;0;0;0;0;0;0;0;0;0;0;0;0.142857;0;0;0;0.142857;0;0.714286
"data/lien_45.dat";3;"9 12 14 16 17 18 19 20";8;0.732143;gvf;data/suzanne_45.dat;0;0;1;1;0.01;0.12;30;150;2;55;4000;800;8;0.75;1;50;0.05;1;1;0.1;0;1.2;0.3;0.3;0;2;1e-005;0.0001;0.0001;0.0001;0.0001;0.732143;0;0;0;0;0;0;0;0;1;0;0;1;0;1;0;1;1;1;1;1;0;0;0;0;0;0;0;0;0;0;0;0;0;0;0;0;0;0;0;0;0;0;0;0;0;0;0;0;0;0;0;0;0;0;0;0;0;0;0;0;0;0;0;0;0;0;0;0;0;0;0;0;0;0;0;0;0;0;0;0;0;0;0;0;0;0;0;0;0;0;0;0;0;0;0;0;0;0;0;0;0;0;0;0;0;0;0;0;0;0;0;0;0;0;0;0;0;0;0;0;0;0;0;0;0;0;0;0;0;0;0;0;0;0;0;0;0;0;0;0;0;0;0;0;0;0;0;0;0;0;0;0;0;0;0;0;0;0;0;0;0;0;0;0;0;0;0;0;0;0;0;0;0;0;0;0;0;0;0;0;0;0;0;0;0;0;0;0;0.714286;0;0;0;0;0.142857;0;0;0;0.142857;0;0;0;0;0;0;0;0;0;0;0;0;0;0;0;0;0;0;0;0;0;0;0;0;0;0;0;0;0;0;0;0;0;0;0;0;0;0;0;0;0;0;0;0;0;0;0;0;0;0;0;0;0;0.714286;0;0;0;0;0;0;0.285714;0;0;0;0;0;0;0;0;0;0;0;0;0;0;0;0;0;0;0;0;0;0;0;0;0;0;0;0;0;0;0;0;0;0;0.857143;0;0;0.142857;0;0;0;0;0;0;0;0;0;0;0;0;0;0;0;0;0;0;0;0;0;0;0;0;0;0;0;0;0;0;0;0;0;0;0;0;0;0;1;0;0;0;0;0;0;0;0;0;0;0;0;0.571429;0;0;0;0;0;0;0;0.428571;0;0;0;0;0;0;0;0;0;0;0;0;0;0;0;0;0;0;0;0;1;0;0;0;0;0;0;0;0;0;0;0;0;0;0.142857;0;0.142857;0;0;0;0;0.714286;0;0;0;0;0;0;0;0;0;0;0;0;0;0;0.428571;0;0.142857;0;0;0;0.428571
"data/maki_45.dat";3;"9 12 14 16 17 18 19 20";8;0.178571;gvf;data/suzanne_45.dat;0;0;1;1;0.01;0.12;30;150;2;55;4000;800;8;0.75;1;50;0.05;1;1;0.1;0;1.2;0.3;0.3;0;2;1e-005;0.0001;0.0001;0.0001;0.0001;0.178571;0;0;0;0;0;0;0;0;1;0;0;1;0;1;0;1;1;1;1;1;0;0;0;0;0;0;0;0;0;0;0;0;0;0;0;0;0;0;0;0;0;0;0;0;0;0;0;0;0;0;0;0;0;0;0;0;0;0;0;0;0;0;0;0;0;0;0;0;0;0;0;0;0;0;0;0;0;0;0;0;0;0;0;0;0;0;0;0;0;0;0;0;0;0;0;0;0;0;0;0;0;0;0;0;0;0;0;0;0;0;0;0;0;0;0;0;0;0;0;0;0;0;0;0;0;0;0;0;0;0;0;0;0;0;0;0;0;0;0;0;0;0;0;0;0;0;0;0;0;0;0;0;0;0;0;0;0;0;0;0;0;0;0;0;0;0;0;0;0;0;0;0;0;0;0;0;0;0;0;0;0;0;0;0;0;0;0;0;0;0;0;0.285714;0;0;0;0.285714;0;0.285714;0;0.142857;0;0;0;0;0;0;0;0;0;0;0;0;0;0;0;0;0;0;0;0;0;0;0;0;0;0;0;0;0;0;0;0;0;0;0;0;0;0;0;0;0;0;0;0;0;0;0;0;0;0;0;0.285714;0;0.285714;0;0;0;0.285714;0;0.142857;0;0;0;0;0;0;0;0;0;0;0;0;0;0;0;0;0;0;0;0;0;0;0;0;0;0;0;0;0;0;0;0;0;0.428571;0;0.142857;0;0.142857;0;0.285714;0;0;0;0;0;0;0;0;0;0;0;0;0;0;0;0;0;0;0;0;0;0;0;0;0;0;0;0;0.142857;0;0;0;0;0;0;0.142857;0.142857;0.428571;0.142857;0;0;0;0;0;0;0;0;0;0.142857;0;0;0;0;0.142857;0;0;0.285714;0.142857;0.285714;0;0;0;0;0;0;0;0;0;0.142857;0;0;0;0;0;0;0.142857;0;0.142857;0;0.571429;0;0;0;0;0;0;0;0;0;0;0;0.285714;0;0.428571;0;0;0.142857;0;0;0.142857;0;0;0;0;0;0;0;0;0;0;0;0;0;0;0;0;0.142857;0.714286;0;0.142857
"data/marco_45.dat";3;"9 12 14 16 17 18 19 20";8;0.660714;gvf;data/suzanne_45.dat;0;0;1;1;0.01;0.12;30;150;2;55;4000;800;8;0.75;1;50;0.05;1;1;0.1;0;1.2;0.3;0.3;0;2;1e-005;0.0001;0.0001;0.0001;0.0001;0.660714;0;0;0;0;0;0;0;0;1;0;0;1;0;1;0;1;1;1;1;1;0;0;0;0;0;0;0;0;0;0;0;0;0;0;0;0;0;0;0;0;0;0;0;0;0;0;0;0;0;0;0;0;0;0;0;0;0;0;0;0;0;0;0;0;0;0;0;0;0;0;0;0;0;0;0;0;0;0;0;0;0;0;0;0;0;0;0;0;0;0;0;0;0;0;0;0;0;0;0;0;0;0;0;0;0;0;0;0;0;0;0;0;0;0;0;0;0;0;0;0;0;0;0;0;0;0;0;0;0;0;0;0;0;0;0;0;0;0;0;0;0;0;0;0;0;0;0;0;0;0;0;0;0;0;0;0;0;0;0;0;0;0;0;0;0;0;0;0;0;0;0;0;0;0;0;0;0;0;0;0;0;0;0;0;0;0;0;0;0.428571;0;0;0;0;0.142857;0;0.142857;0;0.142857;0;0.142857;0;0;0;0;0;0;0;0;0;0;0;0;0;0;0;0;0;0;0;0;0;0;0;0;0;0;0;0;0;0;0;0;0;0;0;0;0;0;0;0;0;0;0;0;0;0;0;0;0;0;0;0.714286;0;0.142857;0;0;0;0.142857;0;0;0;0;0;0;0;0;0;0;0;0;0;0;0;0;0;0;0;0;0;0;0;0;0;0;0;0;0;0;0;0;0;0;0;0.714286;0;0;0.142857;0;0;0.142857;0;0;0;0;0;0;0;0;0;0;0;0;0;0;0;0;0;0;0;0;0;0;0;0;0;0;0;0;0;0;0;0;0;0;0;1;0;0;0;0;0;0;0;0;0;0;0;0;0;0;0;0;0;0.142857;0;0;0.857143;0;0;0;0;0;0;0;0;0;0;0;0;0;0;0.142857;0;0;0;0;0;0.285714;0;0.571429;0;0;0;0;0;0;0;0;0;0;0;0;0;0.285714;0;0;0;0;0.714286;0;0;0;0;0;0;0;0;0;0;0;0;0;0;0;0;0;0;0.428571;0;0.571429
"data/nico_45.dat";3;"9 12 14 16 17 18 19 20";8;0.714286;gvf;data/suzanne_45.dat;0;0;1;1;0.01;0.12;30;150;2;55;4000;800;8;0.75;1;50;0.05;1;1;0.1;0;1.2;0.3;0.3;0;2;1e-005;0.0001;0.0001;0.0001;0.0001;0.714286;0;0;0;0;0;0;0;0;1;0;0;1;0;1;0;1;1;1;1;1;0;0;0;0;0;0;0;0;0;0;0;0;0;0;0;0;0;0;0;0;0;0;0;0;0;0;0;0;0;0;0;0;0;0;0;0;0;0;0;0;0;0;0;0;0;0;0;0;0;0;0;0;0;0;0;0;0;0;0;0;0;0;0;0;0;0;0;0;0;0;0;0;0;0;0;0;0;0;0;0;0;0;0;0;0;0;0;0;0;0;0;0;0;0;0;0;0;0;0;0;0;0;0;0;0;0;0;0;0;0;0;0;0;0;0;0;0;0;0;0;0;0;0;0;0;0;0;0;0;0;0;0;0;0;0;0;0;0;0;0;0;0;0;0;0;0;0;0;0;0;0;0;0;0;0;0;0;0;0;0;0;0;0;0;0;0;0;0;0.571429;0;0;0.142857;0;0;0;0;0;0;0;0.285714;0;0;0;0;0;0;0;0;0;0;0;0;0;0;0;0;0;0;0;0;0;0;0;0;0;0;0;0;0;0;0;0;0;0;0;0;0;0;0;0;0;0;0;0;0;0;0;0;0;0;0;0.857143;0;0;0;0;0;0.142857;0;0;0;0;0;0;0;0;0;0;0;0;0;0;0;0;0;0;0;0;0;0;0;0;0;0;0;0;0;0;0;0;0;0;0;0.857143;0;0;0;0;0;0.142857;0;0;0;0;0;0;0;0;0;0;0;0;0;0;0;0;0;0;0;0;0;0;0;0;0;0;0;0;0.285714;0;0;0;0;0;0;0.428571;0;0;0;0.285714;0;0;0;0;0;0;0;0;0.142857;0;0;0;0;0;0;0;0.714286;0;0;0.142857;0;0;0;0;0;0;0;0;0;0;0;0;0;0;0;0;0;0.857143;0;0.142857;0;0;0;0;0;0;0;0;0;0;0;0.285714;0;0;0;0;0;0;0.714286;0;0;0;0;0;0;0;0;0;0.142857;0;0;0;0;0;0;0;0;0.142857;0;0.714286
"data/suzanne_45.dat";3;"9 12 14 16 17 18 19 20";8;0.839286;gvf;data/suzanne_45.dat;0;0;1;1;0.01;0.12;30;150;2;55;4000;800;8;0.75;1;50;0.05;1;1;0.1;0;1.2;0.3;0.3;0;2;1e-005;0.0001;0.0001;0.0001;0.0001;0.839286;0;0;0;0;0;0;0;0;1;0;0;1;0;1;0;1;1;1;1;1;0;0;0;0;0;0;0;0;0;0;0;0;0;0;0;0;0;0;0;0;0;0;0;0;0;0;0;0;0;0;0;0;0;0;0;0;0;0;0;0;0;0;0;0;0;0;0;0;0;0;0;0;0;0;0;0;0;0;0;0;0;0;0;0;0;0;0;0;0;0;0;0;0;0;0;0;0;0;0;0;0;0;0;0;0;0;0;0;0;0;0;0;0;0;0;0;0;0;0;0;0;0;0;0;0;0;0;0;0;0;0;0;0;0;0;0;0;0;0;0;0;0;0;0;0;0;0;0;0;0;0;0;0;0;0;0;0;0;0;0;0;0;0;0;0;0;0;0;0;0;0;0;0;0;0;0;0;0;0;0;0;0;0;0;0;0;0;0;0.857143;0;0;0;0;0;0;0;0.142857;0;0;0;0;0;0;0;0;0;0;0;0;0;0;0;0;0;0;0;0;0;0;0;0;0;0;0;0;0;0;0;0;0;0;0;0;0;0;0;0;0;0;0;0;0;0;0;0;0;0;0;0;0;0;0.571429;0;0.142857;0;0;0;0;0.285714;0;0;0;0;0;0;0;0;0;0;0;0;0;0;0;0;0;0;0;0;0;0;0;0;0;0;0;0;0;0;0;0;0;0;1;0;0;0;0;0;0;0;0;0;0;0;0;0;0;0;0;0;0;0;0;0;0;0;0;0;0;0;0;0;0;0;0;0;0;0;0;0;0.142857;0;0;0;0.857143;0;0;0;0;0;0;0;0;0;0;0;0;0.428571;0;0;0;0;0;0;0;0.571429;0;0;0;0;0;0;0;0;0;0;0;0;0;0;0;0;0;0;0;0;1;0;0;0;0;0;0;0;0;0;0;0;0;0;0.142857;0;0;0;0;0;0;0.857143;0;0;0;0;0;0;0;0;0;0;0;0;0;0;0;0;0;0;0;0;1
"data/mirjam_45.dat";3;"9 12 14 16 17 18 19 20";8;0.785714;gvf;data/suzanne_45.dat;0;0;1;1;0.01;0.12;30;150;2;55;4000;800;8;0.75;1;50;0.05;1;1;0.1;0;1.2;0.3;0.3;0;2;1e-005;0.0001;0.0001;0.0001;0.0001;0.785714;0;0;0;0;0;0;0;0;1;0;0;1;0;1;0;1;1;1;1;1;0;0;0;0;0;0;0;0;0;0;0;0;0;0;0;0;0;0;0;0;0;0;0;0;0;0;0;0;0;0;0;0;0;0;0;0;0;0;0;0;0;0;0;0;0;0;0;0;0;0;0;0;0;0;0;0;0;0;0;0;0;0;0;0;0;0;0;0;0;0;0;0;0;0;0;0;0;0;0;0;0;0;0;0;0;0;0;0;0;0;0;0;0;0;0;0;0;0;0;0;0;0;0;0;0;0;0;0;0;0;0;0;0;0;0;0;0;0;0;0;0;0;0;0;0;0;0;0;0;0;0;0;0;0;0;0;0;0;0;0;0;0;0;0;0;0;0;0;0;0;0;0;0;0;0;0;0;0;0;0;0;0;0;0;0;0;0;0;1;0;0;0;0;0;0;0;0;0;0;0;0;0;0;0;0;0;0;0;0;0;0;0;0;0;0;0;0;0;0;0;0;0;0;0;0;0;0;0;0;0;0;0;0;0;0;0;0;0;0;0;0;0;0;0;0;0;0;0;0;0;0;1;0;0;0;0;0;0;0;0;0;0;0;0;0;0;0;0;0;0;0;0;0;0;0;0;0;0;0;0;0;0;0;0;0;0;0;0;0;0;0;0;0;0.714286;0;0.142857;0;0;0;0.142857;0;0;0;0;0;0;0;0;0;0;0;0;0;0;0;0;0;0;0;0;0;0;0;0;0;0;0;0;0;0;0;0;0;0.285714;0;0.571429;0;0;0;0.142857;0;0;0;0;0;0;0;0;0.285714;0;0;0;0;0;0;0;0.571429;0;0;0.142857;0;0;0;0;0;0;0;0;0;0;0;0;0;0;0;0;0;0.857143;0;0.142857;0;0;0;0;0;0;0;0;0;0;0;0.142857;0;0;0;0;0;0;0.714286;0.142857;0;0;0;0;0;0;0;0;0;0;0;0;0;0;0;0;0;0.142857;0;0.857143
"data/marije_45.dat";3;"9 12 14 16 17 18 19 20";8;0.714286;gvf;data/suzanne_45.dat;0;0;1;1;0.01;0.12;30;150;2;55;4000;800;8;0.75;1;50;0.05;1;1;0.1;0;1.2;0.3;0.3;0;2;1e-005;0.0001;0.0001;0.0001;0.0001;0.714286;0;0;0;0;0;0;0;0;1;0;0;1;0;1;0;1;1;1;1;1;0;0;0;0;0;0;0;0;0;0;0;0;0;0;0;0;0;0;0;0;0;0;0;0;0;0;0;0;0;0;0;0;0;0;0;0;0;0;0;0;0;0;0;0;0;0;0;0;0;0;0;0;0;0;0;0;0;0;0;0;0;0;0;0;0;0;0;0;0;0;0;0;0;0;0;0;0;0;0;0;0;0;0;0;0;0;0;0;0;0;0;0;0;0;0;0;0;0;0;0;0;0;0;0;0;0;0;0;0;0;0;0;0;0;0;0;0;0;0;0;0;0;0;0;0;0;0;0;0;0;0;0;0;0;0;0;0;0;0;0;0;0;0;0;0;0;0;0;0;0;0;0;0;0;0;0;0;0;0;0;0;0;0;0;0;0;0;0;1;0;0;0;0;0;0;0;0;0;0;0;0;0;0;0;0;0;0;0;0;0;0;0;0;0;0;0;0;0;0;0;0;0;0;0;0;0;0;0;0;0;0;0;0;0;0;0;0;0;0;0;0;0;0;0;0;0;0;0;0;0;0;0.571429;0;0;0;0.142857;0.142857;0.142857;0;0;0;0;0;0;0;0;0;0;0;0;0;0;0;0;0;0;0;0;0;0;0;0;0;0;0;0;0;0;0;0;0;0;0;0.571429;0;0.142857;0.285714;0;0;0;0;0;0;0;0;0;0;0;0;0;0;0;0;0;0;0;0;0;0;0;0;0;0;0;0;0;0;0;0;0;0;0;0;0.142857;0;0.714286;0.142857;0;0;0;0;0;0;0;0;0;0;0;0;0;0;0;0;0;0;0;0.857143;0;0;0.142857;0;0;0;0;0;0;0;0;0.142857;0;0;0;0;0.142857;0;0;0;0.714286;0;0;0;0;0;0;0;0;0;0;0;0;0;0.142857;0;0;0;0;0.142857;0;0.714286;0;0;0;0;0;0;0;0;0;0;0;0;0;0;0;0;0;0;0.428571;0;0.571429
"data/dan_45.dat";4;"9 12 14 16 17 18 19 20";8;0.446429;gvf;data/suzanne_45.dat;0;0;1;1;0.01;0.12;30;150;2;55;4000;800;8;0.75;1;50;0.05;1;1;0.1;0;1.2;0.3;0.3;0;2;1e-005;0.0001;0.0001;0.0001;0.0001;0.446429;0;0;0;0;0;0;0;0;1;0;0;1;0;1;0;1;1;1;1;1;0;0;0;0;0;0;0;0;0;0;0;0;0;0;0;0;0;0;0;0;0;0;0;0;0;0;0;0;0;0;0;0;0;0;0;0;0;0;0;0;0;0;0;0;0;0;0;0;0;0;0;0;0;0;0;0;0;0;0;0;0;0;0;0;0;0;0;0;0;0;0;0;0;0;0;0;0;0;0;0;0;0;0;0;0;0;0;0;0;0;0;0;0;0;0;0;0;0;0;0;0;0;0;0;0;0;0;0;0;0;0;0;0;0;0;0;0;0;0;0;0;0;0;0;0;0;0;0;0;0;0;0;0;0;0;0;0;0;0;0;0;0;0;0;0;0;0;0;0;0;0;0;0;0;0;0;0;0;0;0;0;0;0;0;0;0;0;0;0.571429;0;0;0;0;0.142857;0;0;0.285714;0;0;0;0;0;0;0;0;0;0;0;0;0;0;0;0;0;0;0;0;0;0;0;0;0;0;0;0;0;0;0;0;0;0;0;0;0;0;0;0;0;0;0;0;0;0;0;0;0;0;0;0;0;0;0.571429;0;0.142857;0;0;0;0;0;0.285714;0;0;0;0;0;0;0;0;0;0;0;0;0;0;0;0;0;0;0;0;0;0;0;0;0;0;0;0;0;0;0;0;0;0.428571;0;0;0.571429;0;0;0;0;0;0;0;0;0;0;0;0;0;0;0;0;0;0;0;0;0;0;0;0;0;0;0;0;0;0;0;0;0;0;0;0;0.714286;0;0.285714;0;0;0;0;0;0;0;0;0;0;0;0;0.428571;0;0;0;0;0.142857;0;0;0.285714;0;0.142857;0;0;0;0;0;0;0;0;0;0;0;0;0.142857;0;0.142857;0;0;0.142857;0.571429;0;0;0;0;0;0;0;0;0;0;0.142857;0;0;0;0;0.428571;0;0;0;0;0.428571;0;0;0;0;0;0;0;0;0;0;0;0;0;0;0.571429;0;0;0;0;0;0.428571
"data/jan_45.dat";4;"9 12 14 16 17 18 19 20";8;0.535714;gvf;data/suzanne_45.dat;0;0;1;1;0.01;0.12;30;150;2;55;4000;800;8;0.75;1;50;0.05;1;1;0.1;0;1.2;0.3;0.3;0;2;1e-005;0.0001;0.0001;0.0001;0.0001;0.535714;0;0;0;0;0;0;0;0;1;0;0;1;0;1;0;1;1;1;1;1;0;0;0;0;0;0;0;0;0;0;0;0;0;0;0;0;0;0;0;0;0;0;0;0;0;0;0;0;0;0;0;0;0;0;0;0;0;0;0;0;0;0;0;0;0;0;0;0;0;0;0;0;0;0;0;0;0;0;0;0;0;0;0;0;0;0;0;0;0;0;0;0;0;0;0;0;0;0;0;0;0;0;0;0;0;0;0;0;0;0;0;0;0;0;0;0;0;0;0;0;0;0;0;0;0;0;0;0;0;0;0;0;0;0;0;0;0;0;0;0;0;0;0;0;0;0;0;0;0;0;0;0;0;0;0;0;0;0;0;0;0;0;0;0;0;0;0;0;0;0;0;0;0;0;0;0;0;0;0;0;0;0;0;0;0;0;0;0;0.714286;0;0;0;0;0.285714;0;0;0;0;0;0;0;0;0;0;0;0;0;0;0;0;0;0;0;0;0;0;0;0;0;0;0;0;0;0;0;0;0;0;0;0;0;0;0;0;0;0;0;0;0;0;0;0;0;0;0;0;0;0;0;0;0;0.285714;0;0.714286;0;0;0;0;0;0;0;0;0;0;0;0;0;0;0;0;0;0;0;0;0;0;0;0;0;0;0;0;0;0;0;0;0;0;0;0;0;0;0;0.571429;0;0;0.285714;0.142857;0;0;0;0;0;0;0;0;0;0;0;0;0;0;0;0;0;0;0;0;0;0;0;0;0;0;0;0;0;0;0;0;0;0;0;0;0;1;0;0;0;0;0;0;0;0;0;0;0;0;0.142857;0;0;0.142857;0;0.142857;0;0;0.428571;0.142857;0;0;0;0;0;0;0;0;0;0;0;0;0;0.142857;0;0.142857;0;0;0;0.714286;0;0;0;0;0;0;0;0;0;0;0;0;0;0.285714;0;0.285714;0;0;0.142857;0;0.285714;0;0;0;0;0;0;0;0;0;0;0;0;0;0;0.428571;0;0;0;0.285714;0;0.285714
"data/lien_45.dat";4;"9 12 14 16 17 18 19 20";8;0.803571;gvf;data/suzanne_45.dat;0;0;1;1;0.01;0.12;30;150;2;55;4000;800;8;0.75;1;50;0.05;1;1;0.1;0;1.2;0.3;0.3;0;2;1e-005;0.0001;0.0001;0.0001;0.0001;0.803571;0;0;0;0;0;0;0;0;1;0;0;1;0;1;0;1;1;1;1;1;0;0;0;0;0;0;0;0;0;0;0;0;0;0;0;0;0;0;0;0;0;0;0;0;0;0;0;0;0;0;0;0;0;0;0;0;0;0;0;0;0;0;0;0;0;0;0;0;0;0;0;0;0;0;0;0;0;0;0;0;0;0;0;0;0;0;0;0;0;0;0;0;0;0;0;0;0;0;0;0;0;0;0;0;0;0;0;0;0;0;0;0;0;0;0;0;0;0;0;0;0;0;0;0;0;0;0;0;0;0;0;0;0;0;0;0;0;0;0;0;0;0;0;0;0;0;0;0;0;0;0;0;0;0;0;0;0;0;0;0;0;0;0;0;0;0;0;0;0;0;0;0;0;0;0;0;0;0;0;0;0;0;0;0;0;0;0;0;0.571429;0;0;0;0;0.142857;0;0;0.285714;0;0;0;0;0;0;0;0;0;0;0;0;0;0;0;0;0;0;0;0;0;0;0;0;0;0;0;0;0;0;0;0;0;0;0;0;0;0;0;0;0;0;0;0;0;0;0;0;0;0;0;0;0;0;1;0;0;0;0;0;0;0;0;0;0;0;0;0;0;0;0;0;0;0;0;0;0;0;0;0;0;0;0;0;0;0;0;0;0;0;0;0;0;0;0;0;0.857143;0;0;0.142857;0;0;0;0;0;0;0;0;0;0;0;0;0;0;0;0;0;0;0;0;0;0;0;0;0;0;0;0;0;0;0;0;0;0;0;0;0;0;1;0;0;0;0;0;0;0;0;0;0;0;0;0.142857;0;0;0;0;0;0;0;0.857143;0;0;0;0;0;0;0;0;0;0;0;0;0;0;0;0;0;0;0;0;1;0;0;0;0;0;0;0;0;0;0;0;0;0;0;0;0.285714;0;0;0;0;0.714286;0;0;0;0;0;0;0;0;0;0;0;0;0.142857;0;0.285714;0;0;0.142857;0;0;0.428571
"data/maki_45.dat";4;"9 12 14 16 17 18 19 20";8;0.160714;gvf;data/suzanne_45.dat;0;0;1;1;0.01;0.12;30;150;2;55;4000;800;8;0.75;1;50;0.05;1;1;0.1;0;1.2;0.3;0.3;0;2;1e-005;0.0001;0.0001;0.0001;0.0001;0.160714;0;0;0;0;0;0;0;0;1;0;0;1;0;1;0;1;1;1;1;1;0;0;0;0;0;0;0;0;0;0;0;0;0;0;0;0;0;0;0;0;0;0;0;0;0;0;0;0;0;0;0;0;0;0;0;0;0;0;0;0;0;0;0;0;0;0;0;0;0;0;0;0;0;0;0;0;0;0;0;0;0;0;0;0;0;0;0;0;0;0;0;0;0;0;0;0;0;0;0;0;0;0;0;0;0;0;0;0;0;0;0;0;0;0;0;0;0;0;0;0;0;0;0;0;0;0;0;0;0;0;0;0;0;0;0;0;0;0;0;0;0;0;0;0;0;0;0;0;0;0;0;0;0;0;0;0;0;0;0;0;0;0;0;0;0;0;0;0;0;0;0;0;0;0;0;0;0;0;0;0;0;0;0;0;0;0;0;0;0;0;0;0.142857;0;0.142857;0;0.428571;0.142857;0;0;0.142857;0;0;0;0;0;0;0;0;0;0;0;0;0;0;0;0;0;0;0;0;0;0;0;0;0;0;0;0;0;0;0;0;0;0;0;0;0;0;0;0;0;0;0;0;0;0;0;0;0;0;0;0;0;0;0;0;0;0.857143;0;0.142857;0;0;0;0;0;0;0;0;0;0;0;0;0;0;0;0;0;0;0;0;0;0;0;0;0;0;0;0;0;0;0;0;0;0.571429;0;0;0.142857;0.142857;0;0.142857;0;0;0;0;0;0;0;0;0;0;0;0;0;0;0;0;0;0;0;0;0;0;0;0;0;0;0;0;0.285714;0;0;0.142857;0;0;0;0;0.285714;0;0;0.285714;0;0;0;0;0;0;0;0;0;0;0;0;0;0;0;0.285714;0.428571;0;0.285714;0;0;0;0;0;0;0;0;0;0;0;0;0.285714;0;0.142857;0;0.142857;0;0.142857;0;0.285714;0;0;0;0;0;0;0;0;0.285714;0;0;0;0;0.285714;0;0.142857;0;0;0.142857;0.142857;0;0;0;0;0;0;0;0;0;0;0;0.142857;0;0;0;0;0;0.857143;0;0
"data/marco_45.dat";4;"9 12 14 16 17 18 19 20";8;0.625;gvf;data/suzanne_45.dat;0;0;1;1;0.01;0.12;30;150;2;55;4000;800;8;0.75;1;50;0.05;1;1;0.1;0;1.2;0.3;0.3;0;2;1e-005;0.0001;0.0001;0.0001;0.0001;0.625;0;0;0;0;0;0;0;0;1;0;0;1;0;1;0;1;1;1;1;1;0;0;0;0;0;0;0;0;0;0;0;0;0;0;0;0;0;0;0;0;0;0;0;0;0;0;0;0;0;0;0;0;0;0;0;0;0;0;0;0;0;0;0;0;0;0;0;0;0;0;0;0;0;0;0;0;0;0;0;0;0;0;0;0;0;0;0;0;0;0;0;0;0;0;0;0;0;0;0;0;0;0;0;0;0;0;0;0;0;0;0;0;0;0;0;0;0;0;0;0;0;0;0;0;0;0;0;0;0;0;0;0;0;0;0;0;0;0;0;0;0;0;0;0;0;0;0;0;0;0;0;0;0;0;0;0;0;0;0;0;0;0;0;0;0;0;0;0;0;0;0;0;0;0;0;0;0;0;0;0;0;0;0;0;0;0;0;0;0.714286;0;0;0;0;0;0;0.285714;0;0;0;0;0;0;0;0;0;0;0;0;0;0;0;0;0;0;0;0;0;0;0;0;0;0;0;0;0;0;0;0;0;0;0;0;0;0;0;0;0;0;0;0;0;0;0;0;0;0;0;0;0;0;0;0.714286;0;0.142857;0;0;0;0;0.142857;0;0;0;0;0;0;0;0;0;0;0;0;0;0;0;0;0;0;0;0;0;0;0;0;0;0;0;0;0;0;0;0;0;0;0.714286;0;0;0;0.142857;0;0.142857;0;0;0;0;0;0;0;0;0;0;0;0;0;0;0;0;0;0;0;0;0;0;0;0;0;0;0;0;0;0;0;0;0;0;0;0.857143;0;0;0;0.142857;0;0;0;0;0;0;0;0;0.285714;0;0;0;0;0;0;0;0.571429;0;0.142857;0;0;0;0;0;0;0;0;0;0;0;0;0.142857;0;0.142857;0;0.142857;0;0.428571;0;0.142857;0;0;0;0;0;0;0;0;0.142857;0;0;0;0;0.428571;0;0;0.142857;0;0.142857;0.142857;0;0;0;0;0;0;0;0;0;0;0;0;0;0;0;0;0;0.142857;0;0.857143
"data/nico_45.dat";4;"9 12 14 16 17 18 19 20";8;0.75;gvf;data/suzanne_45.dat;0;0;1;1;0.01;0.12;30;150;2;55;4000;800;8;0.75;1;50;0.05;1;1;0.1;0;1.2;0.3;0.3;0;2;1e-005;0.0001;0.0001;0.0001;0.0001;0.75;0;0;0;0;0;0;0;0;1;0;0;1;0;1;0;1;1;1;1;1;0;0;0;0;0;0;0;0;0;0;0;0;0;0;0;0;0;0;0;0;0;0;0;0;0;0;0;0;0;0;0;0;0;0;0;0;0;0;0;0;0;0;0;0;0;0;0;0;0;0;0;0;0;0;0;0;0;0;0;0;0;0;0;0;0;0;0;0;0;0;0;0;0;0;0;0;0;0;0;0;0;0;0;0;0;0;0;0;0;0;0;0;0;0;0;0;0;0;0;0;0;0;0;0;0;0;0;0;0;0;0;0;0;0;0;0;0;0;0;0;0;0;0;0;0;0;0;0;0;0;0;0;0;0;0;0;0;0;0;0;0;0;0;0;0;0;0;0;0;0;0;0;0;0;0;0;0;0;0;0;0;0;0;0;0;0;0;0;0.714286;0;0;0.142857;0;0;0;0.142857;0;0;0;0;0;0;0;0;0;0;0;0;0;0;0;0;0;0;0;0;0;0;0;0;0;0;0;0;0;0;0;0;0;0;0;0;0;0;0;0;0;0;0;0;0;0;0;0;0;0;0;0;0;0;0;0.714286;0;0;0;0;0;0.142857;0;0.142857;0;0;0;0;0;0;0;0;0;0;0;0;0;0;0;0;0;0;0;0;0;0;0;0;0;0;0;0;0;0;0;0;0;0.857143;0;0.142857;0;0;0;0;0;0;0;0;0;0;0;0;0;0;0;0;0;0;0;0;0;0;0;0;0;0;0;0;0;0;0;0;0.571429;0;0;0;0;0;0;0.428571;0;0;0;0;0;0;0;0;0;0;0;0;0.142857;0;0;0;0;0;0;0;0.571429;0;0;0.285714;0;0;0;0;0;0;0;0;0;0;0;0;0;0;0;0;0;1;0;0;0;0;0;0;0;0;0;0;0;0;0;0.142857;0;0;0;0;0;0;0.857143;0;0;0;0;0;0;0;0;0;0;0;0;0;0;0.142857;0;0;0;0;0;0.857143
"data/suzanne_45.dat";4;"9 12 14 16 17 18 19 20";8;0.821429;gvf;data/suzanne_45.dat;0;0;1;1;0.01;0.12;30;150;2;55;4000;800;8;0.75;1;50;0.05;1;1;0.1;0;1.2;0.3;0.3;0;2;1e-005;0.0001;0.0001;0.0001;0.0001;0.821429;0;0;0;0;0;0;0;0;1;0;0;1;0;1;0;1;1;1;1;1;0;0;0;0;0;0;0;0;0;0;0;0;0;0;0;0;0;0;0;0;0;0;0;0;0;0;0;0;0;0;0;0;0;0;0;0;0;0;0;0;0;0;0;0;0;0;0;0;0;0;0;0;0;0;0;0;0;0;0;0;0;0;0;0;0;0;0;0;0;0;0;0;0;0;0;0;0;0;0;0;0;0;0;0;0;0;0;0;0;0;0;0;0;0;0;0;0;0;0;0;0;0;0;0;0;0;0;0;0;0;0;0;0;0;0;0;0;0;0;0;0;0;0;0;0;0;0;0;0;0;0;0;0;0;0;0;0;0;0;0;0;0;0;0;0;0;0;0;0;0;0;0;0;0;0;0;0;0;0;0;0;0;0;0;0;0;0;0;1;0;0;0;0;0;0;0;0;0;0;0;0;0;0;0;0;0;0;0;0;0;0;0;0;0;0;0;0;0;0;0;0;0;0;0;0;0;0;0;0;0;0;0;0;0;0;0;0;0;0;0;0;0;0;0;0;0;0;0;0;0;0;0.428571;0;0.285714;0;0;0;0;0.285714;0;0;0;0;0;0;0;0;0;0;0;0;0;0;0;0;0;0;0;0;0;0;0;0;0;0;0;0;0;0;0;0;0;0;1;0;0;0;0;0;0;0;0;0;0;0;0;0;0;0;0;0;0;0;0;0;0;0;0;0;0;0;0;0;0;0;0;0;0;0;0;0;0;0;0;0;1;0;0;0;0;0;0;0;0;0;0;0;0;0;0;0;0;0;0;0;0;0.714286;0;0.142857;0.142857;0;0;0;0;0;0;0;0;0;0;0;0;0;0;0;0.142857;0;0.857143;0;0;0;0;0;0;0;0;0;0;0;0;0;0.142857;0;0;0;0;0;0;0.714286;0.142857;0;0;0;0;0;0;0;0;0;0;0;0;0;0;0;0;0;0.142857;0;0.857143
"data/mirjam_45.dat";4;"9 12 14 16 17 18 19 20";8;0.732143;gvf;data/suzanne_45.dat;0;0;1;1;0.01;0.12;30;150;2;55;4000;800;8;0.75;1;50;0.05;1;1;0.1;0;1.2;0.3;0.3;0;2;1e-005;0.0001;0.0001;0.0001;0.0001;0.732143;0;0;0;0;0;0;0;0;1;0;0;1;0;1;0;1;1;1;1;1;0;0;0;0;0;0;0;0;0;0;0;0;0;0;0;0;0;0;0;0;0;0;0;0;0;0;0;0;0;0;0;0;0;0;0;0;0;0;0;0;0;0;0;0;0;0;0;0;0;0;0;0;0;0;0;0;0;0;0;0;0;0;0;0;0;0;0;0;0;0;0;0;0;0;0;0;0;0;0;0;0;0;0;0;0;0;0;0;0;0;0;0;0;0;0;0;0;0;0;0;0;0;0;0;0;0;0;0;0;0;0;0;0;0;0;0;0;0;0;0;0;0;0;0;0;0;0;0;0;0;0;0;0;0;0;0;0;0;0;0;0;0;0;0;0;0;0;0;0;0;0;0;0;0;0;0;0;0;0;0;0;0;0;0;0;0;0;0;1;0;0;0;0;0;0;0;0;0;0;0;0;0;0;0;0;0;0;0;0;0;0;0;0;0;0;0;0;0;0;0;0;0;0;0;0;0;0;0;0;0;0;0;0;0;0;0;0;0;0;0;0;0;0;0;0;0;0;0;0;0;0;0.428571;0;0.428571;0;0;0;0;0.142857;0;0;0;0;0;0;0;0;0;0;0;0;0;0;0;0;0;0;0;0;0;0;0;0;0;0;0;0;0;0;0;0;0;0;0.714286;0;0;0;0;0.142857;0.142857;0;0;0;0;0;0;0;0;0;0;0;0;0;0;0;0;0;0;0;0;0;0;0;0;0;0;0;0;0;0;0;0;0;0;0;0.857143;0;0;0;0.142857;0;0;0;0;0;0;0;0;0.142857;0;0;0;0;0;0;0;0.571429;0;0.142857;0.142857;0;0;0;0;0;0;0;0;0;0;0;0;0;0;0;0.142857;0;0.857143;0;0;0;0;0;0;0;0;0;0;0.142857;0;0;0.142857;0;0;0;0;0.142857;0;0.571429;0;0;0;0;0;0;0;0;0;0;0;0;0.142857;0;0;0;0;0;0;0;0.857143
"data/marije_45.dat";4;"9 12 14 16 17 18 19 20";8;0.785714;gvf;data/suzanne_45.dat;0;0;1;1;0.01;0.12;30;150;2;55;4000;800;8;0.75;1;50;0.05;1;1;0.1;0;1.2;0.3;0.3;0;2;1e-005;0.0001;0.0001;0.0001;0.0001;0.785714;0;0;0;0;0;0;0;0;1;0;0;1;0;1;0;1;1;1;1;1;0;0;0;0;0;0;0;0;0;0;0;0;0;0;0;0;0;0;0;0;0;0;0;0;0;0;0;0;0;0;0;0;0;0;0;0;0;0;0;0;0;0;0;0;0;0;0;0;0;0;0;0;0;0;0;0;0;0;0;0;0;0;0;0;0;0;0;0;0;0;0;0;0;0;0;0;0;0;0;0;0;0;0;0;0;0;0;0;0;0;0;0;0;0;0;0;0;0;0;0;0;0;0;0;0;0;0;0;0;0;0;0;0;0;0;0;0;0;0;0;0;0;0;0;0;0;0;0;0;0;0;0;0;0;0;0;0;0;0;0;0;0;0;0;0;0;0;0;0;0;0;0;0;0;0;0;0;0;0;0;0;0;0;0;0;0;0;0;1;0;0;0;0;0;0;0;0;0;0;0;0;0;0;0;0;0;0;0;0;0;0;0;0;0;0;0;0;0;0;0;0;0;0;0;0;0;0;0;0;0;0;0;0;0;0;0;0;0;0;0;0;0;0;0;0;0;0;0;0;0;0;0.714286;0;0.142857;0;0;0;0;0.142857;0;0;0;0;0;0;0;0;0;0;0;0;0;0;0;0;0;0;0;0;0;0;0;0;0;0;0;0;0;0;0;0;0.142857;0;0.571429;0;0;0.142857;0;0;0.142857;0;0;0;0;0;0;0;0;0;0;0;0;0;0;0;0;0;0;0;0;0;0;0;0;0;0;0;0;0;0;0;0;0;0;0;1;0;0;0;0;0;0;0;0;0;0;0;0;0;0;0;0;0;0;0;0;0.857143;0;0.142857;0;0;0;0;0;0;0;0;0;0;0;0;0;0;0;0;0.142857;0;0.857143;0;0;0;0;0;0;0;0;0;0;0.142857;0;0;0.142857;0;0;0;0;0.285714;0;0.428571;0;0;0;0;0;0;0;0;0;0;0;0;0;0;0.142857;0;0;0;0;0;0.857143
"data/dan_45.dat";5;"9 12 14 16 17 18 19 20";8;0.553571;gvf;data/suzanne_45.dat;0;0;1;1;0.01;0.12;30;150;2;55;4000;800;8;0.75;1;50;0.05;1;1;0.1;0;1.2;0.3;0.3;0;2;1e-005;0.0001;0.0001;0.0001;0.0001;0.553571;0;0;0;0;0;0;0;0;1;0;0;1;0;1;0;1;1;1;1;1;0;0;0;0;0;0;0;0;0;0;0;0;0;0;0;0;0;0;0;0;0;0;0;0;0;0;0;0;0;0;0;0;0;0;0;0;0;0;0;0;0;0;0;0;0;0;0;0;0;0;0;0;0;0;0;0;0;0;0;0;0;0;0;0;0;0;0;0;0;0;0;0;0;0;0;0;0;0;0;0;0;0;0;0;0;0;0;0;0;0;0;0;0;0;0;0;0;0;0;0;0;0;0;0;0;0;0;0;0;0;0;0;0;0;0;0;0;0;0;0;0;0;0;0;0;0;0;0;0;0;0;0;0;0;0;0;0;0;0;0;0;0;0;0;0;0;0;0;0;0;0;0;0;0;0;0;0;0;0;0;0;0;0;0;0;0;0;0;0.428571;0;0;0.285714;0;0.142857;0;0;0.142857;0;0;0;0;0;0;0;0;0;0;0;0;0;0;0;0;0;0;0;0;0;0;0;0;0;0;0;0;0;0;0;0;0;0;0;0;0;0;0;0;0;0;0;0;0;0;0;0;0;0;0;0;0;0;0.428571;0;0.428571;0;0;0;0;0.142857;0;0;0;0;0;0;0;0;0;0;0;0;0;0;0;0;0;0;0;0;0;0;0;0;0;0;0;0;0;0;0;0;0;0;0.857143;0;0;0.142857;0;0;0;0;0;0;0;0;0;0;0;0;0;0;0;0;0;0;0;0;0;0;0;0;0;0;0;0;0;0;0;0;0;0;0;0;0.571429;0;0.428571;0;0;0;0;0;0;0;0;0;0;0;0;0;0;0;0;0;0;0;0;0.857143;0;0.142857;0;0;0;0;0;0;0;0;0;0;0;0;0;0;0.142857;0;0;0;0.857143;0;0;0;0;0;0;0;0;0;0;0.142857;0;0;0.285714;0;0.571429;0;0;0;0;0;0;0;0;0;0;0;0;0;0;0;0;0;0;0;0.428571;0;0;0;0;0;0.571429
"data/jan_45.dat";5;"9 12 14 16 17 18 19 20";8;0.660714;gvf;data/suzanne_45.dat;0;0;1;1;0.01;0.12;30;150;2;55;4000;800;8;0.75;1;50;0.05;1;1;0.1;0;1.2;0.3;0.3;0;2;1e-005;0.0001;0.0001;0.0001;0.0001;0.660714;0;0;0;0;0;0;0;0;1;0;0;1;0;1;0;1;1;1;1;1;0;0;0;0;0;0;0;0;0;0;0;0;0;0;0;0;0;0;0;0;0;0;0;0;0;0;0;0;0;0;0;0;0;0;0;0;0;0;0;0;0;0;0;0;0;0;0;0;0;0;0;0;0;0;0;0;0;0;0;0;0;0;0;0;0;0;0;0;0;0;0;0;0;0;0;0;0;0;0;0;0;0;0;0;0;0;0;0;0;0;0;0;0;0;0;0;0;0;0;0;0;0;0;0;0;0;0;0;0;0;0;0;0;0;0;0;0;0;0;0;0;0;0;0;0;0;0;0;0;0;0;0;0;0;0;0;0;0;0;0;0;0;0;0;0;0;0;0;0;0;0;0;0;0;0;0;0;0;0;0;0;0;0;0;0;0;0;0;0.714286;0;0;0;0;0.142857;0;0;0;0;0;0.142857;0;0;0;0;0;0;0;0;0;0;0;0;0;0;0;0;0;0;0;0;0;0;0;0;0;0;0;0;0;0;0;0;0;0;0;0;0;0;0;0;0;0;0;0;0;0;0;0;0;0;0;0.428571;0;0.428571;0;0;0;0;0;0.142857;0;0;0;0;0;0;0;0;0;0;0;0;0;0;0;0;0;0;0;0;0;0;0;0;0;0;0;0;0;0;0;0;0;0.714286;0;0;0.142857;0;0;0.142857;0;0;0;0;0;0;0;0;0;0;0;0;0;0;0;0;0;0;0;0;0;0;0;0;0;0;0;0;0;0;0;0;0;0;0;0.857143;0;0;0;0.142857;0;0;0;0;0;0;0;0;0.285714;0;0;0.142857;0;0.142857;0;0;0.428571;0;0;0;0;0;0;0;0;0;0;0;0;0;0;0;0;0.142857;0;0;0;0.857143;0;0;0;0;0;0;0;0;0;0;0;0;0;0.142857;0;0;0;0;0.142857;0;0.714286;0;0;0;0;0;0;0;0;0;0;0;0;0.142857;0;0;0;0.142857;0;0.142857;0;0.571429
"data/lien_45.dat";5;"9 12 14 16 17 18 19 20";8;0.678571;gvf;data/suzanne_45.dat;0;0;1;1;0.01;0.12;30;150;2;55;4000;800;8;0.75;1;50;0.05;1;1;0.1;0;1.2;0.3;0.3;0;2;1e-005;0.0001;0.0001;0.0001;0.0001;0.678571;0;0;0;0;0;0;0;0;1;0;0;1;0;1;0;1;1;1;1;1;0;0;0;0;0;0;0;0;0;0;0;0;0;0;0;0;0;0;0;0;0;0;0;0;0;0;0;0;0;0;0;0;0;0;0;0;0;0;0;0;0;0;0;0;0;0;0;0;0;0;0;0;0;0;0;0;0;0;0;0;0;0;0;0;0;0;0;0;0;0;0;0;0;0;0;0;0;0;0;0;0;0;0;0;0;0;0;0;0;0;0;0;0;0;0;0;0;0;0;0;0;0;0;0;0;0;0;0;0;0;0;0;0;0;0;0;0;0;0;0;0;0;0;0;0;0;0;0;0;0;0;0;0;0;0;0;0;0;0;0;0;0;0;0;0;0;0;0;0;0;0;0;0;0;0;0;0;0;0;0;0;0;0;0;0;0;0;0;0.714286;0;0;0;0;0.285714;0;0;0;0;0;0;0;0;0;0;0;0;0;0;0;0;0;0;0;0;0;0;0;0;0;0;0;0;0;0;0;0;0;0;0;0;0;0;0;0;0;0;0;0;0;0;0;0;0;0;0;0;0;0;0;0;0;0.714286;0;0.142857;0;0;0;0;0.142857;0;0;0;0;0;0;0;0;0;0;0;0;0;0;0;0;0;0;0;0;0;0;0;0;0;0;0;0;0;0;0;0;0;0;0.714286;0;0;0.142857;0;0;0.142857;0;0;0;0;0;0;0;0;0;0;0;0;0;0;0;0;0;0;0;0;0;0;0;0;0;0;0;0;0;0;0;0;0;0.142857;0;0.857143;0;0;0;0;0;0;0;0;0;0;0;0;0;0;0;0.142857;0;0;0;0;0.857143;0;0;0;0;0;0;0;0;0;0;0;0;0;0;0;0;0;0;0;0.142857;0.857143;0;0;0;0;0;0;0;0;0;0;0;0;0;0.285714;0;0.142857;0;0;0.142857;0;0.428571;0;0;0;0;0;0;0;0;0;0;0;0;0.285714;0;0.285714;0;0;0;0.142857;0;0.285714
"data/maki_45.dat";5;"9 12 14 16 17 18 19 20";8;0.125;gvf;data/suzanne_45.dat;0;0;1;1;0.01;0.12;30;150;2;55;4000;800;8;0.75;1;50;0.05;1;1;0.1;0;1.2;0.3;0.3;0;2;1e-005;0.0001;0.0001;0.0001;0.0001;0.125;0;0;0;0;0;0;0;0;1;0;0;1;0;1;0;1;1;1;1;1;0;0;0;0;0;0;0;0;0;0;0;0;0;0;0;0;0;0;0;0;0;0;0;0;0;0;0;0;0;0;0;0;0;0;0;0;0;0;0;0;0;0;0;0;0;0;0;0;0;0;0;0;0;0;0;0;0;0;0;0;0;0;0;0;0;0;0;0;0;0;0;0;0;0;0;0;0;0;0;0;0;0;0;0;0;0;0;0;0;0;0;0;0;0;0;0;0;0;0;0;0;0;0;0;0;0;0;0;0;0;0;0;0;0;0;0;0;0;0;0;0;0;0;0;0;0;0;0;0;0;0;0;0;0;0;0;0;0;0;0;0;0;0;0;0;0;0;0;0;0;0;0;0;0;0;0;0;0;0;0;0;0;0;0;0;0;0;0;0;0;0;0;0;0.142857;0;0.285714;0.142857;0.285714;0;0.142857;0;0;0;0;0;0;0;0;0;0;0;0;0;0;0;0;0;0;0;0;0;0;0;0;0;0;0;0;0;0;0;0;0;0;0;0;0;0;0;0;0;0;0;0;0;0;0;0;0;0;0;0;0;0.142857;0;0;0;0.571429;0;0.285714;0;0;0;0;0;0;0;0;0;0;0;0;0;0;0;0;0;0;0;0;0;0;0;0;0;0;0;0;0;0;0;0.142857;0;0;0;0.428571;0;0.142857;0.285714;0;0;0;0;0;0;0;0;0;0;0;0;0;0;0;0;0;0;0;0;0;0;0;0;0;0;0;0;0;0.142857;0;0;0;0;0.142857;0;0.142857;0;0;0.142857;0.428571;0;0;0;0;0;0;0;0;0;0;0;0;0;0.142857;0;0.142857;0.428571;0.142857;0.142857;0;0;0;0;0;0;0;0;0;0.142857;0;0;0;0;0;0;0.571429;0;0.142857;0;0.142857;0;0;0;0;0;0;0;0;0;0;0;0;0;0.714286;0;0;0.285714;0;0;0;0;0;0;0;0;0;0;0;0;0;0;0;0;0;0;0;0;0.714286;0;0.285714
"data/marco_45.dat";5;"9 12 14 16 17 18 19 20";8;0.607143;gvf;data/suzanne_45.dat;0;0;1;1;0.01;0.12;30;150;2;55;4000;800;8;0.75;1;50;0.05;1;1;0.1;0;1.2;0.3;0.3;0;2;1e-005;0.0001;0.0001;0.0001;0.0001;0.607143;0;0;0;0;0;0;0;0;1;0;0;1;0;1;0;1;1;1;1;1;0;0;0;0;0;0;0;0;0;0;0;0;0;0;0;0;0;0;0;0;0;0;0;0;0;0;0;0;0;0;0;0;0;0;0;0;0;0;0;0;0;0;0;0;0;0;0;0;0;0;0;0;0;0;0;0;0;0;0;0;0;0;0;0;0;0;0;0;0;0;0;0;0;0;0;0;0;0;0;0;0;0;0;0;0;0;0;0;0;0;0;0;0;0;0;0;0;0;0;0;0;0;0;0;0;0;0;0;0;0;0;0;0;0;0;0;0;0;0;0;0;0;0;0;0;0;0;0;0;0;0;0;0;0;0;0;0;0;0;0;0;0;0;0;0;0;0;0;0;0;0;0;0;0;0;0;0;0;0;0;0;0;0;0;0;0;0;0;0.714286;0;0;0.142857;0;0;0;0.142857;0;0;0;0;0;0;0;0;0;0;0;0;0;0;0;0;0;0;0;0;0;0;0;0;0;0;0;0;0;0;0;0;0;0;0;0;0;0;0;0;0;0;0;0;0;0;0;0;0;0;0;0;0;0;0;0.857143;0;0.142857;0;0;0;0;0;0;0;0;0;0;0;0;0;0;0;0;0;0;0;0;0;0;0;0;0;0;0;0;0;0;0;0;0;0;0;0;0;0;0;0.857143;0;0;0;0;0.142857;0;0;0;0;0;0;0;0;0;0;0;0;0;0;0;0;0;0;0;0;0;0;0;0;0;0;0;0;0;0.142857;0;0;0;0;0;0;0.857143;0;0;0;0;0;0;0;0;0;0;0;0;0.142857;0;0;0.142857;0;0;0;0.142857;0.428571;0;0.142857;0;0;0;0;0;0;0;0;0;0;0;0;0;0;0;0;0.142857;0;0.714286;0;0.142857;0;0;0;0;0;0;0;0;0.285714;0;0;0;0;0.428571;0;0.142857;0.142857;0;0;0;0;0;0;0;0;0;0;0;0;0;0;0;0;0;0;0;0;0.571429;0;0.428571
"data/nico_45.dat";5;"9 12 14 16 17 18 19 20";8;0.839286;gvf;data/suzanne_45.dat;0;0;1;1;0.01;0.12;30;150;2;55;4000;800;8;0.75;1;50;0.05;1;1;0.1;0;1.2;0.3;0.3;0;2;1e-005;0.0001;0.0001;0.0001;0.0001;0.839286;0;0;0;0;0;0;0;0;1;0;0;1;0;1;0;1;1;1;1;1;0;0;0;0;0;0;0;0;0;0;0;0;0;0;0;0;0;0;0;0;0;0;0;0;0;0;0;0;0;0;0;0;0;0;0;0;0;0;0;0;0;0;0;0;0;0;0;0;0;0;0;0;0;0;0;0;0;0;0;0;0;0;0;0;0;0;0;0;0;0;0;0;0;0;0;0;0;0;0;0;0;0;0;0;0;0;0;0;0;0;0;0;0;0;0;0;0;0;0;0;0;0;0;0;0;0;0;0;0;0;0;0;0;0;0;0;0;0;0;0;0;0;0;0;0;0;0;0;0;0;0;0;0;0;0;0;0;0;0;0;0;0;0;0;0;0;0;0;0;0;0;0;0;0;0;0;0;0;0;0;0;0;0;0;0;0;0;0;1;0;0;0;0;0;0;0;0;0;0;0;0;0;0;0;0;0;0;0;0;0;0;0;0;0;0;0;0;0;0;0;0;0;0;0;0;0;0;0;0;0;0;0;0;0;0;0;0;0;0;0;0;0;0;0;0;0;0;0;0;0;0;0.857143;0;0;0;0;0;0;0;0.142857;0;0;0;0;0;0;0;0;0;0;0;0;0;0;0;0;0;0;0;0;0;0;0;0;0;0;0;0;0;0;0;0;0;1;0;0;0;0;0;0;0;0;0;0;0;0;0;0;0;0;0;0;0;0;0;0;0;0;0;0;0;0;0;0;0;0;0;0;0.142857;0;0;0;0;0;0;0.571429;0;0;0;0.285714;0;0;0;0;0;0;0;0;0;0;0;0;0;0;0;0;0.857143;0;0;0.142857;0;0;0;0;0;0;0;0;0;0;0;0;0;0;0;0;0;1;0;0;0;0;0;0;0;0;0;0;0;0;0;0.142857;0;0;0;0;0.285714;0;0.571429;0;0;0;0;0;0;0;0;0;0;0;0;0;0;0.142857;0;0;0;0;0;0.857143
"data/suzanne_45.dat";5;"9 12 14 16 17 18 19 20";8;0.803571;gvf;data/suzanne_45.dat;0;0;1;1;0.01;0.12;30;150;2;55;4000;800;8;0.75;1;50;0.05;1;1;0.1;0;1.2;0.3;0.3;0;2;1e-005;0.0001;0.0001;0.0001;0.0001;0.803571;0;0;0;0;0;0;0;0;1;0;0;1;0;1;0;1;1;1;1;1;0;0;0;0;0;0;0;0;0;0;0;0;0;0;0;0;0;0;0;0;0;0;0;0;0;0;0;0;0;0;0;0;0;0;0;0;0;0;0;0;0;0;0;0;0;0;0;0;0;0;0;0;0;0;0;0;0;0;0;0;0;0;0;0;0;0;0;0;0;0;0;0;0;0;0;0;0;0;0;0;0;0;0;0;0;0;0;0;0;0;0;0;0;0;0;0;0;0;0;0;0;0;0;0;0;0;0;0;0;0;0;0;0;0;0;0;0;0;0;0;0;0;0;0;0;0;0;0;0;0;0;0;0;0;0;0;0;0;0;0;0;0;0;0;0;0;0;0;0;0;0;0;0;0;0;0;0;0;0;0;0;0;0;0;0;0;0;0;1;0;0;0;0;0;0;0;0;0;0;0;0;0;0;0;0;0;0;0;0;0;0;0;0;0;0;0;0;0;0;0;0;0;0;0;0;0;0;0;0;0;0;0;0;0;0;0;0;0;0;0;0;0;0;0;0;0;0;0;0;0;0;0.428571;0;0.428571;0;0;0;0;0.142857;0;0;0;0;0;0;0;0;0;0;0;0;0;0;0;0;0;0;0;0;0;0;0;0;0;0;0;0;0;0;0;0;0;0;0.857143;0;0;0;0.142857;0;0;0;0;0;0;0;0;0;0;0;0;0;0;0;0;0;0;0;0;0;0;0;0;0;0;0;0;0;0;0;0;0;0;0;0;0;1;0;0;0;0;0;0;0;0;0;0;0;0;0.142857;0;0;0;0;0;0;0;0.857143;0;0;0;0;0;0;0;0;0;0;0;0;0;0;0;0;0;0;0;0;1;0;0;0;0;0;0;0;0;0;0;0;0;0;0.285714;0;0.142857;0;0;0;0;0.571429;0;0;0;0;0;0;0;0;0;0;0;0;0;0;0;0;0.142857;0;0.142857;0;0.714286
"data/mirjam_45.dat";5;"9 12 14 16 17 18 19 20";8;0.678571;gvf;data/suzanne_45.dat;0;0;1;1;0.01;0.12;30;150;2;55;4000;800;8;0.75;1;50;0.05;1;1;0.1;0;1.2;0.3;0.3;0;2;1e-005;0.0001;0.0001;0.0001;0.0001;0.678571;0;0;0;0;0;0;0;0;1;0;0;1;0;1;0;1;1;1;1;1;0;0;0;0;0;0;0;0;0;0;0;0;0;0;0;0;0;0;0;0;0;0;0;0;0;0;0;0;0;0;0;0;0;0;0;0;0;0;0;0;0;0;0;0;0;0;0;0;0;0;0;0;0;0;0;0;0;0;0;0;0;0;0;0;0;0;0;0;0;0;0;0;0;0;0;0;0;0;0;0;0;0;0;0;0;0;0;0;0;0;0;0;0;0;0;0;0;0;0;0;0;0;0;0;0;0;0;0;0;0;0;0;0;0;0;0;0;0;0;0;0;0;0;0;0;0;0;0;0;0;0;0;0;0;0;0;0;0;0;0;0;0;0;0;0;0;0;0;0;0;0;0;0;0;0;0;0;0;0;0;0;0;0;0;0;0;0;0;0.714286;0;0;0;0;0;0;0;0;0.142857;0;0.142857;0;0;0;0;0;0;0;0;0;0;0;0;0;0;0;0;0;0;0;0;0;0;0;0;0;0;0;0;0;0;0;0;0;0;0;0;0;0;0;0;0;0;0;0;0;0;0;0;0;0;0;0.571429;0;0.428571;0;0;0;0;0;0;0;0;0;0;0;0;0;0;0;0;0;0;0;0;0;0;0;0;0;0;0;0;0;0;0;0;0;0;0;0;0;0;0;0.714286;0;0;0.142857;0;0;0.142857;0;0;0;0;0;0;0;0;0;0;0;0;0;0;0;0;0;0;0;0;0;0;0;0;0;0;0;0;0;0;0;0.142857;0;0;0;0.714286;0;0;0.142857;0;0;0;0;0;0;0;0;0;0.142857;0;0;0;0;0;0;0;0.714286;0;0.142857;0;0;0;0;0;0;0;0;0;0;0;0;0;0;0;0;0.142857;0;0.714286;0;0.142857;0;0;0;0;0;0;0;0;0;0;0;0.571429;0;0;0;0;0.142857;0;0.285714;0;0;0;0;0;0;0;0;0;0;0;0;0;0;0;0;0;0;0;0;1
"data/marije_45.dat";5;"9 12 14 16 17 18 19 20";8;0.678571;gvf;data/suzanne_45.dat;0;0;1;1;0.01;0.12;30;150;2;55;4000;800;8;0.75;1;50;0.05;1;1;0.1;0;1.2;0.3;0.3;0;2;1e-005;0.0001;0.0001;0.0001;0.0001;0.678571;0;0;0;0;0;0;0;0;1;0;0;1;0;1;0;1;1;1;1;1;0;0;0;0;0;0;0;0;0;0;0;0;0;0;0;0;0;0;0;0;0;0;0;0;0;0;0;0;0;0;0;0;0;0;0;0;0;0;0;0;0;0;0;0;0;0;0;0;0;0;0;0;0;0;0;0;0;0;0;0;0;0;0;0;0;0;0;0;0;0;0;0;0;0;0;0;0;0;0;0;0;0;0;0;0;0;0;0;0;0;0;0;0;0;0;0;0;0;0;0;0;0;0;0;0;0;0;0;0;0;0;0;0;0;0;0;0;0;0;0;0;0;0;0;0;0;0;0;0;0;0;0;0;0;0;0;0;0;0;0;0;0;0;0;0;0;0;0;0;0;0;0;0;0;0;0;0;0;0;0;0;0;0;0;0;0;0;0;0.857143;0;0;0;0;0;0;0;0;0.142857;0;0;0;0;0;0;0;0;0;0;0;0;0;0;0;0;0;0;0;0;0;0;0;0;0;0;0;0;0;0;0;0;0;0;0;0;0;0;0;0;0;0;0;0;0;0;0;0;0;0;0;0;0;0.857143;0;0;0;0.142857;0;0;0;0;0;0;0;0;0;0;0;0;0;0;0;0;0;0;0;0;0;0;0;0;0;0;0;0;0;0;0;0;0.142857;0;0;0;0;0.428571;0;0;0.142857;0;0.142857;0.142857;0;0;0;0;0;0;0;0;0;0;0;0;0;0;0;0;0;0;0;0;0;0;0;0;0;0;0;0;0;0;0;0;0;0;0;0.857143;0;0;0;0.142857;0;0;0;0;0;0;0;0;0.285714;0;0;0;0;0;0;0;0.571429;0;0;0.142857;0;0;0;0;0;0;0;0;0;0;0;0.142857;0;0;0;0;0;0.714286;0;0.142857;0;0;0;0;0;0;0;0;0;0;0;0.142857;0;0;0;0;0.285714;0;0.571429;0;0;0;0;0;0;0;0;0;0;0;0;0.142857;0;0;0;0.142857;0;0.142857;0;0.571429
"data/dan_45.dat";6;"9 12 14 16 17 18 19 20";8;0.482143;gvf;data/suzanne_45.dat;0;0;1;1;0.01;0.12;30;150;2;55;4000;800;8;0.75;1;50;0.05;1;1;0.1;0;1.2;0.3;0.3;0;2;1e-005;0.0001;0.0001;0.0001;0.0001;0.482143;0;0;0;0;0;0;0;0;1;0;0;1;0;1;0;1;1;1;1;1;0;0;0;0;0;0;0;0;0;0;0;0;0;0;0;0;0;0;0;0;0;0;0;0;0;0;0;0;0;0;0;0;0;0;0;0;0;0;0;0;0;0;0;0;0;0;0;0;0;0;0;0;0;0;0;0;0;0;0;0;0;0;0;0;0;0;0;0;0;0;0;0;0;0;0;0;0;0;0;0;0;0;0;0;0;0;0;0;0;0;0;0;0;0;0;0;0;0;0;0;0;0;0;0;0;0;0;0;0;0;0;0;0;0;0;0;0;0;0;0;0;0;0;0;0;0;0;0;0;0;0;0;0;0;0;0;0;0;0;0;0;0;0;0;0;0;0;0;0;0;0;0;0;0;0;0;0;0;0;0;0;0;0;0;0;0;0;0;0.714286;0;0;0;0;0.285714;0;0;0;0;0;0;0;0;0;0;0;0;0;0;0;0;0;0;0;0;0;0;0;0;0;0;0;0;0;0;0;0;0;0;0;0;0;0;0;0;0;0;0;0;0;0;0;0;0;0;0;0;0;0;0;0;0;0.428571;0;0.571429;0;0;0;0;0;0;0;0;0;0;0;0;0;0;0;0;0;0;0;0;0;0;0;0;0;0;0;0;0;0;0;0;0;0;0;0;0;0;0;0.714286;0;0;0.285714;0;0;0;0;0;0;0;0;0;0;0;0;0;0;0;0;0;0;0;0;0;0;0;0;0;0;0;0;0;0;0;0;0;0;0;0;0.857143;0;0.142857;0;0;0;0;0;0;0;0;0;0;0;0;0.428571;0;0;0;0;0.142857;0;0;0.428571;0;0;0;0;0;0;0;0;0;0;0;0;0;0;0;0;0;0;0.142857;0;0.714286;0;0.142857;0;0;0;0;0;0;0;0;0.142857;0;0;0.142857;0;0.571429;0;0;0;0;0;0.142857;0;0;0;0;0;0;0;0;0;0;0;0;0;0.285714;0;0;0;0;0;0.714286
"data/jan_45.dat";6;"9 12 14 16 17 18 19 20";8;0.571429;gvf;data/suzanne_45.dat;0;0;1;1;0.01;0.12;30;150;2;55;4000;800;8;0.75;1;50;0.05;1;1;0.1;0;1.2;0.3;0.3;0;2;1e-005;0.0001;0.0001;0.0001;0.0001;0.571429;0;0;0;0;0;0;0;0;1;0;0;1;0;1;0;1;1;1;1;1;0;0;0;0;0;0;0;0;0;0;0;0;0;0;0;0;0;0;0;0;0;0;0;0;0;0;0;0;0;0;0;0;0;0;0;0;0;0;0;0;0;0;0;0;0;0;0;0;0;0;0;0;0;0;0;0;0;0;0;0;0;0;0;0;0;0;0;0;0;0;0;0;0;0;0;0;0;0;0;0;0;0;0;0;0;0;0;0;0;0;0;0;0;0;0;0;0;0;0;0;0;0;0;0;0;0;0;0;0;0;0;0;0;0;0;0;0;0;0;0;0;0;0;0;0;0;0;0;0;0;0;0;0;0;0;0;0;0;0;0;0;0;0;0;0;0;0;0;0;0;0;0;0;0;0;0;0;0;0;0;0;0;0;0;0;0;0;0;0.571429;0;0;0;0;0.285714;0;0;0;0;0;0.142857;0;0;0;0;0;0;0;0;0;0;0;0;0;0;0;0;0;0;0;0;0;0;0;0;0;0;0;0;0;0;0;0;0;0;0;0;0;0;0;0;0;0;0;0;0;0;0;0;0;0;0;0.428571;0;0.428571;0;0;0;0;0.142857;0;0;0;0;0;0;0;0;0;0;0;0;0;0;0;0;0;0;0;0;0;0;0;0;0;0;0;0;0;0;0;0;0;0;0.571429;0;0;0.142857;0.142857;0;0.142857;0;0;0;0;0;0;0;0;0;0;0;0;0;0;0;0;0;0;0;0;0;0;0;0;0;0;0;0;0;0;0;0;0;0.285714;0;0.714286;0;0;0;0;0;0;0;0;0;0;0;0;0;0;0;0;0;0.142857;0;0.142857;0.428571;0.142857;0.142857;0;0;0;0;0;0;0;0;0;0;0;0;0;0;0.142857;0;0;0;0.857143;0;0;0;0;0;0;0;0;0;0;0;0;0;0.142857;0;0.428571;0;0;0;0;0.428571;0;0;0;0;0;0;0;0;0;0;0;0;0;0;0.285714;0;0;0;0.142857;0;0.571429
"data/lien_45.dat";6;"9 12 14 16 17 18 19 20";8;0.732143;gvf;data/suzanne_45.dat;0;0;1;1;0.01;0.12;30;150;2;55;4000;800;8;0.75;1;50;0.05;1;1;0.1;0;1.2;0.3;0.3;0;2;1e-005;0.0001;0.0001;0.0001;0.0001;0.732143;0;0;0;0;0;0;0;0;1;0;0;1;0;1;0;1;1;1;1;1;0;0;0;0;0;0;0;0;0;0;0;0;0;0;0;0;0;0;0;0;0;0;0;0;0;0;0;0;0;0;0;0;0;0;0;0;0;0;0;0;0;0;0;0;0;0;0;0;0;0;0;0;0;0;0;0;0;0;0;0;0;0;0;0;0;0;0;0;0;0;0;0;0;0;0;0;0;0;0;0;0;0;0;0;0;0;0;0;0;0;0;0;0;0;0;0;0;0;0;0;0;0;0;0;0;0;0;0;0;0;0;0;0;0;0;0;0;0;0;0;0;0;0;0;0;0;0;0;0;0;0;0;0;0;0;0;0;0;0;0;0;0;0;0;0;0;0;0;0;0;0;0;0;0;0;0;0;0;0;0;0;0;0;0;0;0;0;0;0.857143;0;0;0.142857;0;0;0;0;0;0;0;0;0;0;0;0;0;0;0;0;0;0;0;0;0;0;0;0;0;0;0;0;0;0;0;0;0;0;0;0;0;0;0;0;0;0;0;0;0;0;0;0;0;0;0;0;0;0;0;0;0;0;0;0.857143;0;0;0;0;0;0;0.142857;0;0;0;0;0;0;0;0;0;0;0;0;0;0;0;0;0;0;0;0;0;0;0;0;0;0;0;0;0;0;0;0;0;0;0.714286;0;0;0.285714;0;0;0;0;0;0;0;0;0;0;0;0;0;0;0;0;0;0;0;0;0;0;0;0;0;0;0;0;0;0;0;0;0;0;0;0;0.142857;0;0.857143;0;0;0;0;0;0;0;0;0;0;0;0;0.142857;0;0;0;0;0;0;0;0.857143;0;0;0;0;0;0;0;0;0;0;0;0;0;0;0;0;0;0;0;0;1;0;0;0;0;0;0;0;0;0;0;0.142857;0;0;0.285714;0;0.285714;0;0;0.142857;0;0.142857;0;0;0;0;0;0;0;0;0;0;0;0;0;0;0.142857;0;0.142857;0.142857;0;0;0.571429
"data/maki_45.dat";6;"9 12 14 16 17 18 19 20";8;0.214286;gvf;data/suzanne_45.dat;0;0;1;1;0.01;0.12;30;150;2;55;4000;800;8;0.75;1;50;0.05;1;1;0.1;0;1.2;0.3;0.3;0;2;1e-005;0.0001;0.0001;0.0001;0.0001;0.214286;0;0;0;0;0;0;0;0;1;0;0;1;0;1;0;1;1;1;1;1;0;0;0;0;0;0;0;0;0;0;0;0;0;0;0;0;0;0;0;0;0;0;0;0;0;0;0;0;0;0;0;0;0;0;0;0;0;0;0;0;0;0;0;0;0;0;0;0;0;0;0;0;0;0;0;0;0;0;0;0;0;0;0;0;0;0;0;0;0;0;0;0;0;0;0;0;0;0;0;0;0;0;0;0;0;0;0;0;0;0;0;0;0;0;0;0;0;0;0;0;0;0;0;0;0;0;0;0;0;0;0;0;0;0;0;0;0;0;0;0;0;0;0;0;0;0;0;0;0;0;0;0;0;0;0;0;0;0;0;0;0;0;0;0;0;0;0;0;0;0;0;0;0;0;0;0;0;0;0;0;0;0;0;0;0;0;0;0;0;0;0;0;0;0;0;0.428571;0;0.428571;0;0.142857;0;0;0;0;0;0;0;0;0;0;0;0;0;0;0;0;0;0;0;0;0;0;0;0;0;0;0;0;0;0;0;0;0;0;0;0;0;0;0;0;0;0;0;0;0;0;0;0;0;0;0;0.285714;0;0.142857;0;0;0;0.142857;0;0.428571;0;0;0;0;0;0;0;0;0;0;0;0;0;0;0;0;0;0;0;0;0;0;0;0;0;0;0;0;0;0;0;0;0;0.428571;0;0.285714;0;0.142857;0.142857;0;0;0;0;0;0;0;0;0;0;0;0;0;0;0;0;0;0;0;0;0;0;0;0;0;0;0;0;0;0;0;0;0;0;0;0;0.142857;0;0.285714;0;0.571429;0;0;0;0;0;0;0;0;0.142857;0;0;0;0;0;0;0.428571;0.285714;0.142857;0;0;0;0;0;0;0;0;0;0;0;0;0;0.285714;0;0.142857;0;0;0;0.285714;0.142857;0.142857;0;0;0;0;0;0;0;0;0;0;0;0;0;0.428571;0;0;0.142857;0;0.285714;0.142857;0;0;0;0;0;0;0;0;0;0;0;0;0;0;0;0;0;0.857143;0.142857;0
"data/marco_45.dat";6;"9 12 14 16 17 18 19 20";8;0.625;gvf;data/suzanne_45.dat;0;0;1;1;0.01;0.12;30;150;2;55;4000;800;8;0.75;1;50;0.05;1;1;0.1;0;1.2;0.3;0.3;0;2;1e-005;0.0001;0.0001;0.0001;0.0001;0.625;0;0;0;0;0;0;0;0;1;0;0;1;0;1;0;1;1;1;1;1;0;0;0;0;0;0;0;0;0;0;0;0;0;0;0;0;0;0;0;0;0;0;0;0;0;0;0;0;0;0;0;0;0;0;0;0;0;0;0;0;0;0;0;0;0;0;0;0;0;0;0;0;0;0;0;0;0;0;0;0;0;0;0;0;0;0;0;0;0;0;0;0;0;0;0;0;0;0;0;0;0;0;0;0;0;0;0;0;0;0;0;0;0;0;0;0;0;0;0;0;0;0;0;0;0;0;0;0;0;0;0;0;0;0;0;0;0;0;0;0;0;0;0;0;0;0;0;0;0;0;0;0;0;0;0;0;0;0;0;0;0;0;0;0;0;0;0;0;0;0;0;0;0;0;0;0;0;0;0;0;0;0;0;0;0;0;0;0;0.571429;0;0;0;0;0;0;0;0.142857;0.142857;0;0.142857;0;0;0;0;0;0;0;0;0;0;0;0;0;0;0;0;0;0;0;0;0;0;0;0;0;0;0;0;0;0;0;0;0;0;0;0;0;0;0;0;0;0;0;0;0;0;0;0;0;0;0;0.428571;0;0.142857;0;0;0;0;0.428571;0;0;0;0;0;0;0;0;0;0;0;0;0;0;0;0;0;0;0;0;0;0;0;0;0;0;0;0;0;0;0;0;0.142857;0;0.714286;0;0;0.142857;0;0;0;0;0;0;0;0;0;0;0;0;0;0;0;0;0;0;0;0;0;0;0;0;0;0;0;0;0;0;0;0;0;0;0;0;0;0;1;0;0;0;0;0;0;0;0;0;0;0;0;0.142857;0;0;0;0;0.285714;0;0;0.571429;0;0;0;0;0;0;0;0;0;0;0;0;0;0;0;0;0;0;0;0;0.571429;0;0.428571;0;0;0;0;0;0;0;0;0;0;0;0;0;0.428571;0;0.142857;0.285714;0;0.142857;0;0;0;0;0;0;0;0;0;0;0;0;0;0;0;0;0;0;0;0;1
"data/nico_45.dat";6;"9 12 14 16 17 18 19 20";8;0.678571;gvf;data/suzanne_45.dat;0;0;1;1;0.01;0.12;30;150;2;55;4000;800;8;0.75;1;50;0.05;1;1;0.1;0;1.2;0.3;0.3;0;2;1e-005;0.0001;0.0001;0.0001;0.0001;0.678571;0;0;0;0;0;0;0;0;1;0;0;1;0;1;0;1;1;1;1;1;0;0;0;0;0;0;0;0;0;0;0;0;0;0;0;0;0;0;0;0;0;0;0;0;0;0;0;0;0;0;0;0;0;0;0;0;0;0;0;0;0;0;0;0;0;0;0;0;0;0;0;0;0;0;0;0;0;0;0;0;0;0;0;0;0;0;0;0;0;0;0;0;0;0;0;0;0;0;0;0;0;0;0;0;0;0;0;0;0;0;0;0;0;0;0;0;0;0;0;0;0;0;0;0;0;0;0;0;0;0;0;0;0;0;0;0;0;0;0;0;0;0;0;0;0;0;0;0;0;0;0;0;0;0;0;0;0;0;0;0;0;0;0;0;0;0;0;0;0;0;0;0;0;0;0;0;0;0;0;0;0;0;0;0;0;0;0;0;0.714286;0;0;0;0;0.142857;0;0;0;0;0;0.142857;0;0;0;0;0;0;0;0;0;0;0;0;0;0;0;0;0;0;0;0;0;0;0;0;0;0;0;0;0;0;0;0;0;0;0;0;0;0;0;0;0;0;0;0;0;0;0;0;0;0;0;1;0;0;0;0;0;0;0;0;0;0;0;0;0;0;0;0;0;0;0;0;0;0;0;0;0;0;0;0;0;0;0;0;0;0;0;0;0;0;0;0;0;1;0;0;0;0;0;0;0;0;0;0;0;0;0;0;0;0;0;0;0;0;0;0;0;0;0;0;0;0;0;0;0;0;0;0;0;0;0;0;0;0.142857;0;0.571429;0;0.142857;0.142857;0;0;0;0;0;0;0;0;0;0.142857;0;0;0;0;0.285714;0;0;0.571429;0;0;0;0;0;0;0;0;0;0;0;0;0;0;0;0;0;0;0.142857;0;0.857143;0;0;0;0;0;0;0;0;0;0;0.285714;0;0;0.142857;0;0;0;0;0;0;0.571429;0;0;0;0;0;0;0;0;0;0;0;0;0.142857;0;0.142857;0;0.285714;0;0.285714;0;0.142857
"data/suzanne_45.dat";6;"9 12 14 16 17 18 19 20";8;0.803571;gvf;data/suzanne_45.dat;0;0;1;1;0.01;0.12;30;150;2;55;4000;800;8;0.75;1;50;0.05;1;1;0.1;0;1.2;0.3;0.3;0;2;1e-005;0.0001;0.0001;0.0001;0.0001;0.803571;0;0;0;0;0;0;0;0;1;0;0;1;0;1;0;1;1;1;1;1;0;0;0;0;0;0;0;0;0;0;0;0;0;0;0;0;0;0;0;0;0;0;0;0;0;0;0;0;0;0;0;0;0;0;0;0;0;0;0;0;0;0;0;0;0;0;0;0;0;0;0;0;0;0;0;0;0;0;0;0;0;0;0;0;0;0;0;0;0;0;0;0;0;0;0;0;0;0;0;0;0;0;0;0;0;0;0;0;0;0;0;0;0;0;0;0;0;0;0;0;0;0;0;0;0;0;0;0;0;0;0;0;0;0;0;0;0;0;0;0;0;0;0;0;0;0;0;0;0;0;0;0;0;0;0;0;0;0;0;0;0;0;0;0;0;0;0;0;0;0;0;0;0;0;0;0;0;0;0;0;0;0;0;0;0;0;0;0;0.857143;0;0;0;0;0;0;0;0;0;0;0.142857;0;0;0;0;0;0;0;0;0;0;0;0;0;0;0;0;0;0;0;0;0;0;0;0;0;0;0;0;0;0;0;0;0;0;0;0;0;0;0;0;0;0;0;0;0;0;0;0;0;0;0;0.714286;0;0;0;0;0;0;0.285714;0;0;0;0;0;0;0;0;0;0;0;0;0;0;0;0;0;0;0;0;0;0;0;0;0;0;0;0;0;0;0;0;0;0;1;0;0;0;0;0;0;0;0;0;0;0;0;0;0;0;0;0;0;0;0;0;0;0;0;0;0;0;0;0;0;0;0;0;0;0;0;0;0;0;0.285714;0;0.714286;0;0;0;0;0;0;0;0;0;0;0;0;0;0;0;0.142857;0;0;0;0;0.857143;0;0;0;0;0;0;0;0;0;0;0;0;0;0;0;0;0;0;0;0;0.714286;0;0.285714;0;0;0;0;0;0;0;0;0;0;0;0.285714;0;0;0;0;0.142857;0;0.571429;0;0;0;0;0;0;0;0;0;0;0;0;0;0;0;0;0;0;0;0;1
"data/mirjam_45.dat";6;"9 12 14 16 17 18 19 20";8;0.696429;gvf;data/suzanne_45.dat;0;0;1;1;0.01;0.12;30;150;2;55;4000;800;8;0.75;1;50;0.05;1;1;0.1;0;1.2;0.3;0.3;0;2;1e-005;0.0001;0.0001;0.0001;0.0001;0.696429;0;0;0;0;0;0;0;0;1;0;0;1;0;1;0;1;1;1;1;1;0;0;0;0;0;0;0;0;0;0;0;0;0;0;0;0;0;0;0;0;0;0;0;0;0;0;0;0;0;0;0;0;0;0;0;0;0;0;0;0;0;0;0;0;0;0;0;0;0;0;0;0;0;0;0;0;0;0;0;0;0;0;0;0;0;0;0;0;0;0;0;0;0;0;0;0;0;0;0;0;0;0;0;0;0;0;0;0;0;0;0;0;0;0;0;0;0;0;0;0;0;0;0;0;0;0;0;0;0;0;0;0;0;0;0;0;0;0;0;0;0;0;0;0;0;0;0;0;0;0;0;0;0;0;0;0;0;0;0;0;0;0;0;0;0;0;0;0;0;0;0;0;0;0;0;0;0;0;0;0;0;0;0;0;0;0;0;0;0.857143;0;0;0;0;0;0;0;0.142857;0;0;0;0;0;0;0;0;0;0;0;0;0;0;0;0;0;0;0;0;0;0;0;0;0;0;0;0;0;0;0;0;0;0;0;0;0;0;0;0;0;0;0;0;0;0;0;0;0;0;0;0;0;0;0.285714;0;0.571429;0;0;0;0;0.142857;0;0;0;0;0;0;0;0;0;0;0;0;0;0;0;0;0;0;0;0;0;0;0;0;0;0;0;0;0;0;0;0;0;0;1;0;0;0;0;0;0;0;0;0;0;0;0;0;0;0;0;0;0;0;0;0;0;0;0;0;0;0;0;0;0;0;0;0;0;0;0;0;0;0;0.285714;0;0.571429;0.142857;0;0;0;0;0;0;0;0;0;0;0;0;0;0;0.142857;0;0;0;0;0.714286;0;0.142857;0;0;0;0;0;0;0;0;0;0.285714;0;0;0;0;0;0;0;0;0.571429;0;0.142857;0;0;0;0;0;0;0;0;0;0;0;0.285714;0;0;0;0;0;0;0.714286;0;0;0;0;0;0;0;0;0;0;0;0;0;0;0;0;0;0;0.142857;0;0.857143
"data/marije_45.dat";6;"9 12 14 16 17 18 19 20";8;0.660714;gvf;data/suzanne_45.dat;0;0;1;1;0.01;0.12;30;150;2;55;4000;800;8;0.75;1;50;0.05;1;1;0.1;0;1.2;0.3;0.3;0;2;1e-005;0.0001;0.0001;0.0001;0.0001;0.660714;0;0;0;0;0;0;0;0;1;0;0;1;0;1;0;1;1;1;1;1;0;0;0;0;0;0;0;0;0;0;0;0;0;0;0;0;0;0;0;0;0;0;0;0;0;0;0;0;0;0;0;0;0;0;0;0;0;0;0;0;0;0;0;0;0;0;0;0;0;0;0;0;0;0;0;0;0;0;0;0;0;0;0;0;0;0;0;0;0;0;0;0;0;0;0;0;0;0;0;0;0;0;0;0;0;0;0;0;0;0;0;0;0;0;0;0;0;0;0;0;0;0;0;0;0;0;0;0;0;0;0;0;0;0;0;0;0;0;0;0;0;0;0;0;0;0;0;0;0;0;0;0;0;0;0;0;0;0;0;0;0;0;0;0;0;0;0;0;0;0;0;0;0;0;0;0;0;0;0;0;0;0;0;0;0;0;0;0;1;0;0;0;0;0;0;0;0;0;0;0;0;0;0;0;0;0;0;0;0;0;0;0;0;0;0;0;0;0;0;0;0;0;0;0;0;0;0;0;0;0;0;0;0;0;0;0;0;0;0;0;0;0;0;0;0;0;0;0;0;0;0;0.428571;0;0.142857;0;0;0;0.142857;0.285714;0;0;0;0;0;0;0;0;0;0;0;0;0;0;0;0;0;0;0;0;0;0;0;0;0;0;0;0;0;0;0;0;0;0;0.428571;0;0.142857;0.428571;0;0;0;0;0;0;0;0;0;0;0;0;0;0;0;0;0;0;0;0;0;0;0;0;0;0;0;0;0;0;0;0;0;0;0;0;0;0;1;0;0;0;0;0;0;0;0;0;0;0;0;0;0;0;0;0;0;0;0;0.857143;0;0;0.142857;0;0;0;0;0;0;0;0;0;0;0;0;0;0;0;0;0;0.571429;0;0.428571;0;0;0;0;0;0;0;0;0.142857;0;0;0.285714;0;0;0;0;0.285714;0;0.285714;0;0;0;0;0;0;0;0;0;0;0;0;0.142857;0;0;0;0.142857;0;0;0;0.714286
