data/dan_90.dat;0.548139;0.489089;0.445019;0.606897;0.92;0.662821;0.532819;0.658473;0.607907;20;0.2;0.1;2
data/jan_90.dat;0.588918;0.556701;0.606959;0.593482;0.518758;0.834615;0.589447;0.646907;0.616973;20;0.2;0.1;2
data/lien_90.dat;0.646154;0.616279;0.81137;0.628425;0.595361;0.680879;0.810567;0.842173;0.703901;20;0.2;0.1;2
data/maki_90.dat;0.69131;0.7348;0.622568;0.631034;0.523256;0.783226;0.727037;0.789883;0.687889;20;0.2;0.1;2
data/marco_90.dat;0.651223;0.582147;0.776062;0.522337;0.578544;0.774194;0.799743;0.671392;0.669455;20;0.2;0.1;2
data/nico_90.dat;0.77635;0.665806;0.667959;0.727273;0.637532;0.782051;0.689521;0.915385;0.732735;20;0.2;0.1;2
data/suzanne_90.dat;0.583333;0.547219;0.461837;0.600688;0.564767;0.631242;0.778784;0.653299;0.602646;20;0.2;0.1;2
data/mirjam_90.dat;0.652956;0.603338;0.664103;0.621107;0.633803;0.697283;0.681643;0.650131;0.650545;20;0.2;0.1;2
data/marije_90.dat;0.660645;0.785347;0.684755;0.642361;0.605469;0.781127;0.782497;0.750322;0.711565;20;0.2;0.1;2
data/dan_90.dat;0.63543;0.519897;0.486417;0.703448;0.870968;0.787179;0.571429;0.813713;0.67356;20;0.2;0.2;2
data/jan_90.dat;0.701031;0.708763;0.662371;0.636364;0.573092;0.879487;0.754183;0.829897;0.718148;20;0.2;0.2;2
data/lien_90.dat;0.714103;0.68863;0.861757;0.688356;0.670103;0.837209;0.832474;0.856404;0.76863;20;0.2;0.2;2
data/maki_90.dat;0.789883;0.847348;0.774319;0.756897;0.578811;0.780645;0.804657;0.831388;0.770494;20;0.2;0.2;2
data/marco_90.dat;0.714286;0.661061;0.833977;0.634021;0.703704;0.851613;0.851091;0.856959;0.763339;20;0.2;0.2;2
data/nico_90.dat;0.79563;0.747097;0.758398;0.826758;0.634961;0.873077;0.789133;0.873077;0.787266;20;0.2;0.2;2
data/suzanne_90.dat;0.676923;0.803364;0.633894;0.703959;0.670984;0.815621;0.870634;0.785252;0.745079;20;0.2;0.2;2
data/mirjam_90.dat;0.709512;0.724005;0.675641;0.712803;0.678617;0.846054;0.789474;0.81201;0.743515;20;0.2;0.2;2
data/marije_90.dat;0.744516;0.766067;0.755814;0.640625;0.704427;0.813893;0.828829;0.862291;0.764558;20;0.2;0.2;2
data/dan_90.dat;0.655969;0.557124;0.531695;0.737931;0.861935;0.810256;0.584299;0.85511;0.69929;20;0.2;0.3;2
data/jan_90.dat;0.751289;0.756443;0.694588;0.679245;0.592497;0.883333;0.813385;0.859536;0.75379;20;0.2;0.3;2
data/lien_90.dat;0.760256;0.722222;0.866925;0.72089;0.701031;0.854005;0.840206;0.857697;0.790404;20;0.2;0.3;2
data/maki_90.dat;0.817121;0.875809;0.795071;0.77069;0.578811;0.788387;0.791721;0.844358;0.782746;20;0.2;0.3;2
data/marco_90.dat;0.745174;0.723157;0.857143;0.66323;0.761175;0.867097;0.879332;0.875;0.796413;20;0.2;0.3;2
data/nico_90.dat;0.811054;0.763871;0.784238;0.818182;0.625964;0.888462;0.773609;0.861538;0.790865;20;0.2;0.3;2
data/suzanne_90.dat;0.717949;0.858991;0.730919;0.753873;0.712435;0.860435;0.873221;0.813713;0.790192;20;0.2;0.3;2
data/mirjam_90.dat;0.754499;0.749679;0.716667;0.731834;0.691421;0.847348;0.825417;0.813316;0.766273;20;0.2;0.3;2
data/marije_90.dat;0.75871;0.769923;0.77907;0.640625;0.757812;0.804718;0.851995;0.880309;0.780395;20;0.2;0.3;2
data/dan_90.dat;0.65982;0.577664;0.553687;0.758621;0.865806;0.820513;0.595882;0.873221;0.713152;20;0.2;0.4;2
data/jan_90.dat;0.774485;0.768041;0.71134;0.70669;0.609314;0.888462;0.828829;0.869845;0.769626;20;0.2;0.4;2
data/lien_90.dat;0.797436;0.744186;0.861757;0.739726;0.695876;0.852713;0.846649;0.856404;0.799344;20;0.2;0.4;2
data/maki_90.dat;0.832685;0.882277;0.80415;0.786207;0.598191;0.793548;0.78784;0.849546;0.791806;20;0.2;0.4;2
data/marco_90.dat;0.773488;0.750323;0.868726;0.680412;0.789272;0.876129;0.889602;0.882732;0.813836;20;0.2;0.4;2
data/nico_90.dat;0.822622;0.776774;0.799742;0.816467;0.622108;0.894872;0.773609;0.855128;0.795165;20;0.2;0.4;2
data/suzanne_90.dat;0.742308;0.875809;0.760673;0.781411;0.734456;0.886044;0.880983;0.838292;0.812497;20;0.2;0.4;2
data/mirjam_90.dat;0.763496;0.757381;0.748718;0.749135;0.699104;0.860285;0.829268;0.818538;0.778241;20;0.2;0.4;2
data/marije_90.dat;0.763871;0.775064;0.786822;0.663194;0.782552;0.802097;0.850708;0.879022;0.787916;20;0.2;0.4;2
data/dan_90.dat;0.672657;0.60077;0.56533;0.77069;0.870968;0.830769;0.597169;0.877102;0.723182;20;0.2;0.5;2
data/jan_90.dat;0.782216;0.777062;0.719072;0.715266;0.628719;0.889744;0.836551;0.875;0.777954;20;0.2;0.5;2
data/lien_90.dat;0.797436;0.755814;0.866925;0.753425;0.688144;0.855297;0.853093;0.851229;0.80267;20;0.2;0.5;2
data/maki_90.dat;0.841764;0.890039;0.815824;0.781034;0.609819;0.794839;0.781371;0.850843;0.795692;20;0.2;0.5;2
data/marco_90.dat;0.799228;0.756792;0.880309;0.716495;0.809706;0.883871;0.897304;0.881443;0.828143;20;0.2;0.5;2
data/nico_90.dat;0.826478;0.781936;0.807494;0.823328;0.615681;0.896154;0.786546;0.85641;0.799253;20;0.2;0.5;2
data/suzanne_90.dat;0.753846;0.88357;0.772316;0.795181;0.729275;0.901408;0.890039;0.849935;0.821946;20;0.2;0.5;2
data/mirjam_90.dat;0.75964;0.759949;0.755128;0.761246;0.714469;0.866753;0.840822;0.821149;0.784894;20;0.2;0.5;2
data/marije_90.dat;0.770323;0.780206;0.784238;0.673611;0.796875;0.796854;0.831403;0.880309;0.789227;20;0.2;0.5;2
data/dan_90.dat;0.680359;0.613607;0.578267;0.77931;0.873548;0.841026;0.606178;0.887451;0.732468;20;0.2;0.6;2
data/jan_90.dat;0.787371;0.786082;0.719072;0.722127;0.639069;0.888462;0.837838;0.872423;0.781555;20;0.2;0.6;2
data/lien_90.dat;0.802564;0.762274;0.861757;0.767123;0.689433;0.857881;0.858247;0.85511;0.806799;20;0.2;0.6;2
data/maki_90.dat;0.845655;0.887451;0.822309;0.782759;0.629199;0.8;0.773609;0.849546;0.798816;20;0.2;0.6;2
data/marco_90.dat;0.823681;0.759379;0.89704;0.719931;0.828863;0.885161;0.903723;0.881443;0.837403;20;0.2;0.6;2
data/nico_90.dat;0.832905;0.785806;0.813953;0.816467;0.606684;0.894872;0.78784;0.861538;0.800008;20;0.2;0.6;2
data/suzanne_90.dat;0.760256;0.88357;0.772316;0.803787;0.729275;0.902689;0.888745;0.862872;0.825439;20;0.2;0.6;2
data/mirjam_90.dat;0.764781;0.767651;0.753846;0.766436;0.706786;0.873221;0.84724;0.818538;0.787312;20;0.2;0.6;2
data/marije_90.dat;0.776774;0.786632;0.784238;0.690972;0.803385;0.794233;0.815959;0.882883;0.791885;20;0.2;0.6;2
data/dan_90.dat;0.689345;0.620026;0.584735;0.781034;0.876129;0.851282;0.610039;0.891332;0.73799;20;0.2;0.7;2
data/jan_90.dat;0.791237;0.78866;0.722938;0.730703;0.652005;0.887179;0.842986;0.873711;0.786177;20;0.2;0.7;2
data/lien_90.dat;0.807692;0.764858;0.863049;0.773973;0.689433;0.859173;0.856959;0.85511;0.808781;20;0.2;0.7;2
data/maki_90.dat;0.845655;0.887451;0.823606;0.768966;0.627907;0.802581;0.772316;0.846952;0.796929;20;0.2;0.7;2
data/marco_90.dat;0.833977;0.759379;0.904762;0.735395;0.832695;0.885161;0.907574;0.880155;0.842387;20;0.2;0.7;2
data/nico_90.dat;0.83419;0.793548;0.817829;0.813036;0.607969;0.89359;0.78784;0.864103;0.801513;20;0.2;0.7;2
data/suzanne_90.dat;0.760256;0.890039;0.77749;0.814114;0.733161;0.909091;0.874515;0.86934;0.828501;20;0.2;0.7;2
data/mirjam_90.dat;0.764781;0.77792;0.755128;0.776817;0.704225;0.86934;0.84724;0.821149;0.789575;20;0.2;0.7;2
data/marije_90.dat;0.779355;0.785347;0.78553;0.694444;0.804688;0.792923;0.80695;0.882883;0.791515;20;0.2;0.7;2
data/dan_90.dat;0.697047;0.63543;0.588616;0.789655;0.882581;0.853846;0.615187;0.892626;0.744374;20;0.2;0.8;2
data/jan_90.dat;0.792526;0.792526;0.725515;0.732419;0.658473;0.882051;0.84556;0.873711;0.787848;20;0.2;0.8;2
data/lien_90.dat;0.808974;0.76615;0.863049;0.773973;0.69201;0.861757;0.867268;0.853816;0.810875;20;0.2;0.8;2
data/maki_90.dat;0.846952;0.886158;0.828794;0.758621;0.634367;0.79871;0.773609;0.849546;0.797095;20;0.2;0.8;2
data/marco_90.dat;0.840412;0.755498;0.912484;0.749141;0.832695;0.885161;0.911425;0.880155;0.845871;20;0.2;0.8;2
data/nico_90.dat;0.836761;0.793548;0.819121;0.818182;0.606684;0.892308;0.789133;0.866667;0.8028;20;0.2;0.8;2
data/suzanne_90.dat;0.761538;0.888745;0.780078;0.820998;0.731865;0.914213;0.870634;0.871928;0.83;20;0.2;0.8;2
data/mirjam_90.dat;0.764781;0.790757;0.752564;0.785467;0.702945;0.866753;0.84724;0.817232;0.790968;20;0.2;0.8;2
data/marije_90.dat;0.776774;0.786632;0.793282;0.710069;0.804688;0.78768;0.790219;0.877735;0.790885;20;0.2;0.8;2
data/dan_90.dat;0.691913;0.640565;0.588616;0.794828;0.886452;0.858974;0.617761;0.899094;0.747275;20;0.2;0.9;2
data/jan_90.dat;0.79768;0.798969;0.729381;0.730703;0.668823;0.880769;0.846847;0.872423;0.790699;20;0.2;0.9;2
data/lien_90.dat;0.810256;0.768734;0.861757;0.773973;0.69201;0.863049;0.868557;0.851229;0.811196;20;0.2;0.9;2
data/maki_90.dat;0.848249;0.887451;0.835279;0.765517;0.634367;0.80129;0.769728;0.848249;0.798766;20;0.2;0.9;2
data/marco_90.dat;0.842986;0.756792;0.911197;0.757732;0.83908;0.886452;0.912709;0.878866;0.848227;20;0.2;0.9;2
data/nico_90.dat;0.840617;0.794839;0.821705;0.818182;0.606684;0.89359;0.786546;0.870513;0.804084;20;0.2;0.9;2
data/suzanne_90.dat;0.762821;0.886158;0.778784;0.827883;0.733161;0.914213;0.86934;0.880983;0.831668;20;0.2;0.9;2
data/mirjam_90.dat;0.762211;0.792041;0.747436;0.785467;0.708067;0.870634;0.852375;0.818538;0.792096;20;0.2;0.9;2
data/marije_90.dat;0.772903;0.785347;0.794574;0.71875;0.80599;0.781127;0.785071;0.876448;0.790026;20;0.2;0.9;2
data/dan_90.dat;0.695764;0.646983;0.59379;0.796552;0.890323;0.862821;0.620335;0.902975;0.751193;20;0.2;1;2
data/jan_90.dat;0.79768;0.798969;0.731959;0.732419;0.680466;0.874359;0.850708;0.872423;0.792373;20;0.2;1;2
data/lien_90.dat;0.808974;0.773902;0.860465;0.782534;0.699742;0.865633;0.871134;0.844761;0.813393;20;0.2;1;2
data/maki_90.dat;0.846952;0.884864;0.83917;0.763793;0.633075;0.802581;0.769728;0.848249;0.798551;20;0.2;1;2
data/marco_90.dat;0.841699;0.759379;0.915058;0.757732;0.845466;0.886452;0.915276;0.880155;0.850152;20;0.2;1;2
data/nico_90.dat;0.840617;0.8;0.825581;0.818182;0.606684;0.891026;0.786546;0.873077;0.805214;20;0.2;1;2
data/suzanne_90.dat;0.762821;0.886158;0.776197;0.83821;0.740933;0.912932;0.864166;0.880983;0.8328;20;0.2;1;2
data/mirjam_90.dat;0.763496;0.79846;0.75;0.785467;0.708067;0.870634;0.851091;0.817232;0.793056;20;0.2;1;2
data/marije_90.dat;0.774194;0.790488;0.801034;0.725694;0.804688;0.781127;0.782497;0.880309;0.792504;20;0.2;1;2
data/dan_90.dat;0.724846;0.656057;0.620083;0.74069;0.947314;0.78359;0.68037;0.725957;0.734863;20;0.2;0.1;3
data/jan_90.dat;0.723426;0.718557;0.719876;0.69863;0.69183;0.89641;0.737654;0.762887;0.743659;20;0.2;0.1;3
data/lien_90.dat;0.740513;0.718718;0.89876;0.741096;0.759794;0.779731;0.875258;0.889234;0.800388;20;0.2;0.1;3
data/maki_90.dat;0.784008;0.81677;0.707469;0.736915;0.605998;0.830753;0.808687;0.788382;0.759873;20;0.2;0.1;3
data/marco_90.dat;0.780639;0.644928;0.804527;0.702889;0.713408;0.83781;0.861396;0.765738;0.763917;20;0.2;0.1;3
data/nico_90.dat;0.843782;0.778122;0.750776;0.801097;0.644033;0.829744;0.780538;0.942505;0.796325;20;0.2;0.1;3
data/suzanne_90.dat;0.718686;0.725957;0.641158;0.72865;0.710881;0.780738;0.859359;0.792961;0.744799;20;0.2;0.1;3
data/mirjam_90.dat;0.767729;0.725873;0.746667;0.741355;0.731282;0.774327;0.797741;0.779519;0.758062;20;0.2;0.1;3
data/marije_90.dat;0.760578;0.815844;0.796488;0.725627;0.744792;0.841553;0.848765;0.840535;0.796773;20;0.2;0.1;3
data/dan_90.dat;0.761807;0.683778;0.649068;0.802759;0.911157;0.881026;0.704008;0.874871;0.783559;20;0.2;0.2;3
data/jan_90.dat;0.800826;0.814433;0.76622;0.738356;0.742503;0.923077;0.825103;0.871134;0.810206;20;0.2;0.2;3
data/lien_90.dat;0.806154;0.785936;0.928719;0.791781;0.783505;0.879007;0.87732;0.899586;0.844001;20;0.2;0.2;3
data/maki_90.dat;0.86189;0.886128;0.821577;0.804408;0.618407;0.811145;0.842813;0.834025;0.810049;20;0.2;0.2;3
data/marco_90.dat;0.818744;0.707039;0.869342;0.755158;0.821904;0.892562;0.911704;0.909185;0.835705;20;0.2;0.2;3
data/nico_90.dat;0.865365;0.823529;0.851086;0.876543;0.58642;0.895385;0.832298;0.916838;0.830933;20;0.2;0.2;3
data/suzanne_90.dat;0.795688;0.874871;0.76939;0.790634;0.815544;0.88627;0.915202;0.872671;0.840034;20;0.2;0.2;3
data/mirjam_90.dat;0.787256;0.789528;0.785641;0.793914;0.808205;0.916149;0.86653;0.879833;0.828382;20;0.2;0.2;3
data/marije_90.dat;0.826625;0.822016;0.856405;0.770195;0.829167;0.867786;0.869342;0.903292;0.843104;20;0.2;0.2;3
data/dan_90.dat;0.792608;0.706366;0.6853;0.830345;0.907025;0.889231;0.732785;0.905895;0.806194;20;0.2;0.3;3
data/jan_90.dat;0.827657;0.841237;0.782698;0.771233;0.75698;0.925128;0.860082;0.901031;0.833256;20;0.2;0.3;3
data/lien_90.dat;0.824615;0.817994;0.933884;0.815068;0.786598;0.892451;0.887629;0.899586;0.857228;20;0.2;0.3;3
data/maki_90.dat;0.875389;0.899586;0.84751;0.831956;0.627715;0.820433;0.847983;0.846473;0.824631;20;0.2;0.3;3
data/marco_90.dat;0.829042;0.747412;0.896091;0.759285;0.849539;0.905992;0.928131;0.917441;0.854117;20;0.2;0.3;3
data/nico_90.dat;0.87667;0.829721;0.872802;0.871056;0.56893;0.898462;0.833333;0.902464;0.83168;20;0.2;0.3;3
data/suzanne_90.dat;0.809035;0.900724;0.827301;0.84573;0.834197;0.903689;0.921406;0.889234;0.866414;20;0.2;0.3;3
data/mirjam_90.dat;0.804728;0.830595;0.810256;0.811895;0.836923;0.914079;0.89117;0.882968;0.847827;20;0.2;0.3;3
data/marije_90.dat;0.832817;0.813786;0.872934;0.778552;0.852083;0.870934;0.878601;0.914609;0.851789;20;0.2;0.3;3
data/dan_90.dat;0.801848;0.714579;0.701863;0.844138;0.909091;0.897436;0.742035;0.920372;0.81642;20;0.2;0.4;3
data/jan_90.dat;0.845201;0.865979;0.792997;0.787671;0.766288;0.92718;0.882716;0.909278;0.847164;20;0.2;0.4;3
data/lien_90.dat;0.844103;0.827301;0.934917;0.832877;0.796907;0.897622;0.894845;0.891304;0.864985;20;0.2;0.4;3
data/maki_90.dat;0.884735;0.903727;0.865145;0.84022;0.63909;0.828689;0.844881;0.855809;0.832787;20;0.2;0.4;3
data/marco_90.dat;0.856849;0.754658;0.910494;0.77304;0.863869;0.913223;0.935318;0.916409;0.865483;20;0.2;0.4;3
data/nico_90.dat;0.878726;0.832817;0.881076;0.858711;0.552469;0.906667;0.829193;0.900411;0.830009;20;0.2;0.4;3
data/suzanne_90.dat;0.821355;0.907963;0.842813;0.855372;0.839378;0.914959;0.925543;0.900621;0.876;20;0.2;0.4;3
data/mirjam_90.dat;0.808839;0.838809;0.818462;0.818811;0.829744;0.904762;0.890144;0.885057;0.849328;20;0.2;0.4;3
data/marije_90.dat;0.826625;0.811728;0.873967;0.788301;0.861458;0.856243;0.87963;0.918724;0.852085;20;0.2;0.4;3
data/dan_90.dat;0.810062;0.721766;0.713251;0.849655;0.914256;0.904615;0.748201;0.928645;0.823806;20;0.2;0.5;3
data/jan_90.dat;0.850361;0.874227;0.802266;0.793151;0.774561;0.930256;0.888889;0.907216;0.852616;20;0.2;0.5;3
data/lien_90.dat;0.847179;0.835574;0.942149;0.847945;0.794845;0.902792;0.895876;0.89234;0.869838;20;0.2;0.5;3
data/maki_90.dat;0.88785;0.903727;0.874481;0.842975;0.640124;0.828689;0.828335;0.858921;0.833138;20;0.2;0.5;3
data/marco_90.dat;0.872297;0.766046;0.920782;0.815681;0.878199;0.916322;0.937372;0.914345;0.87763;20;0.2;0.5;3
data/nico_90.dat;0.886948;0.828689;0.88728;0.854595;0.540123;0.905641;0.825052;0.903491;0.828977;20;0.2;0.5;3
data/suzanne_90.dat;0.827515;0.915202;0.846949;0.858127;0.840415;0.92418;0.924509;0.904762;0.880207;20;0.2;0.5;3
data/mirjam_90.dat;0.809866;0.843943;0.81641;0.82296;0.828718;0.904762;0.887064;0.882968;0.849586;20;0.2;0.5;3
data/marije_90.dat;0.823529;0.816872;0.866736;0.792479;0.859375;0.8468;0.869342;0.918724;0.849232;20;0.2;0.5;3
data/dan_90.dat;0.811088;0.729979;0.718427;0.855172;0.916322;0.910769;0.749229;0.931748;0.827842;20;0.2;0.6;3
data/jan_90.dat;0.853457;0.87732;0.809475;0.8;0.779731;0.930256;0.895062;0.91134;0.85708;20;0.2;0.6;3
data/lien_90.dat;0.857436;0.83971;0.940083;0.858904;0.794845;0.90486;0.893814;0.889234;0.872361;20;0.2;0.6;3
data/maki_90.dat;0.890966;0.904762;0.875519;0.84022;0.645295;0.831785;0.819028;0.860996;0.833571;20;0.2;0.6;3
data/marco_90.dat;0.880536;0.769151;0.925926;0.830812;0.890481;0.919421;0.942505;0.916409;0.884405;20;0.2;0.6;3
data/nico_90.dat;0.889003;0.829721;0.889349;0.855967;0.523663;0.905641;0.822981;0.905544;0.827734;20;0.2;0.6;3
data/suzanne_90.dat;0.833676;0.920372;0.846949;0.866391;0.84456;0.929303;0.924509;0.907867;0.884203;20;0.2;0.6;3
data/mirjam_90.dat;0.805755;0.842916;0.809231;0.827109;0.812308;0.904762;0.88809;0.877743;0.845989;20;0.2;0.6;3
data/marije_90.dat;0.824561;0.81893;0.86157;0.81337;0.860417;0.836306;0.855967;0.916667;0.848474;20;0.2;0.6;3
data/dan_90.dat;0.812115;0.73306;0.723602;0.855172;0.918388;0.911795;0.754368;0.933816;0.83029;20;0.2;0.7;3
data/jan_90.dat;0.856553;0.87835;0.811535;0.80137;0.789038;0.929231;0.898148;0.91134;0.859446;20;0.2;0.7;3
data/lien_90.dat;0.865641;0.840745;0.938017;0.858904;0.78866;0.906929;0.893814;0.885093;0.872225;20;0.2;0.7;3
data/maki_90.dat;0.890966;0.905797;0.88278;0.847107;0.643226;0.833849;0.814891;0.855809;0.834303;20;0.2;0.7;3
data/marco_90.dat;0.888774;0.76501;0.930041;0.839065;0.892528;0.921488;0.948665;0.916409;0.887748;20;0.2;0.7;3
data/nico_90.dat;0.891059;0.832817;0.892451;0.855967;0.521605;0.899487;0.824017;0.908624;0.828253;20;0.2;0.7;3
data/suzanne_90.dat;0.835729;0.921406;0.851086;0.88292;0.840415;0.930328;0.922441;0.906832;0.886395;20;0.2;0.7;3
data/mirjam_90.dat;0.811922;0.848049;0.80718;0.828492;0.806154;0.904762;0.88809;0.876698;0.846418;20;0.2;0.7;3
data/marije_90.dat;0.826625;0.817901;0.856405;0.832869;0.861458;0.833158;0.846708;0.916667;0.848974;20;0.2;0.7;3
data/dan_90.dat;0.813142;0.738193;0.726708;0.86069;0.924587;0.912821;0.757451;0.936918;0.833814;20;0.2;0.8;3
data/jan_90.dat;0.859649;0.882474;0.815654;0.809589;0.796277;0.926154;0.902263;0.910309;0.862796;20;0.2;0.8;3
data/lien_90.dat;0.869744;0.844881;0.940083;0.863014;0.791753;0.910031;0.897938;0.878882;0.874541;20;0.2;0.8;3
data/maki_90.dat;0.890966;0.904762;0.885892;0.85124;0.645295;0.834881;0.810755;0.858921;0.835339;20;0.2;0.8;3
data/marco_90.dat;0.891864;0.758799;0.929012;0.843191;0.895599;0.920455;0.951745;0.913313;0.887997;20;0.2;0.8;3
data/nico_90.dat;0.894142;0.835913;0.893485;0.855967;0.519547;0.897436;0.827122;0.908624;0.82903;20;0.2;0.8;3
data/suzanne_90.dat;0.839836;0.922441;0.853154;0.887052;0.840415;0.931352;0.923475;0.912008;0.888717;20;0.2;0.8;3
data/mirjam_90.dat;0.81295;0.850103;0.801026;0.832642;0.8;0.905797;0.88501;0.875653;0.845398;20;0.2;0.8;3
data/marije_90.dat;0.824561;0.817901;0.857438;0.845404;0.859375;0.827912;0.820988;0.917695;0.846409;20;0.2;0.8;3
data/dan_90.dat;0.811088;0.740246;0.729814;0.864828;0.926653;0.914872;0.760534;0.938987;0.835878;20;0.2;0.9;3
data/jan_90.dat;0.859649;0.882474;0.818744;0.809589;0.798345;0.921026;0.903292;0.908247;0.862671;20;0.2;0.9;3
data/lien_90.dat;0.870769;0.845915;0.941116;0.861644;0.78866;0.907963;0.898969;0.872671;0.873463;20;0.2;0.9;3
data/maki_90.dat;0.889927;0.901656;0.886929;0.852617;0.645295;0.832817;0.809721;0.859959;0.834865;20;0.2;0.9;3
data/marco_90.dat;0.895984;0.757764;0.930041;0.858322;0.898669;0.922521;0.952772;0.913313;0.891173;20;0.2;0.9;3
data/nico_90.dat;0.89517;0.834881;0.894519;0.854595;0.51749;0.898462;0.820911;0.909651;0.82821;20;0.2;0.9;3
data/suzanne_90.dat;0.841889;0.924509;0.85212;0.887052;0.838342;0.933402;0.916236;0.909938;0.887936;20;0.2;0.9;3
data/mirjam_90.dat;0.810894;0.853183;0.797949;0.835408;0.8;0.905797;0.883984;0.872518;0.844967;20;0.2;0.9;3
data/marije_90.dat;0.821465;0.819959;0.857438;0.856546;0.860417;0.821616;0.814815;0.915638;0.845987;20;0.2;0.9;3
data/dan_90.dat;0.812115;0.74538;0.729814;0.866207;0.928719;0.917949;0.764645;0.940021;0.838106;20;0.2;1;3
data/jan_90.dat;0.859649;0.882474;0.822863;0.812329;0.800414;0.918974;0.906379;0.910309;0.864174;20;0.2;1;3
data/lien_90.dat;0.870769;0.849018;0.942149;0.868493;0.792783;0.907963;0.902062;0.873706;0.875868;20;0.2;1;3
data/maki_90.dat;0.886812;0.901656;0.887967;0.849862;0.649431;0.830753;0.807653;0.862033;0.834521;20;0.2;1;3
data/marco_90.dat;0.895984;0.761905;0.93107;0.862448;0.903787;0.921488;0.953799;0.913313;0.892974;20;0.2;1;3
data/nico_90.dat;0.89517;0.839009;0.895553;0.857339;0.515432;0.895385;0.821946;0.910678;0.828814;20;0.2;1;3
data/suzanne_90.dat;0.843943;0.923475;0.853154;0.889807;0.834197;0.934426;0.910031;0.912008;0.88763;20;0.2;1;3
data/mirjam_90.dat;0.811922;0.85729;0.796923;0.827109;0.791795;0.907867;0.88193;0.871473;0.843289;20;0.2;1;3
data/marije_90.dat;0.821465;0.822016;0.856405;0.866295;0.858333;0.820567;0.812757;0.91358;0.846427;20;0.2;1;3
data/dan_90.dat;0.794033;0.743269;0.707767;0.822768;0.957406;0.840385;0.761309;0.783705;0.80133;20;0.2;0.1;4
data/jan_90.dat;0.803675;0.766925;0.780676;0.781771;0.772066;0.930769;0.812922;0.801932;0.806342;20;0.2;0.1;4
data/lien_90.dat;0.800962;0.782735;0.924492;0.806162;0.837524;0.833333;0.887923;0.906887;0.847502;20;0.2;0.1;4
data/maki_90.dat;0.849075;0.852427;0.790856;0.80129;0.648256;0.833656;0.86421;0.804475;0.805531;20;0.2;0.1;4
data/marco_90.dat;0.841546;0.739806;0.83028;0.779639;0.78119;0.893411;0.893166;0.844294;0.825417;20;0.2;0.1;4
data/nico_90.dat;0.877649;0.821878;0.815891;0.861183;0.702025;0.85;0.862136;0.950914;0.84271;20;0.2;0.1;4
data/suzanne_90.dat;0.799038;0.772066;0.71969;0.793282;0.783495;0.822457;0.906977;0.831068;0.803509;20;0.2;0.1;4
data/mirjam_90.dat;0.818882;0.813102;0.8125;0.783679;0.781731;0.849515;0.877649;0.8619;0.82487;20;0.2;0.1;4
data/marije_90.dat;0.818974;0.852459;0.867119;0.802872;0.795898;0.870206;0.888139;0.865125;0.845099;20;0.2;0.1;4
data/dan_90.dat;0.834456;0.758654;0.719417;0.861578;0.936108;0.907692;0.790183;0.872939;0.835129;20;0.2;0.2;4
data/jan_90.dat;0.856867;0.856867;0.82029;0.803594;0.813773;0.947115;0.87946;0.914976;0.861618;20;0.2;0.2;4
data/lien_90.dat;0.835577;0.836081;0.946757;0.829268;0.841393;0.901163;0.907246;0.909796;0.87591;20;0.2;0.2;4
data/maki_90.dat;0.902629;0.904854;0.86965;0.830968;0.642442;0.836557;0.884578;0.851167;0.840356;20;0.2;0.2;4
data/marco_90.dat;0.87343;0.769903;0.882353;0.805412;0.867562;0.924419;0.92589;0.932302;0.872659;20;0.2;0.2;4
data/nico_90.dat;0.897881;0.86544;0.875;0.90874;0.633558;0.906731;0.86699;0.920115;0.859307;20;0.2;0.2;4
data/suzanne_90.dat;0.853846;0.897187;0.821532;0.842377;0.857282;0.913628;0.948643;0.913592;0.881011;20;0.2;0.2;4
data/mirjam_90.dat;0.843931;0.849711;0.815385;0.836788;0.828846;0.943689;0.897881;0.924584;0.867602;20;0.2;0.2;4
data/marije_90.dat;0.861568;0.849566;0.884578;0.830287;0.860352;0.882989;0.918997;0.923892;0.876529;20;0.2;0.2;4
data/dan_90.dat;0.854668;0.774038;0.745631;0.875809;0.932236;0.924038;0.798845;0.910766;0.852004;20;0.2;0.3;4
data/jan_90.dat;0.881045;0.874275;0.836715;0.815148;0.826382;0.946154;0.891996;0.928502;0.875027;20;0.2;0.3;4
data/lien_90.dat;0.860577;0.86421;0.948693;0.848524;0.839458;0.911822;0.912077;0.909796;0.886895;20;0.2;0.3;4
data/maki_90.dat;0.912366;0.915534;0.892996;0.860645;0.649225;0.84236;0.883608;0.86284;0.852447;20;0.2;0.3;4
data/marco_90.dat;0.881159;0.784466;0.901639;0.802835;0.888676;0.93314;0.944177;0.939072;0.884395;20;0.2;0.3;4
data/nico_90.dat;0.906551;0.863504;0.886628;0.899743;0.598843;0.904808;0.85534;0.923003;0.854802;20;0.2;0.3;4
data/suzanne_90.dat;0.866346;0.926285;0.869059;0.872093;0.870874;0.935701;0.945736;0.919418;0.900689;20;0.2;0.3;4
data/mirjam_90.dat;0.854528;0.875723;0.835577;0.856218;0.826923;0.94466;0.911368;0.919687;0.878085;20;0.2;0.3;4
data/marije_90.dat;0.871249;0.854388;0.892338;0.836815;0.884766;0.881023;0.917068;0.936416;0.884258;20;0.2;0.3;4
data/dan_90.dat;0.85948;0.788462;0.756311;0.88357;0.93514;0.935577;0.80462;0.930165;0.861666;20;0.2;0.4;4
data/jan_90.dat;0.893617;0.884913;0.854106;0.829268;0.838021;0.946154;0.904532;0.933333;0.885493;20;0.2;0.4;4
data/lien_90.dat;0.874038;0.871969;0.953533;0.862644;0.827853;0.918605;0.919807;0.911736;0.892523;20;0.2;0.4;4
data/maki_90.dat;0.922103;0.916505;0.904669;0.876129;0.65407;0.852031;0.875849;0.870623;0.858997;20;0.2;0.4;4
data/marco_90.dat;0.899517;0.791262;0.912247;0.82732;0.902111;0.937984;0.949952;0.941973;0.895296;20;0.2;0.4;4
data/nico_90.dat;0.909441;0.862536;0.899225;0.890746;0.564127;0.898077;0.859223;0.923003;0.850797;20;0.2;0.4;4
data/suzanne_90.dat;0.870192;0.935015;0.878758;0.890181;0.874757;0.942418;0.94186;0.929126;0.907789;20;0.2;0.4;4
data/mirjam_90.dat;0.861272;0.881503;0.847115;0.865285;0.827885;0.943689;0.914258;0.924584;0.883199;20;0.2;0.4;4
data/marije_90.dat;0.872217;0.860174;0.888458;0.855091;0.890625;0.878073;0.910318;0.94027;0.886903;20;0.2;0.4;4
data/dan_90.dat;0.861405;0.792308;0.765049;0.891332;0.938045;0.942308;0.805582;0.937924;0.866744;20;0.2;0.5;4
data/jan_90.dat;0.895551;0.884913;0.858937;0.835687;0.842871;0.945192;0.907425;0.935266;0.88823;20;0.2;0.5;4
data/lien_90.dat;0.877885;0.874879;0.956438;0.870347;0.829787;0.921512;0.924638;0.910766;0.895781;20;0.2;0.5;4
data/maki_90.dat;0.925024;0.917476;0.90856;0.87871;0.646318;0.852031;0.85354;0.868677;0.856292;20;0.2;0.5;4
data/marco_90.dat;0.911111;0.798058;0.920926;0.849227;0.908829;0.939922;0.956689;0.931335;0.902012;20;0.2;0.5;4
data/nico_90.dat;0.912331;0.857696;0.900194;0.893316;0.542912;0.899038;0.856311;0.924928;0.848341;20;0.2;0.5;4
data/suzanne_90.dat;0.874038;0.936954;0.881668;0.903101;0.873786;0.945297;0.943798;0.933981;0.911578;20;0.2;0.5;4
data/mirjam_90.dat;0.860308;0.88632;0.849038;0.870466;0.830769;0.940777;0.913295;0.920666;0.883955;20;0.2;0.5;4
data/marije_90.dat;0.871249;0.864031;0.880698;0.856397;0.893555;0.873156;0.903568;0.939306;0.885245;20;0.2;0.5;4
data/dan_90.dat;0.862368;0.8;0.769903;0.89392;0.939013;0.948077;0.80847;0.945684;0.870929;20;0.2;0.6;4
data/jan_90.dat;0.89942;0.890716;0.866667;0.838254;0.848691;0.943269;0.911283;0.936232;0.891816;20;0.2;0.6;4
data/lien_90.dat;0.883654;0.877789;0.957406;0.875481;0.832689;0.926357;0.917874;0.911736;0.897873;20;0.2;0.6;4
data/maki_90.dat;0.925998;0.916505;0.913424;0.87871;0.650194;0.852998;0.842871;0.868677;0.856172;20;0.2;0.6;4
data/marco_90.dat;0.919807;0.799029;0.927676;0.872423;0.915547;0.94186;0.961501;0.930368;0.908526;20;0.2;0.6;4
data/nico_90.dat;0.915222;0.862536;0.905039;0.895887;0.51109;0.904808;0.851456;0.926853;0.846611;20;0.2;0.6;4
data/suzanne_90.dat;0.875;0.939864;0.885548;0.908269;0.874757;0.947217;0.939922;0.935922;0.913312;20;0.2;0.6;4
data/mirjam_90.dat;0.861272;0.895954;0.844231;0.873057;0.820192;0.939806;0.914258;0.905975;0.881843;20;0.2;0.6;4
data/marije_90.dat;0.874153;0.864995;0.874879;0.855091;0.893555;0.86529;0.891032;0.938343;0.882167;20;0.2;0.6;4
data/dan_90.dat;0.86333;0.800962;0.773786;0.89392;0.939013;0.948077;0.811357;0.945684;0.872016;20;0.2;0.7;4
data/jan_90.dat;0.900387;0.896518;0.870531;0.842105;0.85063;0.943269;0.916104;0.936232;0.894472;20;0.2;0.7;4
data/lien_90.dat;0.8875;0.881668;0.956438;0.879332;0.829787;0.926357;0.921739;0.911736;0.89932;20;0.2;0.7;4
data/maki_90.dat;0.925998;0.917476;0.917315;0.882581;0.651163;0.857834;0.836081;0.866732;0.856897;20;0.2;0.7;4
data/marco_90.dat;0.925604;0.791262;0.929605;0.878866;0.919386;0.942829;0.961501;0.931335;0.910048;20;0.2;0.7;4
data/nico_90.dat;0.915222;0.862536;0.905039;0.899743;0.505304;0.903846;0.846602;0.92974;0.846004;20;0.2;0.7;4
data/suzanne_90.dat;0.878846;0.939864;0.887488;0.914729;0.873786;0.950096;0.937984;0.937864;0.915082;20;0.2;0.7;4
data/mirjam_90.dat;0.863198;0.896917;0.843269;0.874352;0.820192;0.933981;0.913295;0.906954;0.88152;20;0.2;0.7;4
data/marije_90.dat;0.873185;0.868852;0.873909;0.861619;0.892578;0.863324;0.882353;0.938343;0.88177;20;0.2;0.7;4
data/dan_90.dat;0.864293;0.805769;0.775728;0.896507;0.944821;0.950962;0.813282;0.947624;0.874873;20;0.2;0.8;4
data/jan_90.dat;0.901354;0.897485;0.87343;0.844673;0.8516;0.942308;0.917068;0.938164;0.89576;20;0.2;0.8;4
data/lien_90.dat;0.891346;0.885548;0.957406;0.880616;0.825919;0.928295;0.922705;0.906887;0.89984;20;0.2;0.8;4
data/maki_90.dat;0.925998;0.918447;0.924125;0.886452;0.653101;0.855899;0.831232;0.868677;0.857991;20;0.2;0.8;4
data/marco_90.dat;0.92657;0.785437;0.929605;0.885309;0.921305;0.942829;0.963426;0.932302;0.910848;20;0.2;0.8;4
data/nico_90.dat;0.916185;0.864472;0.906008;0.901028;0.499518;0.904808;0.849515;0.92974;0.846409;20;0.2;0.8;4
data/suzanne_90.dat;0.881731;0.939864;0.887488;0.916021;0.871845;0.950096;0.937016;0.937864;0.915241;20;0.2;0.8;4
data/mirjam_90.dat;0.862235;0.898844;0.840385;0.878238;0.813462;0.931068;0.910405;0.904995;0.879954;20;0.2;0.8;4
data/marije_90.dat;0.872217;0.870781;0.870029;0.861619;0.891602;0.857424;0.856316;0.939306;0.877412;20;0.2;0.8;4
data/dan_90.dat;0.865255;0.809615;0.776699;0.900388;0.946757;0.953846;0.81232;0.948594;0.876684;20;0.2;0.9;4
data/jan_90.dat;0.902321;0.89942;0.876329;0.848524;0.85257;0.939423;0.920926;0.937198;0.897089;20;0.2;0.9;4
data/lien_90.dat;0.896154;0.890398;0.957406;0.880616;0.823017;0.927326;0.921739;0.907856;0.900564;20;0.2;0.9;4
data/maki_90.dat;0.925024;0.917476;0.924125;0.88129;0.653101;0.853965;0.828322;0.870623;0.856741;20;0.2;0.9;4
data/marco_90.dat;0.92657;0.779612;0.932498;0.887887;0.924184;0.943798;0.965351;0.933269;0.911646;20;0.2;0.9;4
data/nico_90.dat;0.918112;0.86544;0.909884;0.902314;0.496625;0.903846;0.840777;0.931665;0.846083;20;0.2;0.9;4
data/suzanne_90.dat;0.884615;0.940834;0.890398;0.914729;0.872816;0.951056;0.93314;0.938835;0.915803;20;0.2;0.9;4
data/mirjam_90.dat;0.862235;0.900771;0.838462;0.876943;0.811538;0.930097;0.914258;0.899118;0.879178;20;0.2;0.9;4
data/marije_90.dat;0.873185;0.870781;0.870029;0.870757;0.893555;0.851524;0.85053;0.938343;0.877338;20;0.2;0.9;4
data/dan_90.dat;0.864293;0.814423;0.778641;0.900388;0.948693;0.954808;0.813282;0.951503;0.878254;20;0.2;1;4
data/jan_90.dat;0.903288;0.89942;0.877295;0.849807;0.85548;0.936538;0.923819;0.933333;0.897373;20;0.2;1;4
data/lien_90.dat;0.896154;0.892338;0.958374;0.883184;0.824952;0.928295;0.921739;0.907856;0.901611;20;0.2;1;4
data/maki_90.dat;0.92113;0.918447;0.925097;0.876129;0.655039;0.853965;0.822502;0.872568;0.85561;20;0.2;1;4
data/marco_90.dat;0.927536;0.780583;0.933462;0.889175;0.928023;0.945736;0.965351;0.932302;0.912771;20;0.2;1;4
data/nico_90.dat;0.918112;0.866409;0.909884;0.899743;0.491803;0.904808;0.840777;0.93359;0.845641;20;0.2;1;4
data/suzanne_90.dat;0.884615;0.938894;0.896217;0.914729;0.872816;0.951056;0.934109;0.938835;0.916409;20;0.2;1;4
data/mirjam_90.dat;0.860308;0.898844;0.838462;0.873057;0.808654;0.926214;0.911368;0.89618;0.876636;20;0.2;1;4
data/marije_90.dat;0.872217;0.871745;0.870029;0.870757;0.889648;0.849558;0.848602;0.938343;0.876362;20;0.2;1;4
data/dan_90.dat;0.854209;0.792608;0.772257;0.848276;0.964876;0.88;0.810894;0.833506;0.844578;20;0.2;0.1;5
data/jan_90.dat;0.840041;0.818557;0.84655;0.827397;0.820062;0.939487;0.848765;0.837113;0.847247;20;0.2;0.1;5
data/lien_90.dat;0.84;0.850052;0.93905;0.841096;0.87732;0.868666;0.907216;0.932712;0.882014;20;0.2;0.1;5
data/maki_90.dat;0.903427;0.875776;0.825726;0.811295;0.677353;0.833849;0.908997;0.808091;0.830564;20;0.2;0.1;5
data/marco_90.dat;0.874356;0.76501;0.861111;0.833563;0.822927;0.92562;0.893224;0.875129;0.856368;20;0.2;0.1;5
data/nico_90.dat;0.912641;0.848297;0.847983;0.887517;0.745885;0.874872;0.888199;0.958932;0.870541;20;0.2;0.1;5
data/suzanne_90.dat;0.832649;0.831437;0.771458;0.84573;0.840415;0.877049;0.914168;0.873706;0.848326;20;0.2;0.1;5
data/mirjam_90.dat;0.825283;0.867556;0.827692;0.856155;0.892308;0.874741;0.898357;0.900731;0.867853;20;0.2;0.1;5
data/marije_90.dat;0.855521;0.877572;0.873967;0.857939;0.848958;0.896118;0.918724;0.897119;0.87824;20;0.2;0.1;5
data/dan_90.dat;0.874743;0.802875;0.781573;0.881379;0.946281;0.931282;0.823227;0.921406;0.870346;20;0.2;0.2;5
data/jan_90.dat;0.877193;0.894845;0.860968;0.843836;0.864529;0.949744;0.900206;0.930928;0.890281;20;0.2;0.2;5
data/lien_90.dat;0.873846;0.88728;0.961777;0.861644;0.876289;0.935884;0.917526;0.928571;0.905352;20;0.2;0.2;5
data/maki_90.dat;0.930426;0.912008;0.893154;0.859504;0.667011;0.845201;0.901758;0.856846;0.858239;20;0.2;0.2;5
data/marco_90.dat;0.901133;0.78882;0.907407;0.865199;0.897646;0.93595;0.924025;0.945304;0.895686;20;0.2;0.2;5
data/nico_90.dat;0.928058;0.881321;0.901758;0.91358;0.648148;0.917949;0.879917;0.933265;0.875499;20;0.2;0.2;5
data/suzanne_90.dat;0.896304;0.929679;0.844881;0.88292;0.894301;0.9375;0.951396;0.926501;0.907935;20;0.2;0.2;5
data/mirjam_90.dat;0.845838;0.882957;0.852308;0.881051;0.888205;0.942029;0.922998;0.941484;0.894609;20;0.2;0.2;5
data/marije_90.dat;0.874097;0.886831;0.916322;0.887187;0.888542;0.908709;0.937243;0.935185;0.904265;20;0.2;0.2;5
data/dan_90.dat;0.886037;0.821355;0.805383;0.892414;0.942149;0.941538;0.833505;0.941055;0.882929;20;0.2;0.3;5
data/jan_90.dat;0.895769;0.902062;0.871267;0.845205;0.870734;0.952821;0.915638;0.946392;0.899986;20;0.2;0.3;5
data/lien_90.dat;0.897436;0.892451;0.963843;0.875342;0.872165;0.943123;0.924742;0.924431;0.911692;20;0.2;0.3;5
data/maki_90.dat;0.938733;0.918219;0.921162;0.87741;0.670114;0.850361;0.892451;0.865145;0.866699;20;0.2;0.3;5
data/marco_90.dat;0.911431;0.799172;0.915638;0.859697;0.908905;0.943182;0.948665;0.95356;0.905031;20;0.2;0.3;5
data/nico_90.dat;0.934224;0.877193;0.906929;0.912208;0.600823;0.912821;0.879917;0.938398;0.870314;20;0.2;0.3;5
data/suzanne_90.dat;0.899384;0.94726;0.89969;0.922865;0.905699;0.946721;0.951396;0.936853;0.926233;20;0.2;0.3;5
data/mirjam_90.dat;0.862282;0.895277;0.867692;0.881051;0.886154;0.954451;0.920945;0.935214;0.900383;20;0.2;0.3;5
data/marije_90.dat;0.892673;0.893004;0.920455;0.883008;0.90625;0.905561;0.932099;0.942387;0.90943;20;0.2;0.3;5
data/dan_90.dat;0.890144;0.827515;0.817805;0.89931;0.945248;0.945641;0.841727;0.94726;0.889331;20;0.2;0.4;5
data/jan_90.dat;0.909185;0.909278;0.879506;0.852055;0.874871;0.953846;0.923868;0.949485;0.906512;20;0.2;0.4;5
data/lien_90.dat;0.914872;0.896587;0.966942;0.880822;0.863918;0.94726;0.930928;0.921325;0.915332;20;0.2;0.4;5
data/maki_90.dat;0.944964;0.917184;0.927386;0.881543;0.678387;0.857585;0.883144;0.873444;0.870455;20;0.2;0.4;5
data/marco_90.dat;0.913491;0.801242;0.924897;0.874828;0.912999;0.94938;0.953799;0.956656;0.910912;20;0.2;0.4;5
data/nico_90.dat;0.938335;0.882353;0.913133;0.916324;0.555556;0.90359;0.885093;0.934292;0.866084;20;0.2;0.4;5
data/suzanne_90.dat;0.900411;0.950362;0.90486;0.938017;0.911917;0.95082;0.953464;0.944099;0.931744;20;0.2;0.4;5
data/mirjam_90.dat;0.866393;0.895277;0.874872;0.890733;0.882051;0.935818;0.917865;0.935214;0.899778;20;0.2;0.4;5
data/marije_90.dat;0.894737;0.898148;0.917355;0.895543;0.914583;0.896118;0.924897;0.947531;0.911114;20;0.2;0.4;5
data/dan_90.dat;0.893224;0.835729;0.822981;0.903448;0.947314;0.954872;0.846865;0.951396;0.894479;20;0.2;0.5;5
data/jan_90.dat;0.912281;0.914433;0.885685;0.856164;0.881076;0.954872;0.927984;0.94433;0.909603;20;0.2;0.5;5
data/lien_90.dat;0.918974;0.898656;0.967975;0.880822;0.861856;0.945191;0.937113;0.919255;0.91623;20;0.2;0.5;5
data/maki_90.dat;0.94704;0.921325;0.932573;0.880165;0.670114;0.856553;0.858325;0.870332;0.867053;20;0.2;0.5;5
data/marco_90.dat;0.92173;0.805383;0.93107;0.884457;0.917093;0.950413;0.954825;0.950464;0.914429;20;0.2;0.5;5
data/nico_90.dat;0.940391;0.874097;0.915202;0.914952;0.529835;0.900513;0.880952;0.936345;0.861536;20;0.2;0.5;5
data/suzanne_90.dat;0.904517;0.95243;0.912099;0.939394;0.917098;0.952869;0.954498;0.949275;0.935273;20;0.2;0.5;5
data/mirjam_90.dat;0.865365;0.895277;0.87282;0.896266;0.877949;0.935818;0.916838;0.937304;0.899705;20;0.2;0.5;5
data/marije_90.dat;0.893705;0.904321;0.903926;0.891365;0.915625;0.886674;0.915638;0.949588;0.907605;20;0.2;0.5;5
data/dan_90.dat;0.894251;0.835729;0.828157;0.906207;0.945248;0.955897;0.846865;0.956567;0.896115;20;0.2;0.6;5
data/jan_90.dat;0.916409;0.915464;0.887745;0.857534;0.88211;0.953846;0.930041;0.941237;0.910548;20;0.2;0.6;5
data/lien_90.dat;0.925128;0.901758;0.964876;0.883562;0.860825;0.946225;0.934021;0.92029;0.917086;20;0.2;0.6;5
data/maki_90.dat;0.948079;0.92236;0.935685;0.871901;0.665977;0.859649;0.846949;0.873444;0.865506;20;0.2;0.6;5
data/marco_90.dat;0.929969;0.807453;0.936214;0.885832;0.920164;0.951446;0.959959;0.951496;0.917817;20;0.2;0.6;5
data/nico_90.dat;0.940391;0.872033;0.918304;0.917695;0.485597;0.902564;0.875776;0.939425;0.856473;20;0.2;0.6;5
data/suzanne_90.dat;0.906571;0.954498;0.911065;0.942149;0.917098;0.955943;0.953464;0.951346;0.936517;20;0.2;0.6;5
data/mirjam_90.dat;0.869476;0.894251;0.867692;0.900415;0.859487;0.937888;0.920945;0.920585;0.896342;20;0.2;0.6;5
data/marije_90.dat;0.896801;0.907407;0.899793;0.892758;0.915625;0.878279;0.902263;0.944444;0.904671;20;0.2;0.6;5
data/dan_90.dat;0.894251;0.837782;0.832298;0.907586;0.946281;0.956923;0.845838;0.957601;0.89732;20;0.2;0.7;5
data/jan_90.dat;0.917441;0.916495;0.888774;0.860274;0.884178;0.954872;0.932099;0.942268;0.91205;20;0.2;0.7;5
data/lien_90.dat;0.92718;0.90486;0.965909;0.890411;0.858763;0.946225;0.935052;0.917184;0.918198;20;0.2;0.7;5
data/maki_90.dat;0.946002;0.924431;0.938797;0.870523;0.667011;0.861713;0.83971;0.868257;0.864556;20;0.2;0.7;5
data/marco_90.dat;0.934089;0.799172;0.937243;0.889959;0.922211;0.953512;0.964066;0.952528;0.919097;20;0.2;0.7;5
data/nico_90.dat;0.941418;0.874097;0.921406;0.917695;0.478395;0.90359;0.8706;0.942505;0.856213;20;0.2;0.7;5
data/suzanne_90.dat;0.908624;0.954498;0.914168;0.943526;0.919171;0.956967;0.946225;0.953416;0.937075;20;0.2;0.7;5
data/mirjam_90.dat;0.874615;0.895277;0.861538;0.905947;0.853333;0.935818;0.916838;0.918495;0.895233;20;0.2;0.7;5
data/marije_90.dat;0.897833;0.908436;0.893595;0.891365;0.9125;0.875131;0.893004;0.942387;0.901781;20;0.2;0.7;5
data/dan_90.dat;0.896304;0.838809;0.834369;0.906207;0.94938;0.96;0.848921;0.957601;0.898949;20;0.2;0.8;5
data/jan_90.dat;0.918473;0.918557;0.889804;0.861644;0.886246;0.953846;0.935185;0.94433;0.913511;20;0.2;0.8;5
data/lien_90.dat;0.926154;0.906929;0.964876;0.893151;0.857732;0.946225;0.939175;0.910973;0.918152;20;0.2;0.8;5
data/maki_90.dat;0.946002;0.926501;0.940871;0.869146;0.667011;0.858617;0.832472;0.870332;0.863869;20;0.2;0.8;5
data/marco_90.dat;0.935118;0.79089;0.938272;0.89271;0.923234;0.954545;0.967146;0.952528;0.919306;20;0.2;0.8;5
data/nico_90.dat;0.943474;0.873065;0.922441;0.919067;0.469136;0.902564;0.871636;0.943532;0.855614;20;0.2;0.8;5
data/suzanne_90.dat;0.911704;0.954498;0.914168;0.942149;0.916062;0.957992;0.945191;0.955487;0.937156;20;0.2;0.8;5
data/mirjam_90.dat;0.870504;0.899384;0.858462;0.908714;0.845128;0.937888;0.916838;0.915361;0.894035;20;0.2;0.8;5
data/marije_90.dat;0.897833;0.912551;0.892562;0.891365;0.907292;0.865687;0.865226;0.943416;0.896991;20;0.2;0.8;5
data/dan_90.dat;0.896304;0.842916;0.837474;0.910345;0.94938;0.962051;0.850976;0.959669;0.901139;20;0.2;0.9;5
data/jan_90.dat;0.918473;0.92268;0.892894;0.864384;0.88728;0.951795;0.938272;0.943299;0.914885;20;0.2;0.9;5
data/lien_90.dat;0.926154;0.908997;0.965909;0.89589;0.85567;0.944157;0.938144;0.910973;0.918237;20;0.2;0.9;5
data/maki_90.dat;0.943925;0.926501;0.941909;0.870523;0.661841;0.856553;0.830403;0.873444;0.863137;20;0.2;0.9;5
data/marco_90.dat;0.936148;0.787785;0.938272;0.895461;0.923234;0.954545;0.968172;0.949432;0.919131;20;0.2;0.9;5
data/nico_90.dat;0.943474;0.873065;0.923475;0.919067;0.465021;0.897436;0.862319;0.944559;0.853552;20;0.2;0.9;5
data/suzanne_90.dat;0.913758;0.956567;0.914168;0.946281;0.915026;0.957992;0.945191;0.954451;0.937929;20;0.2;0.9;5
data/mirjam_90.dat;0.868448;0.904517;0.857436;0.908714;0.847179;0.938923;0.918891;0.911181;0.894411;20;0.2;0.9;5
data/marije_90.dat;0.898865;0.91358;0.892562;0.896936;0.907292;0.860441;0.859053;0.941358;0.896261;20;0.2;0.9;5
data/dan_90.dat;0.895277;0.842916;0.839545;0.910345;0.951446;0.962051;0.850976;0.959669;0.901528;20;0.2;1;5
data/jan_90.dat;0.920537;0.924742;0.894954;0.869863;0.891417;0.952821;0.940329;0.943299;0.917245;20;0.2;1;5
data/lien_90.dat;0.928205;0.910031;0.964876;0.89726;0.859794;0.944157;0.939175;0.908903;0.91905;20;0.2;1;5
data/maki_90.dat;0.939772;0.928571;0.942946;0.869146;0.663909;0.856553;0.82213;0.875519;0.862318;20;0.2;1;5
data/marco_90.dat;0.937178;0.787785;0.940329;0.900963;0.926305;0.954545;0.968172;0.947368;0.920331;20;0.2;1;5
data/nico_90.dat;0.944502;0.873065;0.924509;0.921811;0.458848;0.89641;0.862319;0.943532;0.853124;20;0.2;1;5
data/suzanne_90.dat;0.913758;0.954498;0.91727;0.944904;0.917098;0.959016;0.945191;0.952381;0.938015;20;0.2;1;5
data/mirjam_90.dat;0.868448;0.904517;0.858462;0.904564;0.838974;0.939959;0.919918;0.909091;0.892992;20;0.2;1;5
data/marije_90.dat;0.899897;0.912551;0.892562;0.901114;0.904167;0.860441;0.856996;0.941358;0.896136;20;0.2;1;5
data/dan_90.dat;0.888318;0.833119;0.804657;0.856897;0.978065;0.919231;0.840412;0.866753;0.873431;20;0.2;0.1;6
data/jan_90.dat;0.863402;0.82732;0.833763;0.83705;0.83053;0.953846;0.881596;0.856959;0.860558;20;0.2;0.1;6
data/lien_90.dat;0.864103;0.866925;0.95478;0.871575;0.865979;0.869509;0.911082;0.943079;0.893379;20;0.2;0.1;6
data/maki_90.dat;0.910506;0.915912;0.869001;0.856897;0.732558;0.849032;0.905563;0.801556;0.855128;20;0.2;0.1;6
data/marco_90.dat;0.899614;0.782665;0.870013;0.865979;0.867178;0.927742;0.920411;0.898196;0.878975;20;0.2;0.1;6
data/nico_90.dat;0.926735;0.851613;0.875969;0.891938;0.714653;0.898718;0.88357;0.967949;0.876393;20;0.2;0.1;6
data/suzanne_90.dat;0.855128;0.871928;0.817594;0.865749;0.861399;0.90653;0.931436;0.910737;0.877563;20;0.2;0.1;6
data/mirjam_90.dat;0.845758;0.872914;0.848718;0.847751;0.911652;0.921087;0.892169;0.926893;0.883368;20;0.2;0.1;6
data/marije_90.dat;0.899355;0.919023;0.906977;0.887153;0.878906;0.905636;0.94852;0.921493;0.908383;20;0.2;0.1;6
data/dan_90.dat;0.905006;0.848524;0.812419;0.889655;0.950968;0.95;0.857143;0.935317;0.893629;20;0.2;0.2;6
data/jan_90.dat;0.891753;0.911082;0.875;0.86964;0.875809;0.95641;0.912484;0.931701;0.902985;20;0.2;0.2;6
data/lien_90.dat;0.897436;0.897933;0.97416;0.880137;0.867268;0.921189;0.920103;0.939198;0.912178;20;0.2;0.2;6
data/maki_90.dat;0.935149;0.937904;0.914397;0.882759;0.702842;0.860645;0.909444;0.85214;0.87441;20;0.2;0.2;6
data/marco_90.dat;0.921493;0.803364;0.903475;0.888316;0.922095;0.953548;0.933248;0.956186;0.910215;20;0.2;0.2;6
data/nico_90.dat;0.939589;0.87871;0.918605;0.93825;0.641388;0.930769;0.890039;0.944872;0.885278;20;0.2;0.2;6
data/suzanne_90.dat;0.90641;0.935317;0.871928;0.89673;0.914508;0.947503;0.954722;0.941785;0.921113;20;0.2;0.2;6
data/mirjam_90.dat;0.876607;0.875481;0.857692;0.870242;0.932138;0.962484;0.931964;0.954308;0.907615;20;0.2;0.2;6
data/marije_90.dat;0.898064;0.934447;0.919897;0.902778;0.919271;0.918742;0.947233;0.951094;0.923941;20;0.2;0.2;6
data/dan_90.dat;0.911425;0.85751;0.83053;0.898276;0.952258;0.958974;0.859717;0.945666;0.901795;20;0.2;0.3;6
data/jan_90.dat;0.905928;0.920103;0.890464;0.871355;0.886158;0.958974;0.933076;0.947165;0.914153;20;0.2;0.3;6
data/lien_90.dat;0.916667;0.921189;0.979328;0.886986;0.869845;0.932817;0.92268;0.934023;0.920442;20;0.2;0.3;6
data/maki_90.dat;0.942931;0.941785;0.937743;0.881034;0.71447;0.863226;0.901682;0.863813;0.880836;20;0.2;0.3;6
data/marco_90.dat;0.926641;0.789133;0.915058;0.886598;0.931035;0.96;0.946085;0.962629;0.914647;20;0.2;0.3;6
data/nico_90.dat;0.943445;0.874839;0.918605;0.931389;0.587404;0.932051;0.87969;0.938462;0.875735;20;0.2;0.3;6
data/suzanne_90.dat;0.912821;0.953428;0.917206;0.913942;0.919689;0.957747;0.956016;0.953428;0.935534;20;0.2;0.3;6
data/mirjam_90.dat;0.886889;0.884467;0.865385;0.885813;0.933419;0.970246;0.931964;0.953003;0.913898;20;0.2;0.3;6
data/marije_90.dat;0.898064;0.939589;0.921189;0.904514;0.93099;0.921363;0.943372;0.956242;0.926915;20;0.2;0.3;6
data/dan_90.dat;0.915276;0.861361;0.84088;0.905172;0.954839;0.961538;0.863578;0.953428;0.907009;20;0.2;0.4;6
data/jan_90.dat;0.917526;0.927835;0.900773;0.862779;0.890039;0.960256;0.936937;0.949742;0.918236;20;0.2;0.4;6
data/lien_90.dat;0.933333;0.930233;0.981912;0.890411;0.865979;0.940568;0.929124;0.931436;0.925375;20;0.2;0.4;6
data/maki_90.dat;0.948119;0.939198;0.946822;0.886207;0.719638;0.870968;0.884864;0.871595;0.883427;20;0.2;0.4;6
data/marco_90.dat;0.929215;0.785252;0.921493;0.90378;0.938697;0.963871;0.947368;0.965206;0.91936;20;0.2;0.4;6
data/nico_90.dat;0.94473;0.872258;0.922481;0.933105;0.539846;0.930769;0.880983;0.941026;0.87065;20;0.2;0.4;6
data/suzanne_90.dat;0.919231;0.958603;0.921087;0.922547;0.928756;0.960307;0.958603;0.962484;0.941452;20;0.2;0.4;6
data/mirjam_90.dat;0.899743;0.896021;0.866667;0.885813;0.930858;0.971539;0.924262;0.949086;0.915499;20;0.2;0.4;6
data/marije_90.dat;0.898064;0.947301;0.916021;0.90625;0.941406;0.920052;0.931789;0.960103;0.927623;20;0.2;0.4;6
data/dan_90.dat;0.919127;0.863928;0.849935;0.906897;0.956129;0.962821;0.864865;0.957309;0.910126;20;0.2;0.5;6
data/jan_90.dat;0.920103;0.931701;0.904639;0.864494;0.89392;0.958974;0.940798;0.945876;0.920063;20;0.2;0.5;6
data/lien_90.dat;0.93718;0.928941;0.981912;0.895548;0.862113;0.945736;0.936856;0.928849;0.927142;20;0.2;0.5;6
data/maki_90.dat;0.948119;0.936611;0.948119;0.887931;0.70801;0.870968;0.860285;0.869001;0.878631;20;0.2;0.5;6
data/marco_90.dat;0.936937;0.78784;0.931789;0.912371;0.941252;0.965161;0.957638;0.965206;0.924774;20;0.2;0.5;6
data/nico_90.dat;0.948586;0.864516;0.923773;0.931389;0.512853;0.928205;0.878396;0.944872;0.866574;20;0.2;0.5;6
data/suzanne_90.dat;0.920513;0.96119;0.924968;0.929432;0.932642;0.962868;0.96119;0.968952;0.945219;20;0.2;0.5;6
data/mirjam_90.dat;0.895887;0.897304;0.867949;0.892734;0.920615;0.974127;0.921694;0.947781;0.914761;20;0.2;0.5;6
data/marije_90.dat;0.896774;0.949871;0.906977;0.913194;0.936198;0.913499;0.931789;0.954955;0.925407;20;0.2;0.5;6
data/dan_90.dat;0.919127;0.863928;0.856404;0.910345;0.96;0.964103;0.866152;0.958603;0.912333;20;0.2;0.6;6
data/jan_90.dat;0.923969;0.935567;0.911082;0.866209;0.897801;0.95641;0.940798;0.940722;0.92157;20;0.2;0.6;6
data/lien_90.dat;0.938462;0.934109;0.978036;0.898973;0.858247;0.950904;0.929124;0.923674;0.926441;20;0.2;0.6;6
data/maki_90.dat;0.950713;0.937904;0.95201;0.886207;0.70801;0.873548;0.852523;0.870298;0.878902;20;0.2;0.6;6
data/marco_90.dat;0.943372;0.785252;0.93565;0.917526;0.94636;0.966452;0.960205;0.965206;0.927503;20;0.2;0.6;6
data/nico_90.dat;0.947301;0.863226;0.925065;0.929674;0.470437;0.928205;0.873221;0.946154;0.86041;20;0.2;0.6;6
data/suzanne_90.dat;0.921795;0.963777;0.923674;0.931153;0.936529;0.965429;0.959897;0.968952;0.946401;20;0.2;0.6;6
data/mirjam_90.dat;0.901028;0.899872;0.860256;0.897924;0.901408;0.97542;0.924262;0.93342;0.911699;20;0.2;0.6;6
data/marije_90.dat;0.900645;0.951157;0.900517;0.928819;0.928385;0.906946;0.929215;0.952381;0.924758;20;0.2;0.6;6
data/dan_90.dat;0.920411;0.866495;0.861578;0.912069;0.966452;0.965385;0.866152;0.96119;0.914966;20;0.2;0.7;6
data/jan_90.dat;0.925258;0.940722;0.914948;0.866209;0.900388;0.95641;0.940798;0.940722;0.923182;20;0.2;0.7;6
data/lien_90.dat;0.938462;0.934109;0.978036;0.900685;0.853093;0.952196;0.927835;0.923674;0.926011;20;0.2;0.7;6
data/maki_90.dat;0.949416;0.937904;0.953307;0.882759;0.70801;0.874839;0.844761;0.86511;0.877013;20;0.2;0.7;6
data/marco_90.dat;0.947233;0.77749;0.938224;0.92268;0.943806;0.967742;0.960205;0.965206;0.927823;20;0.2;0.7;6
data/nico_90.dat;0.948586;0.863226;0.926357;0.929674;0.460154;0.928205;0.86934;0.947436;0.859122;20;0.2;0.7;6
data/suzanne_90.dat;0.923077;0.963777;0.927555;0.938038;0.935233;0.965429;0.959897;0.970246;0.947906;20;0.2;0.7;6
data/mirjam_90.dat;0.903599;0.899872;0.851282;0.901384;0.891165;0.97542;0.919127;0.93342;0.909409;20;0.2;0.7;6
data/marije_90.dat;0.900645;0.951157;0.896641;0.9375;0.927083;0.904325;0.925354;0.951094;0.924225;20;0.2;0.7;6
data/dan_90.dat;0.920411;0.867779;0.864166;0.910345;0.966452;0.967949;0.866152;0.96119;0.915555;20;0.2;0.8;6
data/jan_90.dat;0.926546;0.94201;0.918814;0.87307;0.901682;0.955128;0.943372;0.939433;0.925007;20;0.2;0.8;6
data/lien_90.dat;0.939744;0.935401;0.978036;0.898973;0.854381;0.952196;0.931701;0.914618;0.925631;20;0.2;0.8;6
data/maki_90.dat;0.946822;0.936611;0.953307;0.886207;0.706718;0.872258;0.839586;0.866407;0.87599;20;0.2;0.8;6
data/marco_90.dat;0.949807;0.769728;0.942085;0.92268;0.943806;0.969032;0.962773;0.96134;0.927656;20;0.2;0.8;6
data/nico_90.dat;0.949871;0.864516;0.928941;0.927959;0.453728;0.925641;0.870634;0.948718;0.858751;20;0.2;0.8;6
data/suzanne_90.dat;0.924359;0.96119;0.926261;0.943201;0.933938;0.966709;0.96119;0.971539;0.948549;20;0.2;0.8;6
data/mirjam_90.dat;0.902314;0.902439;0.847436;0.903114;0.873239;0.976714;0.920411;0.930809;0.90706;20;0.2;0.8;6
data/marije_90.dat;0.900645;0.952442;0.892765;0.9375;0.921875;0.904325;0.891892;0.944659;0.918263;20;0.2;0.8;6
data/dan_90.dat;0.920411;0.867779;0.866753;0.913793;0.966452;0.967949;0.867439;0.962484;0.916632;20;0.2;0.9;6
data/jan_90.dat;0.926546;0.94201;0.917526;0.87307;0.902975;0.955128;0.947233;0.94201;0.925812;20;0.2;0.9;6
data/lien_90.dat;0.938462;0.935401;0.978036;0.900685;0.853093;0.953488;0.93299;0.912031;0.925523;20;0.2;0.9;6
data/maki_90.dat;0.944228;0.937904;0.957198;0.887931;0.70155;0.869677;0.836999;0.869001;0.875561;20;0.2;0.9;6
data/marco_90.dat;0.952381;0.765847;0.942085;0.926117;0.945083;0.970323;0.962773;0.958763;0.927921;20;0.2;0.9;6
data/nico_90.dat;0.951157;0.865806;0.928941;0.927959;0.452442;0.923077;0.861578;0.95;0.85762;20;0.2;0.9;6
data/suzanne_90.dat;0.924359;0.963777;0.927555;0.946644;0.928756;0.966709;0.96119;0.971539;0.948816;20;0.2;0.9;6
data/mirjam_90.dat;0.902314;0.902439;0.84359;0.901384;0.871959;0.978008;0.921694;0.926893;0.906035;20;0.2;0.9;6
data/marije_90.dat;0.900645;0.952442;0.891473;0.942708;0.923177;0.901704;0.88417;0.943372;0.917461;20;0.2;0.9;6
data/dan_90.dat;0.921694;0.867779;0.868047;0.913793;0.969032;0.967949;0.867439;0.963777;0.917439;20;0.2;1;6
data/jan_90.dat;0.929124;0.945876;0.918814;0.876501;0.909444;0.957692;0.947233;0.943299;0.928498;20;0.2;1;6
data/lien_90.dat;0.939744;0.936693;0.978036;0.902397;0.854381;0.95478;0.939433;0.912031;0.927187;20;0.2;1;6
data/maki_90.dat;0.940337;0.940492;0.957198;0.891379;0.705426;0.869677;0.831824;0.870298;0.875829;20;0.2;1;6
data/marco_90.dat;0.952381;0.764554;0.944659;0.924399;0.945083;0.970323;0.964056;0.957474;0.927866;20;0.2;1;6
data/nico_90.dat;0.949871;0.865806;0.931525;0.929674;0.447301;0.919231;0.866753;0.951282;0.85768;20;0.2;1;6
data/suzanne_90.dat;0.924359;0.96119;0.930142;0.946644;0.928756;0.966709;0.958603;0.972833;0.948655;20;0.2;1;6
data/mirjam_90.dat;0.903599;0.902439;0.844872;0.892734;0.862996;0.978008;0.917843;0.924282;0.903347;20;0.2;1;6
data/marije_90.dat;0.901935;0.949871;0.890181;0.944444;0.917969;0.901704;0.882883;0.942085;0.916384;20;0.2;1;6
data/dan_90.dat;0.936264;0.854945;0.84;0.887906;0.973392;0.923077;0.874172;0.844789;0.891818;20;0.2;0.1;7
data/jan_90.dat;0.874172;0.865342;0.85872;0.870588;0.864745;0.967033;0.900662;0.883002;0.885533;20;0.2;0.1;7
data/lien_90.dat;0.861538;0.886918;0.929047;0.879765;0.89404;0.89357;0.933775;0.971175;0.906229;20;0.2;0.1;7
data/maki_90.dat;0.915556;0.913526;0.86;0.87574;0.780973;0.838496;0.922395;0.757778;0.858058;20;0.2;0.1;7
data/marco_90.dat;0.92053;0.738359;0.856512;0.908555;0.877193;0.918142;0.933921;0.90287;0.88201;20;0.2;0.1;7
data/nico_90.dat;0.947137;0.884956;0.871397;0.909091;0.768722;0.905495;0.880266;0.971429;0.892311;20;0.2;0.1;7
data/suzanne_90.dat;0.865639;0.875831;0.838137;0.887906;0.86918;0.903297;0.909091;0.924612;0.884212;20;0.2;0.1;7
data/mirjam_90.dat;0.863436;0.87033;0.859341;0.801187;0.927632;0.911111;0.914097;0.928412;0.884443;20;0.2;0.1;7
data/marije_90.dat;0.902655;0.938326;0.929204;0.91369;0.877506;0.903587;0.933775;0.93819;0.917117;20;0.2;0.1;7
data/dan_90.dat;0.958242;0.863736;0.846667;0.896755;0.949002;0.949451;0.900662;0.924612;0.911141;20;0.2;0.2;7
data/jan_90.dat;0.891832;0.933775;0.89404;0.861765;0.895787;0.971429;0.918322;0.935982;0.912866;20;0.2;0.2;7
data/lien_90.dat;0.903297;0.922395;0.968958;0.894428;0.89404;0.933481;0.931567;0.971175;0.927418;20;0.2;0.2;7
data/maki_90.dat;0.942222;0.944568;0.953333;0.85503;0.756637;0.856195;0.91796;0.864444;0.886299;20;0.2;0.2;7
data/marco_90.dat;0.94702;0.736142;0.883002;0.926254;0.91886;0.951327;0.944934;0.958057;0.908199;20;0.2;0.2;7
data/nico_90.dat;0.951542;0.880531;0.909091;0.958944;0.682819;0.945055;0.866962;0.962637;0.894698;20;0.2;0.2;7
data/suzanne_90.dat;0.920705;0.951219;0.898004;0.902655;0.920177;0.945055;0.960089;0.946785;0.930586;20;0.2;0.2;7
data/mirjam_90.dat;0.88326;0.874725;0.837363;0.857567;0.929825;0.968889;0.947137;0.957494;0.907032;20;0.2;0.2;7
data/marije_90.dat;0.915929;0.933921;0.904867;0.916667;0.922049;0.919282;0.931567;0.949227;0.924189;20;0.2;0.2;7
data/dan_90.dat;0.964835;0.87033;0.862222;0.896755;0.955654;0.958242;0.90287;0.94235;0.919157;20;0.2;0.3;7
data/jan_90.dat;0.898455;0.93819;0.922737;0.870588;0.902439;0.967033;0.927152;0.935982;0.920322;20;0.2;0.3;7
data/lien_90.dat;0.927473;0.926829;0.980044;0.903226;0.898455;0.937916;0.93819;0.971175;0.935413;20;0.2;0.3;7
data/maki_90.dat;0.948889;0.946785;0.957778;0.83432;0.780973;0.862832;0.913526;0.873333;0.889804;20;0.2;0.3;7
data/marco_90.dat;0.95585;0.736142;0.900662;0.905605;0.932018;0.957965;0.964758;0.969095;0.915262;20;0.2;0.3;7
data/nico_90.dat;0.953744;0.871681;0.913526;0.961877;0.621145;0.949451;0.866962;0.949451;0.88598;20;0.2;0.3;7
data/suzanne_90.dat;0.929515;0.962306;0.931264;0.923304;0.929047;0.96044;0.955654;0.960089;0.943952;20;0.2;0.3;7
data/mirjam_90.dat;0.889868;0.885714;0.83956;0.878338;0.925439;0.977778;0.953744;0.957494;0.913492;20;0.2;0.3;7
data/marije_90.dat;0.920354;0.938326;0.913717;0.931548;0.935412;0.921525;0.927152;0.95585;0.930485;20;0.2;0.3;7
data/dan_90.dat;0.964835;0.881319;0.877778;0.899705;0.973392;0.962637;0.900662;0.955654;0.926998;20;0.2;0.4;7
data/jan_90.dat;0.907285;0.944812;0.931567;0.873529;0.904656;0.967033;0.931567;0.922737;0.922898;20;0.2;0.4;7
data/lien_90.dat;0.945055;0.933481;0.982262;0.912023;0.889625;0.940133;0.949227;0.957871;0.93871;20;0.2;0.4;7
data/maki_90.dat;0.955556;0.946785;0.96;0.831361;0.767699;0.871681;0.902439;0.877778;0.889162;20;0.2;0.4;7
data/marco_90.dat;0.958057;0.731707;0.92936;0.911504;0.940789;0.960177;0.964758;0.969095;0.920681;20;0.2;0.4;7
data/nico_90.dat;0.953744;0.865044;0.915743;0.961877;0.570485;0.945055;0.866962;0.951648;0.87882;20;0.2;0.4;7
data/suzanne_90.dat;0.931718;0.964523;0.935698;0.926254;0.937916;0.964835;0.951219;0.964523;0.947086;20;0.2;0.4;7
data/mirjam_90.dat;0.889868;0.898901;0.848352;0.878338;0.929825;0.977778;0.95815;0.959732;0.917618;20;0.2;0.4;7
data/marije_90.dat;0.920354;0.940529;0.931416;0.9375;0.933185;0.923767;0.922737;0.958057;0.933443;20;0.2;0.4;7
data/dan_90.dat;0.967033;0.887912;0.884444;0.899705;0.97561;0.967033;0.900662;0.960089;0.930311;20;0.2;0.5;7
data/jan_90.dat;0.907285;0.944812;0.935982;0.879412;0.909091;0.964835;0.933775;0.922737;0.924741;20;0.2;0.5;7
data/lien_90.dat;0.947253;0.935698;0.980044;0.923754;0.88521;0.94235;0.960265;0.957871;0.941556;20;0.2;0.5;7
data/maki_90.dat;0.955556;0.944568;0.962222;0.83432;0.761062;0.871681;0.880266;0.875556;0.885654;20;0.2;0.5;7
data/marco_90.dat;0.958057;0.733925;0.933775;0.917404;0.947368;0.962389;0.96696;0.97351;0.924174;20;0.2;0.5;7
data/nico_90.dat;0.955947;0.849558;0.915743;0.964809;0.544053;0.940659;0.862528;0.953846;0.873393;20;0.2;0.5;7
data/suzanne_90.dat;0.933921;0.966741;0.937916;0.929204;0.937916;0.967033;0.953437;0.966741;0.949113;20;0.2;0.5;7
data/mirjam_90.dat;0.878855;0.898901;0.852747;0.872404;0.921053;0.977778;0.962555;0.957494;0.915223;20;0.2;0.5;7
data/marije_90.dat;0.920354;0.944934;0.931416;0.943452;0.930958;0.923767;0.924945;0.953642;0.934183;20;0.2;0.5;7
data/dan_90.dat;0.967033;0.89011;0.886667;0.902655;0.980044;0.967033;0.900662;0.962306;0.932064;20;0.2;0.6;7
data/jan_90.dat;0.9117;0.944812;0.940397;0.879412;0.909091;0.956044;0.933775;0.922737;0.924746;20;0.2;0.6;7
data/lien_90.dat;0.947253;0.94235;0.980044;0.929619;0.880795;0.94235;0.949227;0.949002;0.94008;20;0.2;0.6;7
data/maki_90.dat;0.955556;0.946785;0.964444;0.831361;0.75885;0.873894;0.871397;0.877778;0.885008;20;0.2;0.6;7
data/marco_90.dat;0.960265;0.733925;0.93819;0.920354;0.951754;0.964602;0.969163;0.97351;0.92647;20;0.2;0.6;7
data/nico_90.dat;0.953744;0.84292;0.91796;0.964809;0.502203;0.934066;0.858093;0.956044;0.86623;20;0.2;0.6;7
data/suzanne_90.dat;0.936123;0.966741;0.94235;0.932153;0.937916;0.967033;0.953437;0.968958;0.950589;20;0.2;0.6;7
data/mirjam_90.dat;0.876652;0.896703;0.837363;0.881306;0.888158;0.98;0.96696;0.93736;0.908063;20;0.2;0.6;7
data/marije_90.dat;0.922566;0.953744;0.920354;0.946429;0.924276;0.923767;0.92053;0.949227;0.932612;20;0.2;0.6;7
data/dan_90.dat;0.967033;0.892308;0.888889;0.902655;0.984479;0.971429;0.900662;0.966741;0.934274;20;0.2;0.7;7
data/jan_90.dat;0.913907;0.95585;0.940397;0.879412;0.909091;0.956044;0.935982;0.92936;0.927505;20;0.2;0.7;7
data/lien_90.dat;0.947253;0.944568;0.980044;0.938416;0.878587;0.944568;0.94702;0.946785;0.940905;20;0.2;0.7;7
data/maki_90.dat;0.957778;0.946785;0.964444;0.831361;0.756637;0.876106;0.862528;0.871111;0.883344;20;0.2;0.7;7
data/marco_90.dat;0.962472;0.727273;0.942605;0.920354;0.951754;0.964602;0.971366;0.975717;0.927018;20;0.2;0.7;7
data/nico_90.dat;0.953744;0.84292;0.920177;0.964809;0.493392;0.931868;0.853659;0.956044;0.864577;20;0.2;0.7;7
data/suzanne_90.dat;0.936123;0.968958;0.94235;0.932153;0.935698;0.969231;0.955654;0.971175;0.951418;20;0.2;0.7;7
data/mirjam_90.dat;0.881057;0.901099;0.828571;0.881306;0.881579;0.98;0.964758;0.935123;0.906687;20;0.2;0.7;7
data/marije_90.dat;0.922566;0.955947;0.915929;0.943452;0.922049;0.923767;0.916115;0.94702;0.930856;20;0.2;0.7;7
data/dan_90.dat;0.967033;0.89011;0.888889;0.899705;0.984479;0.971429;0.90287;0.971175;0.934461;20;0.2;0.8;7
data/jan_90.dat;0.916115;0.958057;0.940397;0.873529;0.911308;0.956044;0.935982;0.933775;0.928151;20;0.2;0.8;7
data/lien_90.dat;0.947253;0.94235;0.982262;0.938416;0.874172;0.944568;0.949227;0.935698;0.939243;20;0.2;0.8;7
data/maki_90.dat;0.957778;0.944568;0.966667;0.828402;0.754425;0.873894;0.858093;0.873333;0.882145;20;0.2;0.8;7
data/marco_90.dat;0.962472;0.720621;0.944812;0.923304;0.953947;0.966814;0.971366;0.97351;0.927106;20;0.2;0.8;7
data/nico_90.dat;0.955947;0.84292;0.920177;0.961877;0.486784;0.934066;0.855876;0.958242;0.864486;20;0.2;0.8;7
data/suzanne_90.dat;0.938326;0.968958;0.94235;0.932153;0.935698;0.969231;0.953437;0.973392;0.951693;20;0.2;0.8;7
data/mirjam_90.dat;0.878855;0.901099;0.824176;0.881306;0.864035;0.977778;0.964758;0.932886;0.903112;20;0.2;0.8;7
data/marije_90.dat;0.922566;0.955947;0.911504;0.946429;0.917595;0.923767;0.887417;0.944812;0.926255;20;0.2;0.8;7
data/dan_90.dat;0.967033;0.894506;0.897778;0.902655;0.984479;0.971429;0.90287;0.971175;0.93649;20;0.2;0.9;7
data/jan_90.dat;0.916115;0.95585;0.940397;0.870588;0.911308;0.956044;0.93819;0.935982;0.928059;20;0.2;0.9;7
data/lien_90.dat;0.947253;0.946785;0.982262;0.935484;0.874172;0.94235;0.949227;0.931264;0.9386;20;0.2;0.9;7
data/maki_90.dat;0.957778;0.944568;0.966667;0.825444;0.75;0.873894;0.855876;0.875556;0.881223;20;0.2;0.9;7
data/marco_90.dat;0.962472;0.718404;0.944812;0.923304;0.953947;0.966814;0.971366;0.97351;0.926829;20;0.2;0.9;7
data/nico_90.dat;0.955947;0.845133;0.920177;0.964809;0.484582;0.931868;0.844789;0.958242;0.863193;20;0.2;0.9;7
data/suzanne_90.dat;0.938326;0.968958;0.94235;0.943953;0.935698;0.969231;0.953437;0.973392;0.953168;20;0.2;0.9;7
data/mirjam_90.dat;0.878855;0.903297;0.821978;0.878338;0.861842;0.98;0.964758;0.928412;0.902185;20;0.2;0.9;7
data/marije_90.dat;0.922566;0.955947;0.913717;0.946429;0.915367;0.921525;0.880795;0.942605;0.924869;20;0.2;0.9;7
data/dan_90.dat;0.967033;0.894506;0.895556;0.902655;0.984479;0.971429;0.90287;0.968958;0.935935;20;0.2;1;7
data/jan_90.dat;0.918322;0.95585;0.940397;0.870588;0.911308;0.956044;0.942605;0.935982;0.928887;20;0.2;1;7
data/lien_90.dat;0.947253;0.946785;0.982262;0.938416;0.87638;0.94235;0.949227;0.929047;0.938965;20;0.2;1;7
data/maki_90.dat;0.955556;0.946785;0.966667;0.822485;0.754425;0.871681;0.851441;0.88;0.88113;20;0.2;1;7
data/marco_90.dat;0.962472;0.718404;0.94702;0.923304;0.95614;0.966814;0.971366;0.971302;0.927103;20;0.2;1;7
data/nico_90.dat;0.955947;0.845133;0.924612;0.964809;0.477974;0.931868;0.842572;0.96044;0.862919;20;0.2;1;7
data/suzanne_90.dat;0.938326;0.966741;0.946785;0.955752;0.940133;0.971429;0.955654;0.973392;0.956026;20;0.2;1;7
data/mirjam_90.dat;0.88326;0.903297;0.824176;0.866469;0.850877;0.98;0.962555;0.923937;0.899321;20;0.2;1;7
data/marije_90.dat;0.922566;0.953744;0.911504;0.949405;0.910913;0.923767;0.878587;0.942605;0.924137;20;0.2;1;7
