data/dan_0.dat;0.606771;0.50194;0.701686;0.575916;0.716321;0.739691;0.735484;0.612272;0.64876;20;0.2;0.1;2
data/jan_0.dat;0.567742;0.510911;0.601299;0.656947;0.496124;0.580645;0.636129;0.572903;0.577838;20;0.2;0.1;2
data/lien_0.dat;0.645619;0.549677;0.84;0.671848;0.491591;0.580311;0.719638;0.817829;0.664564;20;0.2;0.1;2
data/maki_0.dat;0.695201;0.684755;0.710968;0.652921;0.700258;0.774194;0.620466;0.781088;0.702481;20;0.2;0.1;2
data/marco_0.dat;0.685714;0.683727;0.770026;0.592982;0.583113;0.695201;0.818667;0.635884;0.683164;20;0.2;0.1;2
data/nico_0.dat;0.651671;0.626459;0.709677;0.492228;0.590674;0.559014;0.669251;0.726923;0.628237;20;0.2;0.1;2
data/suzanne_0.dat;0.621447;0.579501;0.46817;0.639175;0.575875;0.819135;0.549738;0.704134;0.619647;20;0.2;0.1;2
data/mirjam_0.dat;0.63857;0.661039;0.533074;0.721649;0.522698;0.78866;0.699482;0.80799;0.671645;20;0.2;0.1;2
data/marije_0.dat;0.770252;0.575163;0.68556;0.709156;0.647757;0.785244;0.878869;0.715436;0.72093;20;0.2;0.1;2
data/dan_0.dat;0.752604;0.576973;0.736706;0.603839;0.744819;0.854381;0.805161;0.766319;0.7301;20;0.2;0.2;2
data/jan_0.dat;0.736774;0.63543;0.687013;0.730703;0.594315;0.769032;0.762581;0.747097;0.707868;20;0.2;0.2;2
data/lien_0.dat;0.680412;0.723871;0.936774;0.7962;0.602846;0.751295;0.825581;0.848837;0.770727;20;0.2;0.2;2
data/maki_0.dat;0.810636;0.742894;0.784516;0.735395;0.780362;0.83871;0.759067;0.848446;0.787503;20;0.2;0.2;2
data/marco_0.dat;0.748052;0.872703;0.80491;0.729825;0.649077;0.798962;0.837333;0.787599;0.778558;20;0.2;0.2;2
data/nico_0.dat;0.708226;0.73022;0.779355;0.621762;0.658031;0.738003;0.79845;0.848718;0.735346;20;0.2;0.2;2
data/suzanne_0.dat;0.677003;0.709593;0.582228;0.721649;0.645914;0.826999;0.708115;0.817829;0.711166;20;0.2;0.2;2
data/mirjam_0.dat;0.678161;0.744156;0.614786;0.726804;0.684825;0.795103;0.717617;0.81701;0.722308;20;0.2;0.2;2
data/marije_0.dat;0.827357;0.722876;0.719298;0.723519;0.734828;0.828722;0.854643;0.837584;0.781103;20;0.2;0.2;2
data/dan_0.dat;0.790365;0.65718;0.769131;0.603839;0.78886;0.868557;0.815484;0.810705;0.763015;20;0.2;0.3;2
data/jan_0.dat;0.781936;0.702182;0.725974;0.768439;0.630491;0.824516;0.816774;0.806452;0.757096;20;0.2;0.3;2
data/lien_0.dat;0.71134;0.779355;0.939355;0.870466;0.664942;0.778497;0.841085;0.866925;0.806496;20;0.2;0.3;2
data/maki_0.dat;0.819715;0.775194;0.792258;0.750859;0.78553;0.855484;0.796632;0.848446;0.803015;20;0.2;0.3;2
data/marco_0.dat;0.771429;0.902887;0.815245;0.77193;0.695251;0.811933;0.836;0.832454;0.804641;20;0.2;0.3;2
data/nico_0.dat;0.722365;0.763943;0.8;0.692573;0.678756;0.756161;0.829457;0.870513;0.764221;20;0.2;0.3;2
data/suzanne_0.dat;0.711886;0.764783;0.693634;0.749141;0.688716;0.858453;0.79712;0.852713;0.764556;20;0.2;0.3;2
data/mirjam_0.dat;0.711367;0.781818;0.648508;0.726804;0.723735;0.761598;0.71114;0.818299;0.735409;20;0.2;0.3;2
data/marije_0.dat;0.837981;0.763399;0.738192;0.710952;0.738786;0.836627;0.846568;0.853691;0.790774;20;0.2;0.3;2
data/dan_0.dat;0.813802;0.689521;0.783398;0.602094;0.791451;0.881443;0.84;0.853786;0.781937;20;0.2;0.4;2
data/jan_0.dat;0.815484;0.720154;0.748052;0.794168;0.643411;0.842581;0.83871;0.828387;0.778868;20;0.2;0.4;2
data/lien_0.dat;0.717784;0.797419;0.940645;0.896373;0.692109;0.787565;0.843669;0.857881;0.816681;20;0.2;0.4;2
data/maki_0.dat;0.830091;0.794574;0.796129;0.792096;0.79845;0.865806;0.809586;0.84715;0.816735;20;0.2;0.4;2
data/marco_0.dat;0.787013;0.925197;0.821705;0.777193;0.717678;0.814527;0.837333;0.845646;0.815787;20;0.2;0.4;2
data/nico_0.dat;0.728792;0.775616;0.810323;0.73057;0.700777;0.783398;0.837209;0.869231;0.779489;20;0.2;0.4;2
data/suzanne_0.dat;0.735142;0.801577;0.751989;0.766323;0.714656;0.880734;0.831152;0.869509;0.793885;20;0.2;0.4;2
data/mirjam_0.dat;0.712644;0.787013;0.667964;0.733677;0.747082;0.744845;0.695596;0.824742;0.739195;20;0.2;0.4;2
data/marije_0.dat;0.840637;0.781699;0.748988;0.698384;0.757256;0.836627;0.830417;0.845638;0.792456;20;0.2;0.4;2
data/dan_0.dat;0.821615;0.711514;0.787289;0.600349;0.796632;0.889175;0.837419;0.873368;0.78967;20;0.2;0.5;2
data/jan_0.dat;0.825806;0.734275;0.764935;0.802744;0.673127;0.859355;0.854194;0.843871;0.794788;20;0.2;0.5;2
data/lien_0.dat;0.719072;0.803871;0.938065;0.927461;0.707633;0.797927;0.848837;0.863049;0.825739;20;0.2;0.5;2
data/maki_0.dat;0.832685;0.802326;0.805161;0.80756;0.810078;0.868387;0.819948;0.849741;0.824486;20;0.2;0.5;2
data/marco_0.dat;0.790909;0.923885;0.828165;0.770175;0.736148;0.819715;0.837333;0.85752;0.820481;20;0.2;0.5;2
data/nico_0.dat;0.732648;0.77821;0.819355;0.751295;0.724093;0.789883;0.844961;0.869231;0.78871;20;0.2;0.5;2
data/suzanne_0.dat;0.74031;0.830486;0.769231;0.783505;0.73022;0.899083;0.836387;0.877261;0.808311;20;0.2;0.5;2
data/mirjam_0.dat;0.716475;0.787013;0.686122;0.728522;0.762646;0.739691;0.677461;0.826031;0.740495;20;0.2;0.5;2
data/marije_0.dat;0.823373;0.8;0.747638;0.698384;0.766491;0.84058;0.829071;0.84698;0.794065;20;0.2;0.5;2
data/dan_0.dat;0.833333;0.719276;0.79118;0.593368;0.803109;0.896907;0.84129;0.882507;0.795121;20;0.2;0.6;2
data/jan_0.dat;0.828387;0.743261;0.767532;0.80446;0.71447;0.867097;0.870968;0.852903;0.806135;20;0.2;0.6;2
data/lien_0.dat;0.716495;0.810323;0.938065;0.929188;0.719276;0.801813;0.851421;0.860465;0.828381;20;0.2;0.6;2
data/maki_0.dat;0.835279;0.806202;0.814194;0.824742;0.816537;0.872258;0.823834;0.84456;0.829701;20;0.2;0.6;2
data/marco_0.dat;0.797403;0.918635;0.830749;0.777193;0.745383;0.821012;0.837333;0.865435;0.824143;20;0.2;0.6;2
data/nico_0.dat;0.746787;0.779507;0.825806;0.759931;0.731865;0.801556;0.847545;0.870513;0.795439;20;0.2;0.6;2
data/suzanne_0.dat;0.751938;0.833114;0.777188;0.795533;0.73022;0.913499;0.846859;0.883721;0.816509;20;0.2;0.6;2
data/mirjam_0.dat;0.713921;0.78961;0.692607;0.701031;0.779507;0.724227;0.67228;0.813144;0.735791;20;0.2;0.6;2
data/marije_0.dat;0.824701;0.813072;0.753036;0.701975;0.773087;0.836627;0.825034;0.842953;0.796311;20;0.2;0.6;2
data/dan_0.dat;0.841146;0.729625;0.79118;0.593368;0.800518;0.898196;0.84129;0.891645;0.798371;20;0.2;0.7;2
data/jan_0.dat;0.827097;0.761232;0.766234;0.811321;0.731266;0.867097;0.882581;0.861935;0.813595;20;0.2;0.7;2
data/lien_0.dat;0.719072;0.815484;0.938065;0.925734;0.719276;0.806995;0.854005;0.851421;0.828756;20;0.2;0.7;2
data/maki_0.dat;0.83917;0.813953;0.814194;0.833333;0.815245;0.870968;0.82772;0.845855;0.832555;20;0.2;0.7;2
data/marco_0.dat;0.797403;0.922572;0.832041;0.775439;0.748021;0.822309;0.838667;0.865435;0.825236;20;0.2;0.7;2
data/nico_0.dat;0.749357;0.780804;0.833548;0.756477;0.738342;0.80415;0.851421;0.871795;0.798237;20;0.2;0.7;2
data/suzanne_0.dat;0.75969;0.839685;0.786472;0.809278;0.722438;0.920052;0.852094;0.887597;0.822163;20;0.2;0.7;2
data/mirjam_0.dat;0.713921;0.78961;0.690013;0.682131;0.784695;0.716495;0.664508;0.810567;0.731492;20;0.2;0.7;2
data/marije_0.dat;0.823373;0.814379;0.753036;0.709156;0.779683;0.833992;0.820996;0.834899;0.796189;20;0.2;0.7;2
data/dan_0.dat;0.845052;0.733506;0.793774;0.598604;0.800518;0.902062;0.83871;0.895561;0.800973;20;0.2;0.8;2
data/jan_0.dat;0.829677;0.767651;0.775325;0.814751;0.741602;0.870968;0.891613;0.867097;0.819835;20;0.2;0.8;2
data/lien_0.dat;0.722938;0.819355;0.939355;0.927461;0.723157;0.810881;0.854005;0.850129;0.83091;20;0.2;0.8;2
data/maki_0.dat;0.841764;0.815245;0.812903;0.840206;0.819121;0.872258;0.829016;0.845855;0.834546;20;0.2;0.8;2
data/marco_0.dat;0.801299;0.92126;0.834625;0.785965;0.762533;0.8262;0.841333;0.869393;0.830326;20;0.2;0.8;2
data/nico_0.dat;0.750643;0.780804;0.83871;0.763385;0.742228;0.810636;0.855297;0.873077;0.801847;20;0.2;0.8;2
data/suzanne_0.dat;0.773902;0.843627;0.789125;0.828179;0.723735;0.921363;0.863874;0.894057;0.829733;20;0.2;0.8;2
data/mirjam_0.dat;0.715198;0.788312;0.699092;0.676976;0.795071;0.71134;0.664508;0.804124;0.731828;20;0.2;0.8;2
data/marije_0.dat;0.822045;0.819608;0.748988;0.709156;0.790237;0.832675;0.816958;0.830872;0.796318;20;0.2;0.8;2
data/dan_0.dat;0.85026;0.741268;0.793774;0.595113;0.799223;0.905928;0.836129;0.899478;0.802647;20;0.2;0.9;2
data/jan_0.dat;0.830968;0.771502;0.775325;0.821612;0.751938;0.869677;0.898064;0.869677;0.823596;20;0.2;0.9;2
data/lien_0.dat;0.722938;0.819355;0.936774;0.92228;0.72445;0.819948;0.854005;0.847545;0.830912;20;0.2;0.9;2
data/maki_0.dat;0.840467;0.820413;0.814194;0.841924;0.820413;0.873548;0.832902;0.845855;0.836215;20;0.2;0.9;2
data/marco_0.dat;0.802597;0.925197;0.835917;0.791228;0.76781;0.828794;0.838667;0.870712;0.832615;20;0.2;0.9;2
data/nico_0.dat;0.754499;0.782101;0.84;0.770294;0.75;0.811933;0.857881;0.871795;0.804813;20;0.2;0.9;2
data/suzanne_0.dat;0.776486;0.844941;0.798409;0.841924;0.723735;0.925295;0.863874;0.901809;0.834559;20;0.2;0.9;2
data/mirjam_0.dat;0.715198;0.774026;0.697795;0.675258;0.800259;0.704897;0.659326;0.802835;0.728699;20;0.2;0.9;2
data/marije_0.dat;0.822045;0.822222;0.753036;0.710952;0.783641;0.833992;0.815612;0.82953;0.796379;20;0.2;0.9;2
data/dan_0.dat;0.851562;0.743855;0.798962;0.596859;0.796632;0.903351;0.834839;0.900783;0.803355;20;0.2;1;2
data/jan_0.dat;0.830968;0.770218;0.775325;0.831904;0.757106;0.870968;0.901935;0.873548;0.826497;20;0.2;1;2
data/lien_0.dat;0.724227;0.821935;0.930323;0.920553;0.725744;0.821244;0.855297;0.842377;0.830212;20;0.2;1;2
data/maki_0.dat;0.83917;0.820413;0.818065;0.852234;0.825581;0.874839;0.834197;0.84715;0.838956;20;0.2;1;2
data/marco_0.dat;0.805195;0.922572;0.837209;0.789474;0.769129;0.828794;0.837333;0.872032;0.832717;20;0.2;1;2
data/nico_0.dat;0.755784;0.783398;0.842581;0.778929;0.752591;0.81323;0.863049;0.873077;0.80783;20;0.2;1;2
data/suzanne_0.dat;0.776486;0.847569;0.803714;0.857388;0.725032;0.922674;0.862565;0.903101;0.837316;20;0.2;1;2
data/mirjam_0.dat;0.716475;0.77013;0.695201;0.668385;0.802853;0.693299;0.65544;0.801546;0.725416;20;0.2;1;2
data/marije_0.dat;0.820717;0.824837;0.754386;0.710952;0.781003;0.832675;0.816958;0.832215;0.796718;20;0.2;1;2
data/dan_0.dat;0.733055;0.65667;0.787344;0.569832;0.84265;0.862887;0.827657;0.715481;0.749447;20;0.2;0.1;3
data/jan_0.dat;0.734778;0.681398;0.774662;0.769231;0.700413;0.667699;0.769628;0.726522;0.728041;20;0.2;0.1;3
data/lien_0.dat;0.755418;0.738906;0.886481;0.777624;0.667011;0.719462;0.779959;0.861427;0.773286;20;0.2;0.1;3
data/maki_0.dat;0.798755;0.793388;0.798762;0.768913;0.807851;0.846233;0.741969;0.868394;0.803033;20;0.2;0.1;3
data/marco_0.dat;0.797508;0.784664;0.865702;0.688202;0.729958;0.78112;0.858209;0.779768;0.785641;20;0.2;0.1;3
data/nico_0.dat;0.76259;0.739896;0.788442;0.643646;0.731606;0.732642;0.771694;0.814359;0.74811;20;0.2;0.1;3
data/suzanne_0.dat;0.745868;0.716387;0.644068;0.758242;0.737552;0.865063;0.709205;0.798762;0.746893;20;0.2;0.1;3
data/mirjam_0.dat;0.72523;0.742471;0.687435;0.757909;0.636929;0.874227;0.75544;0.861856;0.755187;20;0.2;0.1;3
data/marije_0.dat;0.853503;0.718619;0.788565;0.765805;0.765016;0.843158;0.888889;0.817401;0.805119;20;0.2;0.1;3
data/dan_0.dat;0.821689;0.720786;0.81639;0.572626;0.84265;0.910309;0.856553;0.862971;0.800497;20;0.2;0.2;3
data/jan_0.dat;0.854489;0.756423;0.790239;0.820055;0.744835;0.833849;0.825413;0.820433;0.805717;20;0.2;0.2;3
data/lien_0.dat;0.776058;0.833849;0.94324;0.878453;0.720786;0.813665;0.869835;0.879007;0.839362;20;0.2;0.2;3
data/maki_0.dat;0.855809;0.833678;0.835913;0.81293;0.855372;0.899897;0.817617;0.901554;0.851596;20;0.2;0.2;3
data/marco_0.dat;0.838006;0.905462;0.872934;0.808989;0.744726;0.854772;0.884861;0.851423;0.845147;20;0.2;0.2;3
data/nico_0.dat;0.807811;0.836269;0.823529;0.675414;0.748187;0.834197;0.858471;0.904615;0.811062;20;0.2;0.2;3
data/suzanne_0.dat;0.797521;0.79937;0.71928;0.821429;0.801867;0.904812;0.805439;0.893705;0.817928;20;0.2;0.2;3
data/mirjam_0.dat;0.748723;0.807892;0.706127;0.740027;0.707469;0.862887;0.743005;0.885567;0.775212;20;0.2;0.2;3
data/marije_0.dat;0.900212;0.808577;0.80151;0.795977;0.801897;0.878947;0.878101;0.881848;0.843384;20;0.2;0.2;3
data/dan_0.dat;0.850886;0.763185;0.827801;0.532123;0.861284;0.919588;0.872033;0.888075;0.814372;20;0.2;0.3;3
data/jan_0.dat;0.876161;0.788284;0.819315;0.832418;0.759298;0.872033;0.859504;0.860681;0.833462;20;0.2;0.3;3
data/lien_0.dat;0.803922;0.859649;0.954592;0.901934;0.747673;0.837474;0.877066;0.898656;0.860121;20;0.2;0.3;3
data/maki_0.dat;0.869295;0.86157;0.835913;0.841816;0.852273;0.911249;0.843523;0.888083;0.862965;20;0.2;0.3;3
data/marco_0.dat;0.851506;0.939076;0.878099;0.811798;0.770042;0.86722;0.882729;0.885142;0.860702;20;0.2;0.3;3
data/nico_0.dat;0.815005;0.850777;0.847265;0.75;0.767876;0.846632;0.871901;0.912821;0.832785;20;0.2;0.3;3
data/suzanne_0.dat;0.820248;0.839286;0.789195;0.842033;0.837137;0.919456;0.834728;0.915377;0.849682;20;0.2;0.3;3
data/mirjam_0.dat;0.73953;0.818276;0.74974;0.74553;0.75;0.835052;0.710881;0.885567;0.779322;20;0.2;0.3;3
data/marije_0.dat;0.906582;0.85251;0.812298;0.777299;0.821918;0.882105;0.860841;0.894737;0.851036;20;0.2;0.3;3
data/dan_0.dat;0.865485;0.794209;0.830913;0.530726;0.86646;0.925773;0.887513;0.90272;0.825475;20;0.2;0.4;3
data/jan_0.dat;0.882353;0.810894;0.833853;0.851648;0.77376;0.886481;0.887397;0.891641;0.852253;20;0.2;0.4;3
data/lien_0.dat;0.823529;0.868937;0.949432;0.917127;0.762151;0.848861;0.881198;0.905895;0.869641;20;0.2;0.4;3
data/maki_0.dat;0.876556;0.869835;0.842105;0.861073;0.84814;0.917441;0.85285;0.883938;0.868992;20;0.2;0.4;3
data/marco_0.dat;0.84839;0.948529;0.882231;0.832865;0.783755;0.865145;0.883795;0.899895;0.868076;20;0.2;0.4;3
data/nico_0.dat;0.824255;0.860104;0.858617;0.783149;0.780311;0.851813;0.879132;0.911795;0.843647;20;0.2;0.4;3
data/suzanne_0.dat;0.827479;0.865546;0.830508;0.853022;0.846473;0.924686;0.867155;0.926729;0.8677;20;0.2;0.4;3
data/mirjam_0.dat;0.738509;0.823468;0.759086;0.757909;0.768672;0.826804;0.691192;0.882474;0.781014;20;0.2;0.4;3
data/marije_0.dat;0.900212;0.875523;0.815534;0.760057;0.82824;0.887368;0.859763;0.879699;0.8508;20;0.2;0.4;3
data/dan_0.dat;0.87487;0.81696;0.837137;0.532123;0.872671;0.930928;0.888545;0.912134;0.833171;20;0.2;0.5;3
data/jan_0.dat;0.881321;0.819116;0.838006;0.862637;0.77686;0.892673;0.89876;0.902993;0.859046;20;0.2;0.5;3
data/lien_0.dat;0.822497;0.877193;0.952528;0.926796;0.778697;0.861284;0.882231;0.903826;0.875632;20;0.2;0.5;3
data/maki_0.dat;0.875519;0.876033;0.846233;0.881706;0.84814;0.913313;0.858031;0.887047;0.873253;20;0.2;0.5;3
data/marco_0.dat;0.853583;0.954832;0.885331;0.835674;0.799578;0.866183;0.885927;0.905163;0.873284;20;0.2;0.5;3
data/nico_0.dat;0.827338;0.862176;0.866873;0.790055;0.787565;0.855959;0.886364;0.914872;0.8489;20;0.2;0.5;3
data/suzanne_0.dat;0.833678;0.883403;0.84428;0.865385;0.846473;0.929916;0.892259;0.934985;0.878797;20;0.2;0.5;3
data/mirjam_0.dat;0.736466;0.813084;0.755971;0.742779;0.773859;0.820619;0.674611;0.880412;0.774725;20;0.2;0.5;3
data/marije_0.dat;0.892781;0.884937;0.814455;0.747126;0.830348;0.890526;0.865156;0.868958;0.849286;20;0.2;0.5;3
data/dan_0.dat;0.877998;0.826267;0.835062;0.52933;0.871636;0.931959;0.889577;0.917364;0.834899;20;0.2;0.6;3
data/jan_0.dat;0.881321;0.823227;0.840083;0.869505;0.790289;0.896801;0.905992;0.908153;0.864421;20;0.2;0.6;3
data/lien_0.dat;0.822497;0.878225;0.951496;0.929558;0.783868;0.867495;0.883264;0.898656;0.876882;20;0.2;0.6;3
data/maki_0.dat;0.878631;0.877066;0.845201;0.888583;0.847107;0.914345;0.859067;0.880829;0.873854;20;0.2;0.6;3
data/marco_0.dat;0.857736;0.957983;0.890496;0.837079;0.804852;0.868257;0.884861;0.911486;0.876594;20;0.2;0.6;3
data/nico_0.dat;0.828366;0.863212;0.871001;0.796961;0.793782;0.859067;0.889463;0.915897;0.852219;20;0.2;0.6;3
data/suzanne_0.dat;0.832645;0.888655;0.855932;0.873626;0.838174;0.9341;0.893305;0.93808;0.881815;20;0.2;0.6;3
data/mirjam_0.dat;0.731359;0.816199;0.741433;0.719395;0.776971;0.805155;0.66114;0.870103;0.765219;20;0.2;0.6;3
data/marije_0.dat;0.889597;0.883891;0.81014;0.74569;0.833509;0.891579;0.860841;0.862513;0.84722;20;0.2;0.6;3
data/dan_0.dat;0.883212;0.833506;0.840249;0.519553;0.872671;0.931959;0.890609;0.920502;0.836533;20;0.2;0.7;3
data/jan_0.dat;0.882353;0.831449;0.839045;0.876374;0.802686;0.895769;0.911157;0.910217;0.868631;20;0.2;0.7;3
data/lien_0.dat;0.826625;0.881321;0.95356;0.93232;0.779731;0.875776;0.884298;0.896587;0.878777;20;0.2;0.7;3
data/maki_0.dat;0.876556;0.880165;0.849329;0.891334;0.847107;0.918473;0.856995;0.880829;0.875099;20;0.2;0.7;3
data/marco_0.dat;0.858775;0.959034;0.890496;0.844101;0.814346;0.868257;0.886994;0.91254;0.879318;20;0.2;0.7;3
data/nico_0.dat;0.83556;0.866321;0.874097;0.798343;0.796891;0.86114;0.892562;0.915897;0.855101;20;0.2;0.7;3
data/suzanne_0.dat;0.838843;0.890756;0.861229;0.881868;0.839212;0.9341;0.899582;0.93808;0.885459;20;0.2;0.7;3
data/mirjam_0.dat;0.728294;0.820353;0.731049;0.704264;0.786307;0.795876;0.646632;0.864948;0.759715;20;0.2;0.7;3
data/marije_0.dat;0.888535;0.887029;0.80151;0.741379;0.839831;0.890526;0.857605;0.854995;0.845176;20;0.2;0.7;3
data/dan_0.dat;0.888425;0.83454;0.838174;0.52095;0.877847;0.935052;0.885449;0.92364;0.83801;20;0.2;0.8;3
data/jan_0.dat;0.881321;0.833505;0.84216;0.884615;0.805785;0.896801;0.913223;0.911249;0.871082;20;0.2;0.8;3
data/lien_0.dat;0.828689;0.884417;0.952528;0.937845;0.785936;0.884058;0.886364;0.892451;0.881536;20;0.2;0.8;3
data/maki_0.dat;0.878631;0.883264;0.852425;0.895461;0.849174;0.916409;0.855959;0.880829;0.876519;20;0.2;0.8;3
data/marco_0.dat;0.857736;0.963235;0.891529;0.845506;0.827004;0.868257;0.886994;0.914647;0.881863;20;0.2;0.8;3
data/nico_0.dat;0.83556;0.868394;0.882353;0.799724;0.8;0.863212;0.897727;0.917949;0.858115;20;0.2;0.8;3
data/suzanne_0.dat;0.838843;0.892857;0.864407;0.89011;0.837137;0.936192;0.900628;0.939112;0.887411;20;0.2;0.8;3
data/mirjam_0.dat;0.730337;0.815161;0.727934;0.702889;0.789419;0.78866;0.645596;0.862887;0.75786;20;0.2;0.8;3
data/marije_0.dat;0.887473;0.889121;0.799353;0.729885;0.838778;0.893684;0.856526;0.852846;0.843458;20;0.2;0.8;3
data/dan_0.dat;0.891554;0.836608;0.840249;0.522346;0.876812;0.936082;0.884417;0.92887;0.839617;20;0.2;0.9;3
data/jan_0.dat;0.883385;0.837616;0.841121;0.891484;0.81095;0.898865;0.915289;0.916409;0.87439;20;0.2;0.9;3
data/lien_0.dat;0.830753;0.885449;0.954592;0.939227;0.78697;0.886128;0.886364;0.889349;0.882354;20;0.2;0.9;3
data/maki_0.dat;0.879668;0.882231;0.855521;0.895461;0.852273;0.917441;0.862176;0.880829;0.8782;20;0.2;0.9;3
data/marco_0.dat;0.858775;0.961134;0.895661;0.84691;0.831224;0.870332;0.88806;0.915701;0.883475;20;0.2;0.9;3
data/nico_0.dat;0.83556;0.86943;0.882353;0.803867;0.798964;0.863212;0.90186;0.917949;0.859149;20;0.2;0.9;3
data/suzanne_0.dat;0.839876;0.896008;0.866525;0.895604;0.838174;0.938285;0.906904;0.940144;0.89019;20;0.2;0.9;3
data/mirjam_0.dat;0.731359;0.800623;0.718588;0.700138;0.80083;0.77732;0.635233;0.861856;0.753243;20;0.2;0.9;3
data/marije_0.dat;0.88535;0.889121;0.797195;0.724138;0.826133;0.892632;0.855448;0.850698;0.840089;20;0.2;0.9;3
data/dan_0.dat;0.895725;0.837642;0.842324;0.523743;0.872671;0.937113;0.884417;0.930962;0.840575;20;0.2;1;3
data/jan_0.dat;0.882353;0.836588;0.841121;0.894231;0.816116;0.899897;0.918388;0.921569;0.876283;20;0.2;1;3
data/lien_0.dat;0.830753;0.885449;0.949432;0.939227;0.785936;0.891304;0.889463;0.889349;0.882614;20;0.2;1;3
data/maki_0.dat;0.879668;0.883264;0.855521;0.903714;0.852273;0.919505;0.862176;0.880829;0.879619;20;0.2;1;3
data/marco_0.dat;0.857736;0.964286;0.896694;0.851124;0.832278;0.870332;0.88806;0.917808;0.88479;20;0.2;1;3
data/nico_0.dat;0.837616;0.871503;0.884417;0.803867;0.802073;0.864249;0.903926;0.918974;0.860828;20;0.2;1;3
data/suzanne_0.dat;0.839876;0.90021;0.872881;0.90522;0.832988;0.940377;0.908996;0.942208;0.892844;20;0.2;1;3
data/mirjam_0.dat;0.729316;0.795431;0.715472;0.701513;0.801867;0.763918;0.623834;0.860825;0.749022;20;0.2;1;3
data/marije_0.dat;0.88535;0.890167;0.795038;0.727012;0.816649;0.893684;0.855448;0.849624;0.839122;20;0.2;1;3
data/dan_0.dat;0.791789;0.739088;0.836893;0.661861;0.870999;0.882126;0.849952;0.804711;0.804677;20;0.2;0.1;4
data/jan_0.dat;0.813346;0.736031;0.851022;0.814433;0.774443;0.774661;0.815102;0.766925;0.793245;20;0.2;0.1;4
data/lien_0.dat;0.81528;0.820116;0.890716;0.827943;0.751697;0.772816;0.837209;0.903007;0.827348;20;0.2;0.1;4
data/maki_0.dat;0.836576;0.828488;0.857834;0.847938;0.867248;0.894584;0.8;0.897087;0.85372;20;0.2;0.1;4
data/marco_0.dat;0.832522;0.809852;0.893411;0.764163;0.826259;0.827988;0.886;0.83004;0.833779;20;0.2;0.1;4
data/nico_0.dat;0.826422;0.825073;0.851888;0.731865;0.791059;0.793975;0.829457;0.865385;0.814391;20;0.2;0.1;4
data/suzanne_0.dat;0.813166;0.793307;0.739821;0.810567;0.804475;0.904902;0.793137;0.848015;0.813424;20;0.2;0.1;4
data/mirjam_0.dat;0.763636;0.790652;0.751704;0.829897;0.724976;0.894584;0.80758;0.898551;0.807697;20;0.2;0.1;4
data/marije_0.dat;0.892537;0.778648;0.811741;0.839406;0.796644;0.879684;0.938259;0.850806;0.848466;20;0.2;0.1;4
data/dan_0.dat;0.860215;0.776916;0.840777;0.587156;0.892338;0.933333;0.877057;0.871443;0.829904;20;0.2;0.2;4
data/jan_0.dat;0.896518;0.824663;0.856865;0.864691;0.819942;0.882012;0.862536;0.867505;0.859341;20;0.2;0.2;4
data/lien_0.dat;0.826886;0.881045;0.946809;0.87969;0.789525;0.856311;0.897287;0.923375;0.875116;20;0.2;0.2;4
data/maki_0.dat;0.893969;0.882752;0.863636;0.884021;0.892442;0.928433;0.851456;0.927184;0.890487;20;0.2;0.2;4
data/marco_0.dat;0.877313;0.927094;0.905039;0.857708;0.8154;0.877551;0.918;0.892292;0.883799;20;0.2;0.2;4
data/nico_0.dat;0.859209;0.879495;0.876089;0.761658;0.817298;0.862002;0.887597;0.927885;0.858904;20;0.2;0.2;4
data/suzanne_0.dat;0.853824;0.855315;0.79146;0.872423;0.846304;0.927451;0.854902;0.914811;0.864561;20;0.2;0.2;4
data/mirjam_0.dat;0.766507;0.816943;0.788705;0.847938;0.758989;0.88588;0.7862;0.909179;0.820043;20;0.2;0.2;4
data/marije_0.dat;0.929353;0.86288;0.831984;0.812416;0.835143;0.907298;0.923077;0.904234;0.875798;20;0.2;0.2;4
data/dan_0.dat;0.887586;0.819593;0.843689;0.583224;0.909796;0.942029;0.89545;0.897939;0.847413;20;0.2;0.3;4
data/jan_0.dat;0.910058;0.850674;0.855891;0.886598;0.836399;0.910058;0.888674;0.89942;0.879721;20;0.2;0.3;4
data/lien_0.dat;0.847195;0.896518;0.955513;0.914618;0.802134;0.874757;0.90407;0.940834;0.891955;20;0.2;0.3;4
data/maki_0.dat;0.899805;0.895349;0.866538;0.893041;0.889535;0.933269;0.854369;0.912621;0.893066;20;0.2;0.3;4
data/marco_0.dat;0.894839;0.946798;0.907946;0.860343;0.837117;0.884354;0.907;0.908103;0.893312;20;0.2;0.3;4
data/nico_0.dat;0.867888;0.896016;0.886738;0.78886;0.825073;0.872692;0.906008;0.933654;0.872116;20;0.2;0.3;4
data/suzanne_0.dat;0.869313;0.893701;0.847071;0.880155;0.870623;0.933333;0.883333;0.939981;0.889689;20;0.2;0.3;4
data/mirjam_0.dat;0.744498;0.835443;0.817916;0.831186;0.772595;0.877176;0.734694;0.907246;0.815094;20;0.2;0.3;4
data/marije_0.dat;0.929353;0.892262;0.841093;0.802969;0.849951;0.90927;0.899798;0.914315;0.879876;20;0.2;0.3;4
data/dan_0.dat;0.897361;0.840931;0.848544;0.562254;0.906887;0.94686;0.907067;0.914622;0.853066;20;0.2;0.4;4
data/jan_0.dat;0.911025;0.867052;0.862707;0.895619;0.841239;0.923598;0.908035;0.915861;0.890642;20;0.2;0.4;4
data/lien_0.dat;0.852031;0.902321;0.957447;0.934023;0.808923;0.890291;0.908915;0.942774;0.899591;20;0.2;0.4;4
data/maki_0.dat;0.902724;0.901163;0.868472;0.904639;0.893411;0.934236;0.859223;0.899029;0.895362;20;0.2;0.4;4
data/marco_0.dat;0.89776;0.951724;0.915698;0.859025;0.845015;0.888241;0.904;0.916996;0.897307;20;0.2;0.4;4
data/nico_0.dat;0.873674;0.899903;0.896418;0.799223;0.841594;0.874636;0.910853;0.9375;0.879225;20;0.2;0.4;4
data/suzanne_0.dat;0.874153;0.903543;0.876862;0.887887;0.879377;0.937255;0.9;0.939013;0.899761;20;0.2;0.4;4
data/mirjam_0.dat;0.735885;0.847128;0.829601;0.835052;0.770651;0.869439;0.708455;0.907246;0.812932;20;0.2;0.4;4
data/marije_0.dat;0.928358;0.912831;0.846154;0.792173;0.861797;0.912229;0.896761;0.895161;0.880683;20;0.2;0.4;4
data/dan_0.dat;0.902248;0.849661;0.850485;0.554391;0.910766;0.950725;0.911907;0.925417;0.85695;20;0.2;0.5;4
data/jan_0.dat;0.912959;0.874759;0.867575;0.905928;0.845111;0.928433;0.912875;0.922631;0.896284;20;0.2;0.5;4
data/lien_0.dat;0.852998;0.90619;0.95648;0.943079;0.818623;0.9;0.908915;0.939864;0.903268;20;0.2;0.5;4
data/maki_0.dat;0.904669;0.90407;0.870406;0.907216;0.890504;0.933269;0.862136;0.896116;0.896048;20;0.2;0.5;4
data/marco_0.dat;0.893866;0.95665;0.918605;0.865613;0.855874;0.892128;0.902;0.925889;0.901328;20;0.2;0.5;4
data/nico_0.dat;0.876567;0.902818;0.902227;0.812176;0.842566;0.876579;0.916667;0.940385;0.883748;20;0.2;0.5;4
data/suzanne_0.dat;0.878993;0.90748;0.892751;0.89433;0.888132;0.939216;0.910784;0.940949;0.906579;20;0.2;0.5;4
data/mirjam_0.dat;0.732057;0.846154;0.825706;0.826031;0.780369;0.860735;0.687075;0.904348;0.807809;20;0.2;0.5;4
data/marije_0.dat;0.927363;0.915769;0.847166;0.785425;0.86772;0.914201;0.896761;0.888105;0.880314;20;0.2;0.5;4
data/dan_0.dat;0.908113;0.85548;0.851456;0.542595;0.911736;0.953623;0.914811;0.932287;0.858763;20;0.2;0.6;4
data/jan_0.dat;0.915861;0.878613;0.870497;0.908505;0.85092;0.930368;0.914811;0.932302;0.900234;20;0.2;0.6;4
data/lien_0.dat;0.856867;0.909091;0.95648;0.943079;0.819593;0.909709;0.907946;0.937924;0.905086;20;0.2;0.6;4
data/maki_0.dat;0.905642;0.909884;0.869439;0.91366;0.893411;0.933269;0.862136;0.892233;0.897459;20;0.2;0.6;4
data/marco_0.dat;0.895813;0.960591;0.921512;0.8722;0.866732;0.892128;0.904;0.928854;0.905229;20;0.2;0.6;4
data/nico_0.dat;0.880424;0.904762;0.906099;0.823834;0.841594;0.879495;0.919574;0.941346;0.887141;20;0.2;0.6;4
data/suzanne_0.dat;0.881897;0.910433;0.897716;0.909794;0.884241;0.942157;0.920588;0.943853;0.911335;20;0.2;0.6;4
data/mirjam_0.dat;0.7311;0.848101;0.809153;0.789948;0.789116;0.850097;0.673469;0.89372;0.798088;20;0.2;0.6;4
data/marije_0.dat;0.924378;0.919687;0.839069;0.774629;0.869694;0.915187;0.888664;0.878024;0.876166;20;0.2;0.6;4
data/dan_0.dat;0.911046;0.85742;0.853398;0.53211;0.909796;0.954589;0.915779;0.933268;0.858426;20;0.2;0.7;4
data/jan_0.dat;0.919729;0.88343;0.872444;0.909794;0.859632;0.925532;0.918683;0.93617;0.903177;20;0.2;0.7;4
data/lien_0.dat;0.858801;0.911025;0.958414;0.943079;0.822502;0.91165;0.910853;0.936954;0.90666;20;0.2;0.7;4
data/maki_0.dat;0.907588;0.91376;0.873308;0.921392;0.89438;0.935203;0.862136;0.890291;0.899757;20;0.2;0.7;4
data/marco_0.dat;0.898734;0.960591;0.92345;0.876153;0.870681;0.8931;0.903;0.93083;0.907067;20;0.2;0.7;4
data/nico_0.dat;0.880424;0.907677;0.908035;0.829016;0.843537;0.880466;0.920543;0.942308;0.889001;20;0.2;0.7;4
data/suzanne_0.dat;0.881897;0.911417;0.902681;0.91366;0.881323;0.944118;0.931373;0.948693;0.914395;20;0.2;0.7;4
data/mirjam_0.dat;0.72823;0.843233;0.798442;0.761598;0.791059;0.844294;0.652089;0.889855;0.7886;20;0.2;0.7;4
data/marije_0.dat;0.922388;0.919687;0.828947;0.775978;0.871668;0.91716;0.883603;0.863911;0.872918;20;0.2;0.7;4
data/dan_0.dat;0.913979;0.85936;0.854369;0.534731;0.906887;0.954589;0.915779;0.934249;0.859243;20;0.2;0.8;4
data/jan_0.dat;0.920696;0.88343;0.872444;0.912371;0.859632;0.924565;0.927396;0.937137;0.904709;20;0.2;0.8;4
data/lien_0.dat;0.858801;0.913926;0.95648;0.940492;0.824442;0.912621;0.911822;0.936954;0.906942;20;0.2;0.8;4
data/maki_0.dat;0.910506;0.916667;0.871373;0.927835;0.896318;0.938104;0.863107;0.890291;0.901775;20;0.2;0.8;4
data/marco_0.dat;0.89776;0.960591;0.925388;0.88274;0.879566;0.896016;0.904;0.934783;0.910105;20;0.2;0.8;4
data/nico_0.dat;0.883317;0.909621;0.909971;0.831606;0.842566;0.881438;0.925388;0.941346;0.890657;20;0.2;0.8;4
data/suzanne_0.dat;0.88577;0.917323;0.90566;0.917526;0.884241;0.945098;0.932353;0.949661;0.917204;20;0.2;0.8;4
data/mirjam_0.dat;0.7311;0.842259;0.785784;0.757732;0.794947;0.841393;0.649174;0.886957;0.786168;20;0.2;0.8;4
data/marije_0.dat;0.921393;0.919687;0.823887;0.77193;0.872655;0.913215;0.882591;0.859879;0.870655;20;0.2;0.8;4
data/dan_0.dat;0.914956;0.86421;0.85534;0.536042;0.906887;0.956522;0.915779;0.937193;0.860866;20;0.2;0.9;4
data/jan_0.dat;0.921663;0.882466;0.87147;0.911082;0.861568;0.924565;0.932236;0.941006;0.905757;20;0.2;0.9;4
data/lien_0.dat;0.859768;0.914894;0.95648;0.941785;0.831232;0.914563;0.910853;0.935015;0.908074;20;0.2;0.9;4
data/maki_0.dat;0.90856;0.915698;0.876209;0.930412;0.896318;0.940039;0.867961;0.890291;0.903186;20;0.2;0.9;4
data/marco_0.dat;0.899708;0.962562;0.925388;0.885375;0.879566;0.896987;0.906;0.935771;0.91142;20;0.2;0.9;4
data/nico_0.dat;0.885246;0.910593;0.914811;0.834197;0.843537;0.883382;0.928295;0.942308;0.892796;20;0.2;0.9;4
data/suzanne_0.dat;0.888674;0.920276;0.910626;0.918814;0.882296;0.946078;0.934314;0.951597;0.919084;20;0.2;0.9;4
data/mirjam_0.dat;0.729187;0.82668;0.77702;0.752577;0.799806;0.831721;0.63654;0.884058;0.779699;20;0.2;0.9;4
data/marije_0.dat;0.918408;0.921645;0.823887;0.77058;0.86081;0.912229;0.881579;0.856855;0.868249;20;0.2;0.9;4
data/dan_0.dat;0.913979;0.868089;0.856311;0.537353;0.904947;0.957488;0.914811;0.939156;0.861517;20;0.2;1;4
data/jan_0.dat;0.924565;0.881503;0.867575;0.912371;0.863504;0.925532;0.93514;0.941973;0.90652;20;0.2;1;4
data/lien_0.dat;0.861702;0.914894;0.951644;0.941785;0.834142;0.915534;0.910853;0.931135;0.907711;20;0.2;1;4
data/maki_0.dat;0.90856;0.917636;0.876209;0.935567;0.899225;0.941006;0.867961;0.891262;0.904678;20;0.2;1;4
data/marco_0.dat;0.899708;0.963547;0.926357;0.885375;0.882527;0.896016;0.906;0.935771;0.911913;20;0.2;1;4
data/nico_0.dat;0.885246;0.912536;0.915779;0.836788;0.846453;0.885326;0.928295;0.941346;0.893971;20;0.2;1;4
data/suzanne_0.dat;0.89061;0.92126;0.914598;0.92268;0.881323;0.948039;0.935294;0.951597;0.920675;20;0.2;1;4
data/mirjam_0.dat;0.726316;0.822785;0.775073;0.75;0.799806;0.820116;0.623907;0.884058;0.775258;20;0.2;1;4
data/marije_0.dat;0.918408;0.922625;0.822874;0.77193;0.852912;0.912229;0.881579;0.853831;0.867048;20;0.2;1;4
data/dan_0.dat;0.847758;0.798345;0.856846;0.703911;0.933747;0.916495;0.883385;0.868201;0.851086;20;0.2;0.1;5
data/jan_0.dat;0.833849;0.818088;0.865005;0.858516;0.821281;0.816305;0.842975;0.805986;0.832751;20;0.2;0.1;5
data/lien_0.dat;0.860681;0.850361;0.913313;0.864641;0.789038;0.824017;0.859504;0.893485;0.85688;20;0.2;0.1;5
data/maki_0.dat;0.883817;0.876033;0.869969;0.910591;0.882231;0.911249;0.838342;0.910881;0.885389;20;0.2;0.1;5
data/marco_0.dat;0.875389;0.857143;0.907025;0.823034;0.845992;0.852697;0.892324;0.860906;0.864314;20;0.2;0.1;5
data/nico_0.dat;0.86742;0.865285;0.888545;0.801105;0.838342;0.86114;0.862603;0.894359;0.85985;20;0.2;0.1;5
data/suzanne_0.dat;0.854339;0.843487;0.791314;0.848901;0.825726;0.894351;0.844142;0.884417;0.848335;20;0.2;0.1;5
data/mirjam_0.dat;0.777324;0.829699;0.795431;0.844567;0.791494;0.890722;0.8;0.920619;0.831232;20;0.2;0.1;5
data/marije_0.dat;0.901274;0.822176;0.85329;0.840517;0.827187;0.898947;0.941748;0.878625;0.87047;20;0.2;0.1;5
data/dan_0.dat;0.894682;0.824199;0.849585;0.657821;0.94824;0.948454;0.904025;0.914226;0.867654;20;0.2;0.2;5
data/jan_0.dat;0.919505;0.862282;0.88785;0.89011;0.862603;0.917441;0.884298;0.889577;0.889208;20;0.2;0.2;5
data/lien_0.dat;0.868937;0.910217;0.959752;0.918508;0.820062;0.876812;0.910124;0.940021;0.900554;20;0.2;0.2;5
data/maki_0.dat;0.91805;0.91219;0.888545;0.924347;0.909091;0.928793;0.856995;0.939896;0.909738;20;0.2;0.2;5
data/marco_0.dat;0.902388;0.942227;0.921488;0.894663;0.847046;0.89834;0.923241;0.907271;0.904583;20;0.2;0.2;5
data/nico_0.dat;0.896197;0.895337;0.907121;0.819061;0.866321;0.876684;0.899793;0.945641;0.888269;20;0.2;0.2;5
data/suzanne_0.dat;0.885331;0.887605;0.840042;0.892857;0.879668;0.927824;0.89749;0.936016;0.893354;20;0.2;0.2;5
data/mirjam_0.dat;0.806946;0.855659;0.836968;0.876204;0.789419;0.914433;0.788601;0.926804;0.849379;20;0.2;0.2;5
data/marije_0.dat;0.933121;0.884937;0.848975;0.817529;0.860906;0.92;0.926645;0.929109;0.890153;20;0.2;0.2;5
data/dan_0.dat;0.917623;0.849018;0.849585;0.635475;0.953416;0.956701;0.918473;0.937239;0.877191;20;0.2;0.3;5
data/jan_0.dat;0.933953;0.893114;0.893043;0.906593;0.872934;0.934985;0.90186;0.921569;0.907256;20;0.2;0.3;5
data/lien_0.dat;0.884417;0.918473;0.964912;0.936464;0.838676;0.89648;0.915289;0.943123;0.912229;20;0.2;0.3;5
data/maki_0.dat;0.921162;0.92562;0.884417;0.938102;0.91219;0.934985;0.862176;0.927461;0.913264;20;0.2;0.3;5
data/marco_0.dat;0.909657;0.955882;0.923554;0.905899;0.862869;0.897303;0.915778;0.928346;0.912411;20;0.2;0.3;5
data/nico_0.dat;0.901336;0.906736;0.915377;0.835635;0.867357;0.876684;0.921488;0.952821;0.897179;20;0.2;0.3;5
data/suzanne_0.dat;0.893595;0.921219;0.877119;0.907967;0.893154;0.944561;0.915272;0.95872;0.913951;20;0.2;0.3;5
data/mirjam_0.dat;0.78141;0.871236;0.857736;0.870701;0.782158;0.905155;0.721244;0.919588;0.838653;20;0.2;0.3;5
data/marije_0.dat;0.933121;0.90795;0.859763;0.806035;0.880927;0.92;0.9137;0.932331;0.894228;20;0.2;0.3;5
data/dan_0.dat;0.922836;0.857291;0.859959;0.622905;0.956522;0.961856;0.923633;0.943515;0.881064;20;0.2;0.4;5
data/jan_0.dat;0.940144;0.893114;0.890966;0.917582;0.868802;0.941176;0.927686;0.933953;0.914178;20;0.2;0.4;5
data/lien_0.dat;0.889577;0.927761;0.966976;0.94337;0.841779;0.903727;0.919421;0.945191;0.917225;20;0.2;0.4;5
data/maki_0.dat;0.921162;0.930785;0.883385;0.943604;0.914256;0.93808;0.866321;0.919171;0.914595;20;0.2;0.4;5
data/marco_0.dat;0.911734;0.960084;0.927686;0.907303;0.868143;0.89834;0.907249;0.933614;0.914269;20;0.2;0.4;5
data/nico_0.dat;0.906475;0.917098;0.921569;0.854972;0.872539;0.881865;0.92562;0.953846;0.904248;20;0.2;0.4;5
data/suzanne_0.dat;0.896694;0.936975;0.902542;0.917582;0.899378;0.951883;0.924686;0.96388;0.924203;20;0.2;0.4;5
data/mirjam_0.dat;0.774259;0.878505;0.858775;0.855571;0.774896;0.892784;0.690155;0.920619;0.830695;20;0.2;0.4;5
data/marije_0.dat;0.934183;0.924686;0.865156;0.804598;0.88725;0.921053;0.895361;0.911923;0.893026;20;0.2;0.4;5
data/dan_0.dat;0.923879;0.866598;0.863071;0.592179;0.958592;0.962887;0.927761;0.946653;0.880202;20;0.2;0.5;5
data/jan_0.dat;0.945304;0.892086;0.888889;0.921703;0.867769;0.947368;0.942149;0.941176;0.918306;20;0.2;0.5;5
data/lien_0.dat;0.888545;0.930857;0.966976;0.925414;0.850052;0.908903;0.920455;0.945191;0.917049;20;0.2;0.5;5
data/maki_0.dat;0.920124;0.933884;0.881321;0.949106;0.91219;0.93808;0.865285;0.917098;0.914636;20;0.2;0.5;5
data/marco_0.dat;0.909657;0.966387;0.931818;0.907303;0.879747;0.900415;0.906183;0.939937;0.917681;20;0.2;0.5;5
data/nico_0.dat;0.910586;0.918135;0.925697;0.856354;0.879793;0.88601;0.929752;0.950769;0.907137;20;0.2;0.5;5
data/suzanne_0.dat;0.899793;0.940126;0.918432;0.923077;0.893154;0.959205;0.929916;0.966976;0.928835;20;0.2;0.5;5
data/mirjam_0.dat;0.765066;0.874351;0.851506;0.82531;0.780083;0.881443;0.667358;0.915464;0.820073;20;0.2;0.5;5
data/marije_0.dat;0.92569;0.929916;0.865156;0.797414;0.891465;0.924211;0.894283;0.901182;0.891165;20;0.2;0.5;5
data/dan_0.dat;0.927007;0.870734;0.866183;0.574022;0.959627;0.963918;0.928793;0.948745;0.879879;20;0.2;0.6;5
data/jan_0.dat;0.945304;0.894142;0.890966;0.921703;0.865702;0.947368;0.948347;0.945304;0.919855;20;0.2;0.6;5
data/lien_0.dat;0.889577;0.932921;0.965944;0.922652;0.85212;0.913043;0.920455;0.946225;0.917867;20;0.2;0.6;5
data/maki_0.dat;0.921162;0.93595;0.883385;0.954608;0.917355;0.939112;0.864249;0.912953;0.916097;20;0.2;0.6;5
data/marco_0.dat;0.909657;0.965336;0.933884;0.905899;0.886076;0.90249;0.907249;0.943098;0.919211;20;0.2;0.6;5
data/nico_0.dat;0.912641;0.92228;0.929825;0.857735;0.87772;0.888083;0.932851;0.949744;0.90886;20;0.2;0.6;5
data/suzanne_0.dat;0.90186;0.941176;0.933263;0.923077;0.894191;0.962343;0.940377;0.970072;0.933295;20;0.2;0.6;5
data/mirjam_0.dat;0.762002;0.872274;0.831776;0.790922;0.786307;0.869072;0.650777;0.908247;0.808922;20;0.2;0.6;5
data/marije_0.dat;0.923567;0.932008;0.855448;0.783046;0.89568;0.923158;0.891046;0.891514;0.886933;20;0.2;0.6;5
data/dan_0.dat;0.927007;0.881076;0.864108;0.558659;0.957557;0.964948;0.927761;0.950837;0.878994;20;0.2;0.7;5
data/jan_0.dat;0.949432;0.900308;0.889927;0.927198;0.869835;0.942208;0.950413;0.947368;0.922086;20;0.2;0.7;5
data/lien_0.dat;0.890609;0.933953;0.968008;0.922652;0.856256;0.915114;0.922521;0.944157;0.919159;20;0.2;0.7;5
data/maki_0.dat;0.920124;0.93595;0.884417;0.96011;0.918388;0.941176;0.864249;0.911917;0.917042;20;0.2;0.7;5
data/marco_0.dat;0.915888;0.970588;0.934917;0.908708;0.888186;0.90249;0.908316;0.946259;0.921919;20;0.2;0.7;5
data/nico_0.dat;0.912641;0.923316;0.933953;0.860497;0.874611;0.890155;0.93595;0.950769;0.910237;20;0.2;0.7;5
data/suzanne_0.dat;0.904959;0.942227;0.941737;0.925824;0.894191;0.963389;0.943515;0.972136;0.935997;20;0.2;0.7;5
data/mirjam_0.dat;0.759959;0.869159;0.813084;0.756534;0.789419;0.863918;0.631088;0.906186;0.798668;20;0.2;0.7;5
data/marije_0.dat;0.920382;0.937239;0.845739;0.780172;0.897787;0.925263;0.88781;0.883996;0.884798;20;0.2;0.7;5
data/dan_0.dat;0.930136;0.885212;0.865145;0.557263;0.955487;0.96701;0.926729;0.952929;0.879989;20;0.2;0.8;5
data/jan_0.dat;0.949432;0.902364;0.892004;0.928571;0.868802;0.941176;0.951446;0.949432;0.922904;20;0.2;0.8;5
data/lien_0.dat;0.891641;0.932921;0.968008;0.929558;0.857291;0.912008;0.923554;0.945191;0.920021;20;0.2;0.8;5
data/maki_0.dat;0.921162;0.938017;0.884417;0.962861;0.920455;0.94324;0.860104;0.910881;0.917642;20;0.2;0.8;5
data/marco_0.dat;0.914849;0.969538;0.938017;0.908708;0.902954;0.903527;0.908316;0.946259;0.924021;20;0.2;0.8;5
data/nico_0.dat;0.914697;0.925389;0.936016;0.861878;0.871503;0.891192;0.93905;0.950769;0.911312;20;0.2;0.8;5
data/suzanne_0.dat;0.909091;0.942227;0.943856;0.938187;0.895228;0.966527;0.945607;0.972136;0.939107;20;0.2;0.8;5
data/mirjam_0.dat;0.759959;0.867082;0.801661;0.756534;0.791494;0.864948;0.625907;0.906186;0.796721;20;0.2;0.8;5
data/marije_0.dat;0.914013;0.937239;0.840345;0.778736;0.896733;0.926316;0.884574;0.875403;0.88167;20;0.2;0.8;5
data/dan_0.dat;0.931178;0.888314;0.866183;0.555866;0.953416;0.968041;0.927761;0.953975;0.880592;20;0.2;0.9;5
data/jan_0.dat;0.951496;0.902364;0.894081;0.929945;0.871901;0.940144;0.953512;0.950464;0.924239;20;0.2;0.9;5
data/lien_0.dat;0.892673;0.933953;0.965944;0.930939;0.860393;0.915114;0.924587;0.942089;0.920711;20;0.2;0.9;5
data/maki_0.dat;0.921162;0.93905;0.887513;0.961486;0.921488;0.944272;0.864249;0.909845;0.918633;20;0.2;0.9;5
data/marco_0.dat;0.914849;0.969538;0.940083;0.911517;0.901899;0.905602;0.907249;0.948367;0.924888;20;0.2;0.9;5
data/nico_0.dat;0.915725;0.927461;0.936016;0.864641;0.873575;0.893264;0.940083;0.951795;0.91282;20;0.2;0.9;5
data/suzanne_0.dat;0.910124;0.943277;0.944915;0.93956;0.895228;0.966527;0.945607;0.973168;0.939801;20;0.2;0.9;5
data/mirjam_0.dat;0.756895;0.852544;0.7892;0.751032;0.794606;0.854639;0.613472;0.905155;0.789693;20;0.2;0.9;5
data/marije_0.dat;0.914013;0.938285;0.839266;0.778736;0.885142;0.923158;0.883495;0.870032;0.879016;20;0.2;0.9;5
data/dan_0.dat;0.930136;0.892451;0.866183;0.553073;0.951346;0.969072;0.927761;0.956067;0.880761;20;0.2;1;5
data/jan_0.dat;0.952528;0.898253;0.896158;0.931319;0.875;0.939112;0.953512;0.952528;0.924801;20;0.2;1;5
data/lien_0.dat;0.892673;0.933953;0.961816;0.93232;0.859359;0.918219;0.923554;0.937952;0.919981;20;0.2;1;5
data/maki_0.dat;0.921162;0.93905;0.887513;0.962861;0.921488;0.945304;0.865285;0.911917;0.919322;20;0.2;1;5
data/marco_0.dat;0.916926;0.971639;0.940083;0.911517;0.905063;0.905602;0.909382;0.948367;0.926072;20;0.2;1;5
data/nico_0.dat;0.915725;0.928497;0.936016;0.866022;0.872539;0.894301;0.941116;0.951795;0.913251;20;0.2;1;5
data/suzanne_0.dat;0.911157;0.944328;0.944915;0.942308;0.896266;0.968619;0.946653;0.973168;0.940927;20;0.2;1;5
data/mirjam_0.dat;0.752809;0.846314;0.787124;0.742779;0.793568;0.842268;0.603109;0.904124;0.784012;20;0.2;1;5
data/marije_0.dat;0.912951;0.941423;0.837109;0.775862;0.876712;0.923158;0.882416;0.864662;0.876787;20;0.2;1;5
data/dan_0.dat;0.901042;0.838292;0.861219;0.750436;0.948187;0.926546;0.944516;0.89295;0.882899;20;0.2;0.1;6
data/jan_0.dat;0.870968;0.83697;0.890909;0.87307;0.847545;0.864516;0.872258;0.823226;0.859933;20;0.2;0.1;6
data/lien_0.dat;0.872423;0.890323;0.930323;0.894646;0.831824;0.858808;0.892765;0.909561;0.885084;20;0.2;0.1;6
data/maki_0.dat;0.914397;0.901809;0.892903;0.908935;0.909561;0.941935;0.856218;0.913212;0.904871;20;0.2;0.1;6
data/marco_0.dat;0.88961;0.893701;0.913437;0.854386;0.868074;0.858625;0.910667;0.895778;0.885535;20;0.2;0.1;6
data/nico_0.dat;0.901028;0.869001;0.901935;0.810017;0.86658;0.837873;0.861757;0.921795;0.871248;20;0.2;0.1;6
data/suzanne_0.dat;0.886305;0.868594;0.834217;0.867698;0.863813;0.900393;0.866492;0.906977;0.874311;20;0.2;0.1;6
data/mirjam_0.dat;0.782886;0.848052;0.827497;0.871134;0.861219;0.909794;0.82772;0.904639;0.854118;20;0.2;0.1;6
data/marije_0.dat;0.928287;0.858824;0.8583;0.879713;0.878628;0.918314;0.979812;0.907383;0.901157;20;0.2;0.1;6
data/dan_0.dat;0.929688;0.865459;0.845655;0.703316;0.958549;0.956186;0.96;0.946475;0.895666;20;0.2;0.2;6
data/jan_0.dat;0.938065;0.902439;0.893506;0.900515;0.855297;0.938065;0.922581;0.904516;0.906873;20;0.2;0.2;6
data/lien_0.dat;0.887887;0.92129;0.95871;0.944732;0.83053;0.897668;0.909561;0.928941;0.909915;20;0.2;0.2;6
data/maki_0.dat;0.935149;0.928941;0.889032;0.93299;0.931525;0.953548;0.888601;0.944301;0.925511;20;0.2;0.2;6
data/marco_0.dat;0.924675;0.955381;0.926357;0.915789;0.862797;0.901427;0.934667;0.922164;0.917907;20;0.2;0.2;6
data/nico_0.dat;0.920308;0.920882;0.908387;0.818653;0.839378;0.863813;0.916021;0.955128;0.892821;20;0.2;0.2;6
data/suzanne_0.dat;0.916021;0.9159;0.867374;0.905498;0.911803;0.938401;0.912304;0.953488;0.915099;20;0.2;0.2;6
data/mirjam_0.dat;0.814815;0.866234;0.856031;0.859107;0.833982;0.918814;0.82772;0.925258;0.862745;20;0.2;0.2;6
data/marije_0.dat;0.960159;0.909804;0.88664;0.820467;0.905013;0.927536;0.94751;0.932886;0.911252;20;0.2;0.2;6
data/dan_0.dat;0.94401;0.887451;0.85214;0.636998;0.96114;0.963918;0.96129;0.951697;0.894831;20;0.2;0.3;6
data/jan_0.dat;0.948387;0.910141;0.894805;0.919383;0.866925;0.953548;0.935484;0.935484;0.92052;20;0.2;0.3;6
data/lien_0.dat;0.907216;0.930323;0.96129;0.974093;0.844761;0.915803;0.913437;0.94832;0.924405;20;0.2;0.3;6
data/maki_0.dat;0.936446;0.937984;0.885161;0.943299;0.927649;0.95871;0.900259;0.937824;0.928417;20;0.2;0.3;6
data/marco_0.dat;0.933766;0.965879;0.943152;0.914035;0.878628;0.898833;0.92;0.941953;0.924531;20;0.2;0.3;6
data/nico_0.dat;0.926735;0.927367;0.917419;0.841105;0.845855;0.867704;0.930233;0.95641;0.901604;20;0.2;0.3;6
data/suzanne_0.dat;0.922481;0.925099;0.884615;0.915808;0.9131;0.954128;0.937173;0.959948;0.926544;20;0.2;0.3;6
data/mirjam_0.dat;0.791826;0.87013;0.88716;0.841924;0.815824;0.895619;0.753886;0.926546;0.847864;20;0.2;0.3;6
data/marije_0.dat;0.958831;0.926797;0.897436;0.815081;0.911609;0.926219;0.930013;0.932886;0.912359;20;0.2;0.3;6
data/dan_0.dat;0.945312;0.895213;0.849546;0.602094;0.965026;0.965206;0.966452;0.955614;0.893058;20;0.2;0.4;6
data/jan_0.dat;0.953548;0.908858;0.898701;0.924528;0.865633;0.953548;0.945806;0.948387;0.924876;20;0.2;0.4;6
data/lien_0.dat;0.921392;0.934194;0.956129;0.981002;0.848642;0.926166;0.914729;0.950904;0.929145;20;0.2;0.4;6
data/maki_0.dat;0.936446;0.943152;0.887742;0.950172;0.928941;0.96129;0.90285;0.92487;0.929433;20;0.2;0.4;6
data/marco_0.dat;0.936364;0.967192;0.94832;0.921053;0.891821;0.897536;0.910667;0.944591;0.927193;20;0.2;0.4;6
data/nico_0.dat;0.931877;0.932555;0.923871;0.858377;0.849741;0.869001;0.932817;0.95641;0.906831;20;0.2;0.4;6
data/suzanne_0.dat;0.930233;0.927727;0.908488;0.929553;0.907912;0.95806;0.941099;0.957364;0.932555;20;0.2;0.4;6
data/mirjam_0.dat;0.782886;0.877922;0.891051;0.828179;0.805447;0.889175;0.712435;0.926546;0.839205;20;0.2;0.4;6
data/marije_0.dat;0.953519;0.938562;0.900135;0.815081;0.91029;0.926219;0.9179;0.916779;0.909811;20;0.2;0.4;6
data/dan_0.dat;0.946615;0.901682;0.850843;0.584642;0.966321;0.970361;0.967742;0.958225;0.893304;20;0.2;0.5;6
data/jan_0.dat;0.956129;0.910141;0.9;0.929674;0.863049;0.952258;0.945806;0.950968;0.926003;20;0.2;0.5;6
data/lien_0.dat;0.92268;0.939355;0.954839;0.979275;0.853816;0.935233;0.916021;0.94832;0.931192;20;0.2;0.5;6
data/maki_0.dat;0.933852;0.947028;0.886452;0.957045;0.932817;0.963871;0.90285;0.92487;0.931098;20;0.2;0.5;6
data/marco_0.dat;0.931169;0.971129;0.949612;0.921053;0.901055;0.901427;0.904;0.94591;0.928169;20;0.2;0.5;6
data/nico_0.dat;0.933162;0.931258;0.927742;0.863558;0.856218;0.871595;0.936693;0.95641;0.909579;20;0.2;0.5;6
data/suzanne_0.dat;0.928941;0.931669;0.928382;0.93299;0.906615;0.959371;0.948953;0.956072;0.936624;20;0.2;0.5;6
data/mirjam_0.dat;0.776501;0.879221;0.883268;0.804124;0.805447;0.882732;0.685233;0.920103;0.829579;20;0.2;0.5;6
data/marije_0.dat;0.945551;0.942484;0.897436;0.809695;0.907652;0.927536;0.9179;0.910067;0.90729;20;0.2;0.5;6
data/dan_0.dat;0.949219;0.90815;0.850843;0.570681;0.968912;0.970361;0.967742;0.958225;0.893017;20;0.2;0.6;6
data/jan_0.dat;0.957419;0.908858;0.902597;0.929674;0.863049;0.953548;0.949677;0.953548;0.927296;20;0.2;0.6;6
data/lien_0.dat;0.923969;0.941935;0.953548;0.977547;0.853816;0.936529;0.914729;0.944444;0.930815;20;0.2;0.6;6
data/maki_0.dat;0.935149;0.94832;0.883871;0.960481;0.934109;0.962581;0.898964;0.917098;0.930072;20;0.2;0.6;6
data/marco_0.dat;0.931169;0.972441;0.949612;0.915789;0.903694;0.901427;0.901333;0.94723;0.927837;20;0.2;0.6;6
data/nico_0.dat;0.937018;0.933852;0.929032;0.863558;0.857513;0.872892;0.939276;0.957692;0.911354;20;0.2;0.6;6
data/suzanne_0.dat;0.931525;0.932983;0.929708;0.934708;0.905318;0.961992;0.95288;0.957364;0.93831;20;0.2;0.6;6
data/mirjam_0.dat;0.772669;0.881818;0.862516;0.766323;0.801556;0.878866;0.661917;0.909794;0.816933;20;0.2;0.6;6
data/marije_0.dat;0.940239;0.942484;0.88529;0.798923;0.908971;0.927536;0.913863;0.902013;0.902415;20;0.2;0.6;6
data/dan_0.dat;0.949219;0.913325;0.849546;0.549738;0.968912;0.970361;0.967742;0.962141;0.891373;20;0.2;0.7;6
data/jan_0.dat;0.957419;0.912709;0.907792;0.931389;0.865633;0.947097;0.952258;0.954839;0.928642;20;0.2;0.7;6
data/lien_0.dat;0.923969;0.941935;0.954839;0.974093;0.85511;0.936529;0.917313;0.945736;0.931191;20;0.2;0.7;6
data/maki_0.dat;0.933852;0.94832;0.889032;0.967354;0.934109;0.95871;0.900259;0.915803;0.93093;20;0.2;0.7;6
data/marco_0.dat;0.932468;0.972441;0.950904;0.915789;0.906332;0.904021;0.905333;0.951187;0.92981;20;0.2;0.7;6
data/nico_0.dat;0.937018;0.933852;0.929032;0.867012;0.858808;0.875486;0.94186;0.957692;0.912595;20;0.2;0.7;6
data/suzanne_0.dat;0.934109;0.939553;0.938992;0.939863;0.904021;0.964613;0.956806;0.959948;0.942238;20;0.2;0.7;6
data/mirjam_0.dat;0.770115;0.879221;0.848249;0.733677;0.802853;0.876289;0.63601;0.905928;0.806543;20;0.2;0.7;6
data/marije_0.dat;0.936255;0.943791;0.870445;0.795332;0.911609;0.927536;0.904441;0.892617;0.897753;20;0.2;0.7;6
data/dan_0.dat;0.950521;0.918499;0.848249;0.553229;0.967617;0.972938;0.967742;0.962141;0.892617;20;0.2;0.8;6
data/jan_0.dat;0.95871;0.91656;0.916883;0.93482;0.866925;0.943226;0.952258;0.95871;0.931011;20;0.2;0.8;6
data/lien_0.dat;0.925258;0.943226;0.953548;0.968912;0.857697;0.937824;0.919897;0.945736;0.931512;20;0.2;0.8;6
data/maki_0.dat;0.935149;0.949612;0.889032;0.969072;0.934109;0.954839;0.898964;0.914508;0.930661;20;0.2;0.8;6
data/marco_0.dat;0.931169;0.973753;0.953488;0.919298;0.912929;0.904021;0.905333;0.952507;0.931562;20;0.2;0.8;6
data/nico_0.dat;0.938303;0.933852;0.930323;0.867012;0.858808;0.876783;0.945736;0.957692;0.913564;20;0.2;0.8;6
data/suzanne_0.dat;0.935401;0.944809;0.940318;0.945017;0.904021;0.965924;0.959424;0.959948;0.944358;20;0.2;0.8;6
data/mirjam_0.dat;0.771392;0.876623;0.833982;0.731959;0.801556;0.876289;0.629534;0.905928;0.803408;20;0.2;0.8;6
data/marije_0.dat;0.930943;0.946405;0.863698;0.793537;0.91029;0.926219;0.903096;0.891275;0.895683;20;0.2;0.8;6
data/dan_0.dat;0.950521;0.918499;0.848249;0.553229;0.968912;0.972938;0.969032;0.962141;0.89294;20;0.2;0.9;6
data/jan_0.dat;0.95871;0.91656;0.920779;0.936535;0.870801;0.943226;0.953548;0.95871;0.932359;20;0.2;0.9;6
data/lien_0.dat;0.925258;0.945806;0.953548;0.962003;0.858991;0.937824;0.917313;0.945736;0.93081;20;0.2;0.9;6
data/maki_0.dat;0.933852;0.950904;0.890323;0.965636;0.931525;0.950968;0.901554;0.914508;0.929909;20;0.2;0.9;6
data/marco_0.dat;0.932468;0.971129;0.953488;0.919298;0.908971;0.904021;0.905333;0.952507;0.930902;20;0.2;0.9;6
data/nico_0.dat;0.939589;0.936446;0.929032;0.870466;0.860104;0.87808;0.947028;0.957692;0.914805;20;0.2;0.9;6
data/suzanne_0.dat;0.935401;0.946124;0.942971;0.95189;0.904021;0.965924;0.958115;0.959948;0.945549;20;0.2;0.9;6
data/mirjam_0.dat;0.768838;0.857143;0.822309;0.731959;0.806745;0.863402;0.61658;0.904639;0.796452;20;0.2;0.9;6
data/marije_0.dat;0.929615;0.947712;0.860999;0.795332;0.897098;0.926219;0.90175;0.888591;0.893414;20;0.2;0.9;6
data/dan_0.dat;0.950521;0.918499;0.849546;0.553229;0.970207;0.974227;0.969032;0.962141;0.893425;20;0.2;1;6
data/jan_0.dat;0.95871;0.912709;0.920779;0.941681;0.872093;0.943226;0.953548;0.95871;0.932682;20;0.2;1;6
data/lien_0.dat;0.925258;0.945806;0.950968;0.956822;0.861578;0.936529;0.917313;0.944444;0.92984;20;0.2;1;6
data/maki_0.dat;0.933852;0.950904;0.889032;0.969072;0.932817;0.950968;0.901554;0.914508;0.930339;20;0.2;1;6
data/marco_0.dat;0.935065;0.972441;0.953488;0.919298;0.907652;0.906615;0.906667;0.951187;0.931552;20;0.2;1;6
data/nico_0.dat;0.938303;0.936446;0.930323;0.870466;0.860104;0.879377;0.94832;0.960256;0.91545;20;0.2;1;6
data/suzanne_0.dat;0.936693;0.947438;0.944297;0.958763;0.905318;0.969856;0.959424;0.959948;0.947717;20;0.2;1;6
data/mirjam_0.dat;0.763729;0.851948;0.819715;0.725086;0.802853;0.849227;0.603627;0.904639;0.790103;20;0.2;1;6
data/marije_0.dat;0.925631;0.94902;0.859649;0.795332;0.889182;0.926219;0.899058;0.887248;0.891417;20;0.2;1;6
data/dan_0.dat;0.939732;0.858093;0.84;0.703593;0.96;0.94702;0.940265;0.912946;0.887706;20;0.2;0.1;7
data/jan_0.dat;0.882743;0.861233;0.904444;0.891176;0.862528;0.880531;0.909292;0.845133;0.879635;20;0.2;0.1;7
data/lien_0.dat;0.900442;0.89823;0.969027;0.91716;0.853659;0.828889;0.869469;0.924612;0.895186;20;0.2;0.1;7
data/maki_0.dat;0.931111;0.926991;0.880531;0.893805;0.884956;0.957965;0.855876;0.953333;0.910571;20;0.2;0.1;7
data/marco_0.dat;0.922049;0.900901;0.909091;0.858859;0.889391;0.875278;0.904328;0.891156;0.893882;20;0.2;0.1;7
data/nico_0.dat;0.931718;0.893333;0.942478;0.813609;0.831111;0.873333;0.873894;0.927473;0.885869;20;0.2;0.1;7
data/suzanne_0.dat;0.924444;0.898649;0.843537;0.870588;0.873333;0.908072;0.903587;0.915743;0.892244;20;0.2;0.1;7
data/mirjam_0.dat;0.794311;0.868597;0.842222;0.882006;0.875556;0.871965;0.864444;0.915929;0.864379;20;0.2;0.1;7
data/marije_0.dat;0.908884;0.88565;0.919169;0.87963;0.900227;0.92517;0.986143;0.90553;0.9138;20;0.2;0.1;7
data/dan_0.dat;0.941964;0.886918;0.811111;0.625749;0.966667;0.96468;0.964602;0.955357;0.889631;20;0.2;0.2;7
data/jan_0.dat;0.940265;0.933921;0.911111;0.929412;0.880266;0.938053;0.933628;0.933628;0.925036;20;0.2;0.2;7
data/lien_0.dat;0.909292;0.924779;0.988938;0.946746;0.86031;0.904444;0.896018;0.957871;0.92355;20;0.2;0.2;7
data/maki_0.dat;0.94;0.951327;0.867257;0.929204;0.918142;0.962389;0.882483;0.968889;0.927461;20;0.2;0.2;7
data/marco_0.dat;0.944321;0.963964;0.951219;0.90991;0.900677;0.893096;0.908884;0.931973;0.925506;20;0.2;0.2;7
data/nico_0.dat;0.951542;0.92;0.942478;0.852071;0.808889;0.833333;0.926991;0.949451;0.898094;20;0.2;0.2;7
data/suzanne_0.dat;0.946667;0.914414;0.877551;0.902941;0.891111;0.950673;0.926009;0.960089;0.921182;20;0.2;0.2;7
data/mirjam_0.dat;0.827133;0.875278;0.862222;0.846608;0.86;0.88521;0.844444;0.922566;0.865433;20;0.2;0.2;7
data/marije_0.dat;0.958998;0.919282;0.923788;0.854938;0.888889;0.922902;0.974596;0.921659;0.920632;20;0.2;0.2;7
data/dan_0.dat;0.946429;0.895787;0.802222;0.610778;0.968889;0.969095;0.971239;0.96875;0.891649;20;0.2;0.3;7
data/jan_0.dat;0.946903;0.938326;0.922222;0.938235;0.89357;0.962389;0.957965;0.946903;0.938314;20;0.2;0.3;7
data/lien_0.dat;0.933628;0.940265;0.993363;0.952663;0.86918;0.911111;0.900442;0.960089;0.932593;20;0.2;0.3;7
data/maki_0.dat;0.937778;0.955752;0.853982;0.952802;0.915929;0.966814;0.900222;0.975556;0.932354;20;0.2;0.3;7
data/marco_0.dat;0.951002;0.977477;0.953437;0.930931;0.89842;0.893096;0.890661;0.941043;0.929508;20;0.2;0.3;7
data/nico_0.dat;0.95815;0.922222;0.955752;0.87574;0.82;0.835556;0.933628;0.951648;0.906587;20;0.2;0.3;7
data/suzanne_0.dat;0.953333;0.939189;0.897959;0.911765;0.902222;0.966368;0.946188;0.966741;0.935471;20;0.2;0.3;7
data/mirjam_0.dat;0.794311;0.88196;0.886667;0.834808;0.848889;0.86755;0.768889;0.915929;0.849875;20;0.2;0.3;7
data/marije_0.dat;0.95672;0.934978;0.930716;0.851852;0.882086;0.907029;0.95843;0.926267;0.91851;20;0.2;0.3;7
data/dan_0.dat;0.948661;0.911308;0.793333;0.598802;0.971111;0.97351;0.969027;0.970982;0.892092;20;0.2;0.4;7
data/jan_0.dat;0.949115;0.927313;0.92;0.944118;0.904656;0.969027;0.977876;0.955752;0.943482;20;0.2;0.4;7
data/lien_0.dat;0.935841;0.95354;0.99115;0.961538;0.884701;0.913333;0.902655;0.962306;0.938133;20;0.2;0.4;7
data/maki_0.dat;0.935556;0.955752;0.847345;0.970501;0.918142;0.969027;0.913526;0.957778;0.933453;20;0.2;0.4;7
data/marco_0.dat;0.955457;0.981982;0.960089;0.933934;0.909707;0.884187;0.881549;0.947846;0.931844;20;0.2;0.4;7
data/nico_0.dat;0.962555;0.928889;0.962389;0.884615;0.824444;0.835556;0.935841;0.953846;0.911017;20;0.2;0.4;7
data/suzanne_0.dat;0.957778;0.943694;0.9161;0.917647;0.908889;0.96861;0.959641;0.968958;0.942665;20;0.2;0.4;7
data/mirjam_0.dat;0.785558;0.888641;0.913333;0.820059;0.837778;0.860927;0.735556;0.915929;0.844723;20;0.2;0.4;7
data/marije_0.dat;0.952164;0.94843;0.930716;0.848765;0.882086;0.907029;0.960739;0.919355;0.918661;20;0.2;0.4;7
data/dan_0.dat;0.948661;0.91796;0.793333;0.592814;0.975556;0.975717;0.969027;0.973214;0.893285;20;0.2;0.5;7
data/jan_0.dat;0.95354;0.922907;0.92;0.95;0.909091;0.969027;0.982301;0.960177;0.94588;20;0.2;0.5;7
data/lien_0.dat;0.929204;0.955752;0.99115;0.970414;0.889135;0.92;0.902655;0.946785;0.938137;20;0.2;0.5;7
data/maki_0.dat;0.928889;0.957965;0.838496;0.99115;0.918142;0.971239;0.91796;0.951111;0.934369;20;0.2;0.5;7
data/marco_0.dat;0.955457;0.984234;0.964523;0.933934;0.909707;0.88196;0.879271;0.950113;0.9324;20;0.2;0.5;7
data/nico_0.dat;0.962555;0.926667;0.962389;0.89645;0.826667;0.835556;0.940265;0.953846;0.913049;20;0.2;0.5;7
data/suzanne_0.dat;0.957778;0.943694;0.92517;0.917647;0.906667;0.970852;0.959641;0.962306;0.942969;20;0.2;0.5;7
data/mirjam_0.dat;0.778993;0.890869;0.917778;0.814159;0.846667;0.854305;0.702222;0.913717;0.839839;20;0.2;0.5;7
data/marije_0.dat;0.943052;0.952915;0.926097;0.83642;0.884354;0.909297;0.963049;0.917051;0.916529;20;0.2;0.5;7
data/dan_0.dat;0.950893;0.920177;0.793333;0.577844;0.975556;0.975717;0.969027;0.973214;0.89197;20;0.2;0.6;7
data/jan_0.dat;0.95354;0.920705;0.922222;0.952941;0.911308;0.973451;0.980088;0.966814;0.947634;20;0.2;0.6;7
data/lien_0.dat;0.929204;0.955752;0.988938;0.967456;0.886918;0.922222;0.902655;0.944568;0.937214;20;0.2;0.6;7
data/maki_0.dat;0.931111;0.960177;0.831858;0.99115;0.920354;0.971239;0.91796;0.942222;0.933259;20;0.2;0.6;7
data/marco_0.dat;0.957684;0.984234;0.964523;0.930931;0.911964;0.879733;0.876993;0.956916;0.932872;20;0.2;0.6;7
data/nico_0.dat;0.964758;0.928889;0.966814;0.893491;0.826667;0.837778;0.942478;0.956044;0.914615;20;0.2;0.6;7
data/suzanne_0.dat;0.957778;0.945946;0.936508;0.920588;0.906667;0.975336;0.957399;0.960089;0.945039;20;0.2;0.6;7
data/mirjam_0.dat;0.776805;0.899777;0.897778;0.781711;0.842222;0.852097;0.668889;0.915929;0.829401;20;0.2;0.6;7
data/marije_0.dat;0.938497;0.955157;0.916859;0.817901;0.886621;0.904762;0.963049;0.907834;0.911335;20;0.2;0.6;7
data/dan_0.dat;0.950893;0.920177;0.788889;0.565868;0.975556;0.975717;0.969027;0.975446;0.890197;20;0.2;0.7;7
data/jan_0.dat;0.95354;0.920705;0.924444;0.955882;0.911308;0.969027;0.980088;0.969027;0.948003;20;0.2;0.7;7
data/lien_0.dat;0.929204;0.955752;0.99115;0.967456;0.886918;0.926667;0.902655;0.944568;0.938046;20;0.2;0.7;7
data/maki_0.dat;0.928889;0.960177;0.836283;0.9941;0.922566;0.971239;0.915743;0.937778;0.933347;20;0.2;0.7;7
data/marco_0.dat;0.957684;0.988739;0.964523;0.933934;0.911964;0.88196;0.879271;0.956916;0.934374;20;0.2;0.7;7
data/nico_0.dat;0.964758;0.928889;0.966814;0.899408;0.826667;0.84;0.942478;0.956044;0.915632;20;0.2;0.7;7
data/suzanne_0.dat;0.957778;0.948198;0.947846;0.920588;0.911111;0.973094;0.959641;0.960089;0.947293;20;0.2;0.7;7
data/mirjam_0.dat;0.776805;0.904232;0.882222;0.761062;0.842222;0.847682;0.64;0.915929;0.821269;20;0.2;0.7;7
data/marije_0.dat;0.933941;0.955157;0.905312;0.811728;0.888889;0.907029;0.953811;0.90553;0.907675;20;0.2;0.7;7
data/dan_0.dat;0.950893;0.922395;0.786667;0.568862;0.977778;0.975717;0.969027;0.977679;0.891127;20;0.2;0.8;7
data/jan_0.dat;0.955752;0.918502;0.926667;0.964706;0.913526;0.964602;0.977876;0.969027;0.948832;20;0.2;0.8;7
data/lien_0.dat;0.929204;0.960177;0.99115;0.961538;0.884701;0.928889;0.904867;0.944568;0.938137;20;0.2;0.8;7
data/maki_0.dat;0.928889;0.960177;0.836283;0.9941;0.924779;0.975664;0.911308;0.935556;0.933344;20;0.2;0.8;7
data/marco_0.dat;0.955457;0.988739;0.964523;0.933934;0.916479;0.88196;0.879271;0.956916;0.93466;20;0.2;0.8;7
data/nico_0.dat;0.964758;0.928889;0.966814;0.902367;0.826667;0.842222;0.942478;0.956044;0.91628;20;0.2;0.8;7
data/suzanne_0.dat;0.96;0.948198;0.947846;0.920588;0.911111;0.973094;0.959641;0.957871;0.947294;20;0.2;0.8;7
data/mirjam_0.dat;0.776805;0.899777;0.871111;0.758112;0.84;0.847682;0.633333;0.915929;0.817844;20;0.2;0.8;7
data/marije_0.dat;0.929385;0.959641;0.896074;0.805556;0.888889;0.907029;0.946882;0.90553;0.904873;20;0.2;0.8;7
data/dan_0.dat;0.950893;0.924612;0.786667;0.568862;0.977778;0.977925;0.969027;0.975446;0.891401;20;0.2;0.9;7
data/jan_0.dat;0.955752;0.918502;0.926667;0.964706;0.913526;0.966814;0.977876;0.969027;0.949109;20;0.2;0.9;7
data/lien_0.dat;0.929204;0.960177;0.988938;0.946746;0.891353;0.931111;0.902655;0.944568;0.936844;20;0.2;0.9;7
data/maki_0.dat;0.926667;0.960177;0.838496;0.99705;0.926991;0.975664;0.913526;0.937778;0.934543;20;0.2;0.9;7
data/marco_0.dat;0.957684;0.986486;0.966741;0.933934;0.914221;0.88196;0.879271;0.959184;0.934935;20;0.2;0.9;7
data/nico_0.dat;0.96696;0.931111;0.966814;0.902367;0.828889;0.846667;0.94469;0.956044;0.917943;20;0.2;0.9;7
data/suzanne_0.dat;0.96;0.948198;0.950113;0.923529;0.913333;0.973094;0.961883;0.960089;0.94878;20;0.2;0.9;7
data/mirjam_0.dat;0.770241;0.879733;0.862222;0.761062;0.846667;0.834437;0.62;0.913717;0.81101;20;0.2;0.9;7
data/marije_0.dat;0.927107;0.959641;0.896074;0.805556;0.879819;0.907029;0.946882;0.903226;0.903167;20;0.2;0.9;7
data/dan_0.dat;0.950893;0.924612;0.788889;0.565868;0.977778;0.977925;0.971239;0.975446;0.891581;20;0.2;1;7
data/jan_0.dat;0.955752;0.9163;0.924444;0.964706;0.915743;0.966814;0.975664;0.969027;0.948556;20;0.2;1;7
data/lien_0.dat;0.929204;0.960177;0.984513;0.943787;0.891353;0.931111;0.902655;0.944568;0.935921;20;0.2;1;7
data/maki_0.dat;0.926667;0.960177;0.834071;0.9941;0.926991;0.975664;0.913526;0.937778;0.933622;20;0.2;1;7
data/marco_0.dat;0.957684;0.988739;0.966741;0.936937;0.914221;0.88196;0.879271;0.959184;0.935592;20;0.2;1;7
data/nico_0.dat;0.96696;0.931111;0.969027;0.905325;0.828889;0.848889;0.94469;0.958242;0.919142;20;0.2;1;7
data/suzanne_0.dat;0.96;0.95045;0.952381;0.923529;0.915556;0.973094;0.961883;0.962306;0.9499;20;0.2;1;7
data/mirjam_0.dat;0.765864;0.877506;0.857778;0.764012;0.842222;0.825607;0.606667;0.915929;0.806948;20;0.2;1;7
data/marije_0.dat;0.924829;0.959641;0.896074;0.805556;0.873016;0.907029;0.944573;0.903226;0.901743;20;0.2;1;7
